{
  "config": {
    "dataset": "M1_P1_5_mid",
    "data_dir": "data",
    "device": "cpu",
    "epochs": 1,
    "batch_size": 64,
    "lr": 0.001,
    "patience": 10,
    "hidden_dim": 128,
    "num_layers": 2,
    "dropout": 0.1,
    "n_folds": 0,
    "fold": null,
    "hyperopt": false,
    "hyperopt_trials": 50,
    "hyperopt_metric": "quadratic_weighted_kappa",
    "output_dir": null,
    "save_model": true,
    "save_results": true,
    "verbose": false,
    "debug": false,
    "seed": 42,
    "resume": null,
    "validate_only": false,
    "save_freq": 5,
    "datasets": null,
    "all": false,
    "exclude": [],
    "parallel": false,
    "max_workers": 4,
    "model": "ATTN-GPCM",
    "models": null,
    "loss": "factory",
    "no_cv": false,
    "cv": false,
    "adaptive": true,
    "no_adaptive": false,
    "adaptive_epochs": "5,15,40",
    "adaptive_arch": true,
    "adaptive_learning": true
  },
  "metrics": {
    "epoch": 1,
    "train_loss": 1.9403106955920948,
    "train_accuracy": 0.28321641196769176,
    "gradient_norm": 0.4864228192497702,
    "learning_rate": 0.001,
    "categorical_accuracy": 0.36352079693714456,
    "ordinal_accuracy": 0.7939263279188195,
    "quadratic_weighted_kappa": 0.5587462443986222,
    "mean_absolute_error": 0.9016466565067093,
    "kendall_tau": 0.4649695234039259,
    "spearman_correlation": 0.5578052883914166,
    "cohen_kappa": 0.19271548335494315,
    "cat_0_accuracy": 0.43372171048618313,
    "cat_1_accuracy": 0.36665494005899385,
    "cat_2_accuracy": 0.3055767470247177,
    "cat_3_accuracy": 0.35307670694015175,
    "cat_4_accuracy": 0.3292078015892126,
    "cat_0_precision": 0.5036302461483974,
    "cat_0_recall": 0.43372171048618313,
    "cat_0_f1": 0.4660690581930811,
    "cat_1_precision": 0.3615187576711671,
    "cat_1_recall": 0.36665494005899385,
    "cat_1_f1": 0.36406873480135965,
    "cat_2_precision": 0.2702857721245656,
    "cat_2_recall": 0.3055767470247177,
    "cat_2_f1": 0.2868498791513741,
    "cat_3_precision": 0.25744724441712763,
    "cat_3_recall": 0.35307670694015175,
    "cat_3_f1": 0.29777251184834125,
    "cat_4_precision": 0.46320639653069523,
    "cat_4_recall": 0.3292078015892126,
    "cat_4_f1": 0.3848774033724629,
    "cross_entropy": 1.4423652649037397,
    "best_epoch": 1,
    "total_epochs": 1,
    "parameters": 173218,
    "model_type": "EnhancedAttentionGPCM"
  },
  "training_history": [
    {
      "epoch": 1,
      "train_loss": 1.9403106955920948,
      "train_accuracy": 0.28321641196769176,
      "gradient_norm": 0.4864228192497702,
      "learning_rate": 0.001,
      "categorical_accuracy": 0.36352079693714456,
      "ordinal_accuracy": 0.7939263279188195,
      "quadratic_weighted_kappa": 0.5587462443986222,
      "mean_absolute_error": 0.9016466565067093,
      "kendall_tau": 0.4649695234039259,
      "spearman_correlation": 0.5578052883914166,
      "cohen_kappa": 0.19271548335494315,
      "cat_0_accuracy": 0.43372171048618313,
      "cat_1_accuracy": 0.36665494005899385,
      "cat_2_accuracy": 0.3055767470247177,
      "cat_3_accuracy": 0.35307670694015175,
      "cat_4_accuracy": 0.3292078015892126,
      "cat_0_precision": 0.5036302461483974,
      "cat_0_recall": 0.43372171048618313,
      "cat_0_f1": 0.4660690581930811,
      "cat_1_precision": 0.3615187576711671,
      "cat_1_recall": 0.36665494005899385,
      "cat_1_f1": 0.36406873480135965,
      "cat_2_precision": 0.2702857721245656,
      "cat_2_recall": 0.3055767470247177,
      "cat_2_f1": 0.2868498791513741,
      "cat_3_precision": 0.25744724441712763,
      "cat_3_recall": 0.35307670694015175,
      "cat_3_f1": 0.29777251184834125,
      "cat_4_precision": 0.46320639653069523,
      "cat_4_recall": 0.3292078015892126,
      "cat_4_f1": 0.3848774033724629,
      "cross_entropy": 1.4423652649037397
    }
  ],
  "timestamp": "2026-01-12T13:25:04.501352"
}