{
  "categorical_accuracy": 0.003291089216223847,
  "ordinal_accuracy": 0.025654343908577713,
  "quadratic_weighted_kappa": 0.05718352454141919
}