{
  "config": {
    "dataset": "synthetic_OC",
    "data_dir": "data",
    "device": "cuda",
    "epochs": 5,
    "batch_size": 64,
    "lr": 0.001,
    "patience": 10,
    "hidden_dim": 128,
    "num_layers": 2,
    "dropout": 0.1,
    "n_folds": 5,
    "fold": 5,
    "hyperopt": false,
    "hyperopt_trials": 50,
    "hyperopt_metric": "quadratic_weighted_kappa",
    "output_dir": null,
    "save_model": true,
    "save_results": true,
    "verbose": false,
    "debug": false,
    "seed": 42,
    "resume": null,
    "validate_only": false,
    "save_freq": 5,
    "datasets": null,
    "all": false,
    "exclude": [],
    "parallel": false,
    "max_workers": 4,
    "model": null,
    "models": [
      "deep_gpcm"
    ],
    "loss": "factory",
    "no_cv": false,
    "cv": false,
    "adaptive": true,
    "no_adaptive": false,
    "adaptive_epochs": "5,15,40",
    "adaptive_arch": true,
    "adaptive_learning": true
  },
  "metrics": {
    "epoch": 5,
    "train_loss": 1.0241828390530177,
    "train_accuracy": 0.5629753292524577,
    "gradient_norm": 0.11919472792318889,
    "learning_rate": 0.001,
    "categorical_accuracy": 0.5480043149946062,
    "ordinal_accuracy": 0.8737864077669902,
    "quadratic_weighted_kappa": 0.47751838495434873,
    "mean_absolute_error": 0.5782092772384034,
    "kendall_tau": 0.44136474084583777,
    "spearman_correlation": 0.48429346462272604,
    "cohen_kappa": 0.30882119164444277,
    "cat_0_accuracy": 0.6867145421903053,
    "cat_1_accuracy": 0.14938271604938272,
    "cat_2_accuracy": 0.7444574095682613,
    "cat_0_precision": 0.6364392678868552,
    "cat_0_recall": 0.6867145421903053,
    "cat_0_f1": 0.6606217616580311,
    "cat_1_precision": 0.35798816568047337,
    "cat_1_recall": 0.14938271604938272,
    "cat_1_f1": 0.21080139372822299,
    "cat_2_precision": 0.5141015310233682,
    "cat_2_recall": 0.7444574095682613,
    "cat_2_f1": 0.6081982840800763,
    "cross_entropy": 0.9467767807460958,
    "best_epoch": 5,
    "total_epochs": 5,
    "parameters": 201690,
    "model_type": "DeepGPCM"
  },
  "training_history": [
    {
      "epoch": 1,
      "train_loss": 1.3248989411762782,
      "train_accuracy": 0.33509552958634764,
      "gradient_norm": 0.3928703857319696,
      "learning_rate": 0.001,
      "categorical_accuracy": 0.41927364257461347,
      "ordinal_accuracy": 0.8381877022653722,
      "quadratic_weighted_kappa": 0.23006853004624161,
      "mean_absolute_error": 0.7425386551600144,
      "kendall_tau": 0.20623964816649035,
      "spearman_correlation": 0.23166473858037429,
      "cohen_kappa": 0.12309832480768479,
      "cat_0_accuracy": 0.49730700179533216,
      "cat_1_accuracy": 0.3160493827160494,
      "cat_2_accuracy": 0.41540256709451573,
      "cat_0_precision": 0.5281220209723546,
      "cat_0_recall": 0.49730700179533216,
      "cat_0_f1": 0.5122515025427646,
      "cat_1_precision": 0.2952710495963091,
      "cat_1_recall": 0.3160493827160494,
      "cat_1_f1": 0.3053070960047704,
      "cat_2_precision": 0.4115606936416185,
      "cat_2_recall": 0.41540256709451573,
      "cat_2_f1": 0.413472706155633,
      "cross_entropy": 1.0699157469308587
    },
    {
      "epoch": 2,
      "train_loss": 1.1565780469349451,
      "train_accuracy": 0.4595622333518828,
      "gradient_norm": 0.15591383618967875,
      "learning_rate": 0.001,
      "categorical_accuracy": 0.4919093851132686,
      "ordinal_accuracy": 0.864796835670622,
      "quadratic_weighted_kappa": 0.40536565338604824,
      "mean_absolute_error": 0.6432937792161093,
      "kendall_tau": 0.38068653946142983,
      "spearman_correlation": 0.4240699582897345,
      "cohen_kappa": 0.23655884731752008,
      "cat_0_accuracy": 0.5116696588868941,
      "cat_1_accuracy": 0.20493827160493827,
      "cat_2_accuracy": 0.7374562427071178,
      "cat_0_precision": 0.6375838926174496,
      "cat_0_recall": 0.5116696588868941,
      "cat_0_f1": 0.5677290836653387,
      "cat_1_precision": 0.29695885509839,
      "cat_1_recall": 0.20493827160493827,
      "cat_1_f1": 0.2425127830533236,
      "cat_2_precision": 0.4759036144578313,
      "cat_2_recall": 0.7374562427071178,
      "cat_2_f1": 0.5784897025171625,
      "cross_entropy": 1.0397580427209454
    },
    {
      "epoch": 3,
      "train_loss": 1.0786921296800887,
      "train_accuracy": 0.5193841587831571,
      "gradient_norm": 0.12373014326606478,
      "learning_rate": 0.001,
      "categorical_accuracy": 0.5354189140596908,
      "ordinal_accuracy": 0.8766630708378281,
      "quadratic_weighted_kappa": 0.4625363845583339,
      "mean_absolute_error": 0.5879180151024811,
      "kendall_tau": 0.42133855412187193,
      "spearman_correlation": 0.4653955389888752,
      "cohen_kappa": 0.28969070065769376,
      "cat_0_accuracy": 0.670556552962298,
      "cat_1_accuracy": 0.17407407407407408,
      "cat_2_accuracy": 0.7012835472578763,
      "cat_0_precision": 0.6153212520593081,
      "cat_0_recall": 0.670556552962298,
      "cat_0_f1": 0.6417525773195877,
      "cat_1_precision": 0.334916864608076,
      "cat_1_recall": 0.17407407407407408,
      "cat_1_f1": 0.22908204711616573,
      "cat_2_precision": 0.5244328097731239,
      "cat_2_recall": 0.7012835472578763,
      "cat_2_f1": 0.6000998502246631,
      "cross_entropy": 0.999334586880616
    },
    {
      "epoch": 4,
      "train_loss": 1.0488968236105782,
      "train_accuracy": 0.5503617139677239,
      "gradient_norm": 0.12375216292483467,
      "learning_rate": 0.001,
      "categorical_accuracy": 0.5372168284789643,
      "ordinal_accuracy": 0.8716289104638619,
      "quadratic_weighted_kappa": 0.4657108404285656,
      "mean_absolute_error": 0.5911542610571737,
      "kendall_tau": 0.4296072553509399,
      "spearman_correlation": 0.4728633978656109,
      "cohen_kappa": 0.29350732460100304,
      "cat_0_accuracy": 0.6588868940754039,
      "cat_1_accuracy": 0.14444444444444443,
      "cat_2_accuracy": 0.750291715285881,
      "cat_0_precision": 0.6262798634812287,
      "cat_0_recall": 0.6588868940754039,
      "cat_0_f1": 0.642169728783902,
      "cat_1_precision": 0.3305084745762712,
      "cat_1_recall": 0.14444444444444443,
      "cat_1_f1": 0.20103092783505155,
      "cat_2_precision": 0.5123505976095617,
      "cat_2_recall": 0.750291715285881,
      "cat_2_f1": 0.6089015151515151,
      "cross_entropy": 0.9690681405532443
    },
    {
      "epoch": 5,
      "train_loss": 1.0241828390530177,
      "train_accuracy": 0.5629753292524577,
      "gradient_norm": 0.11919472792318889,
      "learning_rate": 0.001,
      "categorical_accuracy": 0.5480043149946062,
      "ordinal_accuracy": 0.8737864077669902,
      "quadratic_weighted_kappa": 0.47751838495434873,
      "mean_absolute_error": 0.5782092772384034,
      "kendall_tau": 0.44136474084583777,
      "spearman_correlation": 0.48429346462272604,
      "cohen_kappa": 0.30882119164444277,
      "cat_0_accuracy": 0.6867145421903053,
      "cat_1_accuracy": 0.14938271604938272,
      "cat_2_accuracy": 0.7444574095682613,
      "cat_0_precision": 0.6364392678868552,
      "cat_0_recall": 0.6867145421903053,
      "cat_0_f1": 0.6606217616580311,
      "cat_1_precision": 0.35798816568047337,
      "cat_1_recall": 0.14938271604938272,
      "cat_1_f1": 0.21080139372822299,
      "cat_2_precision": 0.5141015310233682,
      "cat_2_recall": 0.7444574095682613,
      "cat_2_f1": 0.6081982840800763,
      "cross_entropy": 0.9467767807460958
    }
  ],
  "timestamp": "2025-08-18T13:19:03.668836"
}