{
  "config": {
    "dataset": "synthetic_OC",
    "data_dir": "data",
    "device": "cuda",
    "epochs": 5,
    "batch_size": 64,
    "lr": 0.001,
    "patience": 10,
    "hidden_dim": 128,
    "num_layers": 2,
    "dropout": 0.1,
    "n_folds": 5,
    "fold": 3,
    "hyperopt": false,
    "hyperopt_trials": 50,
    "hyperopt_metric": "quadratic_weighted_kappa",
    "output_dir": null,
    "save_model": true,
    "save_results": true,
    "verbose": false,
    "debug": false,
    "seed": 42,
    "resume": null,
    "validate_only": false,
    "save_freq": 5,
    "datasets": null,
    "all": false,
    "exclude": [],
    "parallel": false,
    "max_workers": 4,
    "model": null,
    "models": [
      "deep_gpcm"
    ],
    "loss": "factory",
    "no_cv": false,
    "cv": false,
    "adaptive": true,
    "no_adaptive": false,
    "adaptive_epochs": "5,15,40",
    "adaptive_arch": true,
    "adaptive_learning": true
  },
  "metrics": {
    "epoch": 4,
    "train_loss": 1.0433281234332494,
    "train_accuracy": 0.5480309164519691,
    "gradient_norm": 0.1450620016881398,
    "learning_rate": 0.001,
    "categorical_accuracy": 0.5666048237476808,
    "ordinal_accuracy": 0.8671614100185528,
    "quadratic_weighted_kappa": 0.48938249845518134,
    "mean_absolute_error": 0.5662337662337662,
    "kendall_tau": 0.45478101509892904,
    "spearman_correlation": 0.4966075476387876,
    "cohen_kappa": 0.32771845743618655,
    "cat_0_accuracy": 0.6989342806394316,
    "cat_1_accuracy": 0.13434903047091412,
    "cat_2_accuracy": 0.7591499409681228,
    "cat_0_precision": 0.6585774058577406,
    "cat_0_recall": 0.6989342806394316,
    "cat_0_f1": 0.6781559672554933,
    "cat_1_precision": 0.34397163120567376,
    "cat_1_recall": 0.13434903047091412,
    "cat_1_f1": 0.19322709163346613,
    "cat_2_precision": 0.5279146141215106,
    "cat_2_recall": 0.7591499409681228,
    "cat_2_f1": 0.6227602905569007,
    "cross_entropy": 0.959029084433885,
    "best_epoch": 4,
    "total_epochs": 5,
    "parameters": 201690,
    "model_type": "DeepGPCM"
  },
  "training_history": [
    {
      "epoch": 1,
      "train_loss": 1.3029649938855852,
      "train_accuracy": 0.3762421788737578,
      "gradient_norm": 0.24100544835839952,
      "learning_rate": 0.001,
      "categorical_accuracy": 0.46827458256029686,
      "ordinal_accuracy": 0.796660482374768,
      "quadratic_weighted_kappa": 0.2764838075318663,
      "mean_absolute_error": 0.7350649350649351,
      "kendall_tau": 0.2601466078284044,
      "spearman_correlation": 0.28710344943356814,
      "cohen_kappa": 0.19138595889901844,
      "cat_0_accuracy": 0.4822380106571936,
      "cat_1_accuracy": 0.22022160664819945,
      "cat_2_accuracy": 0.6611570247933884,
      "cat_0_precision": 0.5727848101265823,
      "cat_0_recall": 0.4822380106571936,
      "cat_0_f1": 0.523625843780135,
      "cat_1_precision": 0.3305613305613306,
      "cat_1_recall": 0.22022160664819945,
      "cat_1_f1": 0.26433915211970077,
      "cat_2_precision": 0.4423380726698262,
      "cat_2_recall": 0.6611570247933884,
      "cat_2_f1": 0.530052058684335,
      "cross_entropy": 1.0682367493809468
    },
    {
      "epoch": 2,
      "train_loss": 1.1592120443071638,
      "train_accuracy": 0.4798490982701509,
      "gradient_norm": 0.13878267045531953,
      "learning_rate": 0.001,
      "categorical_accuracy": 0.512430426716141,
      "ordinal_accuracy": 0.8411873840445269,
      "quadratic_weighted_kappa": 0.39784429666927945,
      "mean_absolute_error": 0.6463821892393321,
      "kendall_tau": 0.3863167930989832,
      "spearman_correlation": 0.425804226422481,
      "cohen_kappa": 0.2630631316804627,
      "cat_0_accuracy": 0.4991119005328597,
      "cat_1_accuracy": 0.21052631578947367,
      "cat_2_accuracy": 0.7874852420306966,
      "cat_0_precision": 0.6714456391875747,
      "cat_0_recall": 0.4991119005328597,
      "cat_0_f1": 0.5725929699439634,
      "cat_1_precision": 0.3247863247863248,
      "cat_1_recall": 0.21052631578947367,
      "cat_1_f1": 0.25546218487394956,
      "cat_2_precision": 0.47985611510791365,
      "cat_2_recall": 0.7874852420306966,
      "cat_2_f1": 0.5963343763969602,
      "cross_entropy": 1.0400462235770436
    },
    {
      "epoch": 3,
      "train_loss": 1.097055094582694,
      "train_accuracy": 0.5107655502392344,
      "gradient_norm": 0.13334450657878602,
      "learning_rate": 0.001,
      "categorical_accuracy": 0.564378478664193,
      "ordinal_accuracy": 0.8705009276437848,
      "quadratic_weighted_kappa": 0.4841442036025648,
      "mean_absolute_error": 0.5651205936920223,
      "kendall_tau": 0.4445327347567301,
      "spearman_correlation": 0.4869943563142913,
      "cohen_kappa": 0.3239601597745687,
      "cat_0_accuracy": 0.6998223801065719,
      "cat_1_accuracy": 0.16481994459833796,
      "cat_2_accuracy": 0.7249114521841794,
      "cat_0_precision": 0.6411716842961758,
      "cat_0_recall": 0.6998223801065719,
      "cat_0_f1": 0.6692144373673036,
      "cat_1_precision": 0.3489736070381232,
      "cat_1_recall": 0.16481994459833796,
      "cat_1_f1": 0.22389463781749766,
      "cat_2_precision": 0.5457777777777778,
      "cat_2_recall": 0.7249114521841794,
      "cat_2_f1": 0.6227180527383367,
      "cross_entropy": 0.9936213894486383
    },
    {
      "epoch": 4,
      "train_loss": 1.0433281234332494,
      "train_accuracy": 0.5480309164519691,
      "gradient_norm": 0.1450620016881398,
      "learning_rate": 0.001,
      "categorical_accuracy": 0.5666048237476808,
      "ordinal_accuracy": 0.8671614100185528,
      "quadratic_weighted_kappa": 0.48938249845518134,
      "mean_absolute_error": 0.5662337662337662,
      "kendall_tau": 0.45478101509892904,
      "spearman_correlation": 0.4966075476387876,
      "cohen_kappa": 0.32771845743618655,
      "cat_0_accuracy": 0.6989342806394316,
      "cat_1_accuracy": 0.13434903047091412,
      "cat_2_accuracy": 0.7591499409681228,
      "cat_0_precision": 0.6585774058577406,
      "cat_0_recall": 0.6989342806394316,
      "cat_0_f1": 0.6781559672554933,
      "cat_1_precision": 0.34397163120567376,
      "cat_1_recall": 0.13434903047091412,
      "cat_1_f1": 0.19322709163346613,
      "cat_2_precision": 0.5279146141215106,
      "cat_2_recall": 0.7591499409681228,
      "cat_2_f1": 0.6227602905569007,
      "cross_entropy": 0.959029084433885
    },
    {
      "epoch": 5,
      "train_loss": 1.03951861177172,
      "train_accuracy": 0.5607287449392713,
      "gradient_norm": 0.14028568459408625,
      "learning_rate": 0.001,
      "categorical_accuracy": 0.5617810760667904,
      "ordinal_accuracy": 0.8619666048237477,
      "quadratic_weighted_kappa": 0.4810455585465857,
      "mean_absolute_error": 0.576252319109462,
      "kendall_tau": 0.4542001239247456,
      "spearman_correlation": 0.4957978298908678,
      "cohen_kappa": 0.32462790605887903,
      "cat_0_accuracy": 0.6598579040852576,
      "cat_1_accuracy": 0.13988919667590027,
      "cat_2_accuracy": 0.7910271546635183,
      "cat_0_precision": 0.682277318640955,
      "cat_0_recall": 0.6598579040852576,
      "cat_0_f1": 0.6708803611738149,
      "cat_1_precision": 0.3494809688581315,
      "cat_1_recall": 0.13988919667590027,
      "cat_1_f1": 0.19980217606330367,
      "cat_2_precision": 0.5087319665907365,
      "cat_2_recall": 0.7910271546635183,
      "cat_2_f1": 0.6192236598890942,
      "cross_entropy": 0.9469333257942474
    }
  ],
  "timestamp": "2025-08-18T13:18:56.221990"
}