{
  "config": {
    "dataset": "synthetic_OC",
    "data_dir": "data",
    "device": "cuda",
    "epochs": 5,
    "batch_size": 64,
    "lr": 0.001,
    "patience": 10,
    "hidden_dim": 128,
    "num_layers": 2,
    "dropout": 0.1,
    "n_folds": 5,
    "fold": 2,
    "hyperopt": false,
    "hyperopt_trials": 50,
    "hyperopt_metric": "quadratic_weighted_kappa",
    "output_dir": null,
    "save_model": true,
    "save_results": true,
    "verbose": false,
    "debug": false,
    "seed": 42,
    "resume": null,
    "validate_only": false,
    "save_freq": 5,
    "datasets": null,
    "all": false,
    "exclude": [],
    "parallel": false,
    "max_workers": 4,
    "model": null,
    "models": [
      "deep_gpcm"
    ],
    "loss": "factory",
    "no_cv": false,
    "cv": false,
    "adaptive": true,
    "no_adaptive": false,
    "adaptive_epochs": "5,15,40",
    "adaptive_arch": true,
    "adaptive_learning": true
  },
  "metrics": {
    "epoch": 5,
    "train_loss": 1.0302981989724296,
    "train_accuracy": 0.5515567765567766,
    "gradient_norm": 0.1225224073444094,
    "learning_rate": 0.001,
    "categorical_accuracy": 0.5595913734392736,
    "ordinal_accuracy": 0.8838441165342414,
    "quadratic_weighted_kappa": 0.49273981556886426,
    "mean_absolute_error": 0.5565645100264851,
    "kendall_tau": 0.4526467493485542,
    "spearman_correlation": 0.49693138673337894,
    "cohen_kappa": 0.32369944483794255,
    "cat_0_accuracy": 0.7017225747960109,
    "cat_1_accuracy": 0.18848167539267016,
    "cat_2_accuracy": 0.7229381443298969,
    "cat_0_precision": 0.6487845766974015,
    "cat_0_recall": 0.7017225747960109,
    "cat_0_f1": 0.6742160278745645,
    "cat_1_precision": 0.3779527559055118,
    "cat_1_recall": 0.18848167539267016,
    "cat_1_f1": 0.251528384279476,
    "cat_2_precision": 0.5247895229186156,
    "cat_2_recall": 0.7229381443298969,
    "cat_2_f1": 0.608130081300813,
    "cross_entropy": 0.958971408738085,
    "best_epoch": 5,
    "total_epochs": 5,
    "parameters": 201690,
    "model_type": "DeepGPCM"
  },
  "training_history": [
    {
      "epoch": 1,
      "train_loss": 1.2860529593058996,
      "train_accuracy": 0.36538461538461536,
      "gradient_norm": 0.25840617290564943,
      "learning_rate": 0.001,
      "categorical_accuracy": 0.45440786984487325,
      "ordinal_accuracy": 0.8543321982595535,
      "quadratic_weighted_kappa": 0.28544194903119047,
      "mean_absolute_error": 0.6912599318955732,
      "kendall_tau": 0.2523293743695619,
      "spearman_correlation": 0.2812917752774971,
      "cohen_kappa": 0.16859269614021855,
      "cat_0_accuracy": 0.5385312783318223,
      "cat_1_accuracy": 0.331151832460733,
      "cat_2_accuracy": 0.45618556701030927,
      "cat_0_precision": 0.5395095367847411,
      "cat_0_recall": 0.5385312783318223,
      "cat_0_f1": 0.5390199637023594,
      "cat_1_precision": 0.3166458072590738,
      "cat_1_recall": 0.331151832460733,
      "cat_1_f1": 0.3237364043506078,
      "cat_2_precision": 0.47644683714670255,
      "cat_2_recall": 0.45618556701030927,
      "cat_2_f1": 0.4660961158657011,
      "cross_entropy": 1.055406101631283
    },
    {
      "epoch": 2,
      "train_loss": 1.1393814086914062,
      "train_accuracy": 0.4664835164835165,
      "gradient_norm": 0.15286548542124884,
      "learning_rate": 0.001,
      "categorical_accuracy": 0.47446083995459704,
      "ordinal_accuracy": 0.8531971244797578,
      "quadratic_weighted_kappa": 0.3725051968236812,
      "mean_absolute_error": 0.6723420355656451,
      "kendall_tau": 0.3681144227378721,
      "spearman_correlation": 0.40875435331223736,
      "cohen_kappa": 0.21868240059455546,
      "cat_0_accuracy": 0.45330915684496825,
      "cat_1_accuracy": 0.23298429319371727,
      "cat_2_accuracy": 0.7422680412371134,
      "cat_0_precision": 0.6729475100942126,
      "cat_0_recall": 0.45330915684496825,
      "cat_0_f1": 0.5417118093174431,
      "cat_1_precision": 0.30016863406408095,
      "cat_1_recall": 0.23298429319371727,
      "cat_1_f1": 0.262343404568902,
      "cat_2_precision": 0.4407039020657995,
      "cat_2_recall": 0.7422680412371134,
      "cat_2_f1": 0.5530484877580413,
      "cross_entropy": 1.037297830751114
    },
    {
      "epoch": 3,
      "train_loss": 1.0778924056461878,
      "train_accuracy": 0.5031135531135531,
      "gradient_norm": 0.12921654965196336,
      "learning_rate": 0.001,
      "categorical_accuracy": 0.5331063185773742,
      "ordinal_accuracy": 0.8732500945894817,
      "quadratic_weighted_kappa": 0.4448695236152055,
      "mean_absolute_error": 0.5936435868331441,
      "kendall_tau": 0.40619250669431145,
      "spearman_correlation": 0.44858631816075156,
      "cohen_kappa": 0.2855417284417947,
      "cat_0_accuracy": 0.658204895738894,
      "cat_1_accuracy": 0.21335078534031413,
      "cat_2_accuracy": 0.6701030927835051,
      "cat_0_precision": 0.6329555361813426,
      "cat_0_recall": 0.658204895738894,
      "cat_0_f1": 0.6453333333333333,
      "cat_1_precision": 0.35357917570498915,
      "cat_1_recall": 0.21335078534031413,
      "cat_1_f1": 0.26612244897959186,
      "cat_2_precision": 0.5024154589371981,
      "cat_2_recall": 0.6701030927835051,
      "cat_2_f1": 0.5742683600220873,
      "cross_entropy": 0.9973336674963451
    },
    {
      "epoch": 4,
      "train_loss": 1.0517737354551042,
      "train_accuracy": 0.5344322344322344,
      "gradient_norm": 0.1291100957563945,
      "learning_rate": 0.001,
      "categorical_accuracy": 0.5516458569807038,
      "ordinal_accuracy": 0.8785471055618616,
      "quadratic_weighted_kappa": 0.4727161476270405,
      "mean_absolute_error": 0.5698070374574348,
      "kendall_tau": 0.4321424341346856,
      "spearman_correlation": 0.47494995831651704,
      "cohen_kappa": 0.3107472162106133,
      "cat_0_accuracy": 0.6944696282864914,
      "cat_1_accuracy": 0.19895287958115182,
      "cat_2_accuracy": 0.6958762886597938,
      "cat_0_precision": 0.6335814722911497,
      "cat_0_recall": 0.6944696282864914,
      "cat_0_f1": 0.6626297577854672,
      "cat_1_precision": 0.37623762376237624,
      "cat_1_recall": 0.19895287958115182,
      "cat_1_f1": 0.2602739726027397,
      "cat_2_precision": 0.5242718446601942,
      "cat_2_recall": 0.6958762886597938,
      "cat_2_f1": 0.5980066445182725,
      "cross_entropy": 0.9697068356476557
    },
    {
      "epoch": 5,
      "train_loss": 1.0302981989724296,
      "train_accuracy": 0.5515567765567766,
      "gradient_norm": 0.1225224073444094,
      "learning_rate": 0.001,
      "categorical_accuracy": 0.5595913734392736,
      "ordinal_accuracy": 0.8838441165342414,
      "quadratic_weighted_kappa": 0.49273981556886426,
      "mean_absolute_error": 0.5565645100264851,
      "kendall_tau": 0.4526467493485542,
      "spearman_correlation": 0.49693138673337894,
      "cohen_kappa": 0.32369944483794255,
      "cat_0_accuracy": 0.7017225747960109,
      "cat_1_accuracy": 0.18848167539267016,
      "cat_2_accuracy": 0.7229381443298969,
      "cat_0_precision": 0.6487845766974015,
      "cat_0_recall": 0.7017225747960109,
      "cat_0_f1": 0.6742160278745645,
      "cat_1_precision": 0.3779527559055118,
      "cat_1_recall": 0.18848167539267016,
      "cat_1_f1": 0.251528384279476,
      "cat_2_precision": 0.5247895229186156,
      "cat_2_recall": 0.7229381443298969,
      "cat_2_f1": 0.608130081300813,
      "cross_entropy": 0.958971408738085
    }
  ],
  "timestamp": "2025-08-18T13:18:52.475990"
}