{
  "config": {
    "dataset": "synthetic_OC",
    "data_dir": "data",
    "device": "cuda",
    "epochs": 5,
    "batch_size": 64,
    "lr": 0.001,
    "patience": 10,
    "hidden_dim": 128,
    "num_layers": 2,
    "dropout": 0.1,
    "n_folds": 5,
    "fold": 4,
    "hyperopt": false,
    "hyperopt_trials": 50,
    "hyperopt_metric": "quadratic_weighted_kappa",
    "output_dir": null,
    "save_model": true,
    "save_results": true,
    "verbose": false,
    "debug": false,
    "seed": 42,
    "resume": null,
    "validate_only": false,
    "save_freq": 5,
    "datasets": null,
    "all": false,
    "exclude": [],
    "parallel": false,
    "max_workers": 4,
    "model": null,
    "models": [
      "deep_gpcm"
    ],
    "loss": "factory",
    "no_cv": false,
    "cv": false,
    "adaptive": true,
    "no_adaptive": false,
    "adaptive_epochs": "5,15,40",
    "adaptive_arch": true,
    "adaptive_learning": true
  },
  "metrics": {
    "epoch": 5,
    "train_loss": 0.9993360894066947,
    "train_accuracy": 0.565466297322253,
    "gradient_norm": 0.1517124335680689,
    "learning_rate": 0.001,
    "categorical_accuracy": 0.5583607757043542,
    "ordinal_accuracy": 0.8825466520307355,
    "quadratic_weighted_kappa": 0.4922458592328376,
    "mean_absolute_error": 0.5590925722649104,
    "kendall_tau": 0.45159225918222856,
    "spearman_correlation": 0.49581393024510184,
    "cohen_kappa": 0.3199123792637796,
    "cat_0_accuracy": 0.7135371179039302,
    "cat_1_accuracy": 0.16899618805590852,
    "cat_2_accuracy": 0.7191011235955056,
    "cat_0_precision": 0.6463607594936709,
    "cat_0_recall": 0.7135371179039302,
    "cat_0_f1": 0.6782897467828974,
    "cat_1_precision": 0.3643835616438356,
    "cat_1_recall": 0.16899618805590852,
    "cat_1_f1": 0.2309027777777778,
    "cat_2_precision": 0.5217391304347826,
    "cat_2_recall": 0.7191011235955056,
    "cat_2_f1": 0.6047244094488189,
    "cross_entropy": 0.9285634473632587,
    "best_epoch": 5,
    "total_epochs": 5,
    "parameters": 201690,
    "model_type": "DeepGPCM"
  },
  "training_history": [
    {
      "epoch": 1,
      "train_loss": 1.2292376245771135,
      "train_accuracy": 0.39519852262234534,
      "gradient_norm": 0.2540517066206251,
      "learning_rate": 0.001,
      "categorical_accuracy": 0.49579216977680207,
      "ordinal_accuracy": 0.8635199414562752,
      "quadratic_weighted_kappa": 0.3649488440652463,
      "mean_absolute_error": 0.6406878887669228,
      "kendall_tau": 0.3304191877588566,
      "spearman_correlation": 0.36728213613675786,
      "cohen_kappa": 0.23350334597912625,
      "cat_0_accuracy": 0.5895196506550219,
      "cat_1_accuracy": 0.31003811944091486,
      "cat_2_accuracy": 0.5443196004993758,
      "cat_0_precision": 0.6164383561643836,
      "cat_0_recall": 0.5895196506550219,
      "cat_0_f1": 0.6026785714285714,
      "cat_1_precision": 0.34560906515580736,
      "cat_1_recall": 0.31003811944091486,
      "cat_1_f1": 0.32685867381111855,
      "cat_2_precision": 0.4678111587982833,
      "cat_2_recall": 0.5443196004993758,
      "cat_2_f1": 0.5031736872475476,
      "cross_entropy": 1.0504916935880293
    },
    {
      "epoch": 2,
      "train_loss": 1.088224274771554,
      "train_accuracy": 0.5048938134810711,
      "gradient_norm": 0.13651140353509358,
      "learning_rate": 0.001,
      "categorical_accuracy": 0.5184778631540432,
      "ordinal_accuracy": 0.862788144895719,
      "quadratic_weighted_kappa": 0.4210102055774104,
      "mean_absolute_error": 0.6187339919502378,
      "kendall_tau": 0.38944484680135133,
      "spearman_correlation": 0.43082486805152614,
      "cohen_kappa": 0.26944132988836333,
      "cat_0_accuracy": 0.6043668122270742,
      "cat_1_accuracy": 0.21601016518424396,
      "cat_2_accuracy": 0.6928838951310862,
      "cat_0_precision": 0.6540642722117203,
      "cat_0_recall": 0.6043668122270742,
      "cat_0_f1": 0.628234226055379,
      "cat_1_precision": 0.3441295546558704,
      "cat_1_recall": 0.21601016518424396,
      "cat_1_f1": 0.2654176424668228,
      "cat_2_precision": 0.46994072819644367,
      "cat_2_recall": 0.6928838951310862,
      "cat_2_f1": 0.5600403632694249,
      "cross_entropy": 1.0143896853147543
    },
    {
      "epoch": 3,
      "train_loss": 1.0326941353934151,
      "train_accuracy": 0.5487534626038781,
      "gradient_norm": 0.14113036010946547,
      "learning_rate": 0.001,
      "categorical_accuracy": 0.5404317599707281,
      "ordinal_accuracy": 0.8697402122210025,
      "quadratic_weighted_kappa": 0.46223544388936477,
      "mean_absolute_error": 0.5898280278082693,
      "kendall_tau": 0.42864562900107317,
      "spearman_correlation": 0.47144568090727235,
      "cohen_kappa": 0.29779349943355393,
      "cat_0_accuracy": 0.6620087336244541,
      "cat_1_accuracy": 0.1639135959339263,
      "cat_2_accuracy": 0.7365792759051186,
      "cat_0_precision": 0.6568457538994801,
      "cat_0_recall": 0.6620087336244541,
      "cat_0_f1": 0.6594171378860374,
      "cat_1_precision": 0.3477088948787062,
      "cat_1_recall": 0.1639135959339263,
      "cat_1_f1": 0.22279792746113988,
      "cat_2_precision": 0.48841059602649006,
      "cat_2_recall": 0.7365792759051186,
      "cat_2_f1": 0.587356893977103,
      "cross_entropy": 0.9688394078385347
    },
    {
      "epoch": 4,
      "train_loss": 1.0135319828987122,
      "train_accuracy": 0.5644506001846722,
      "gradient_norm": 0.181397873376097,
      "learning_rate": 0.001,
      "categorical_accuracy": 0.5547017929015734,
      "ordinal_accuracy": 0.8715697036223929,
      "quadratic_weighted_kappa": 0.47778658434138366,
      "mean_absolute_error": 0.5737285034760337,
      "kendall_tau": 0.44197461946593414,
      "spearman_correlation": 0.48339774015194487,
      "cohen_kappa": 0.31519892838627517,
      "cat_0_accuracy": 0.6986899563318777,
      "cat_1_accuracy": 0.14993646759847523,
      "cat_2_accuracy": 0.7465667915106118,
      "cat_0_precision": 0.6436041834271923,
      "cat_0_recall": 0.6986899563318777,
      "cat_0_f1": 0.6700167504187605,
      "cat_1_precision": 0.3746031746031746,
      "cat_1_recall": 0.14993646759847523,
      "cat_1_f1": 0.21415607985480944,
      "cat_2_precision": 0.5089361702127659,
      "cat_2_recall": 0.7465667915106118,
      "cat_2_f1": 0.6052631578947368,
      "cross_entropy": 0.9378078665738786
    },
    {
      "epoch": 5,
      "train_loss": 0.9993360894066947,
      "train_accuracy": 0.565466297322253,
      "gradient_norm": 0.1517124335680689,
      "learning_rate": 0.001,
      "categorical_accuracy": 0.5583607757043542,
      "ordinal_accuracy": 0.8825466520307355,
      "quadratic_weighted_kappa": 0.4922458592328376,
      "mean_absolute_error": 0.5590925722649104,
      "kendall_tau": 0.45159225918222856,
      "spearman_correlation": 0.49581393024510184,
      "cohen_kappa": 0.3199123792637796,
      "cat_0_accuracy": 0.7135371179039302,
      "cat_1_accuracy": 0.16899618805590852,
      "cat_2_accuracy": 0.7191011235955056,
      "cat_0_precision": 0.6463607594936709,
      "cat_0_recall": 0.7135371179039302,
      "cat_0_f1": 0.6782897467828974,
      "cat_1_precision": 0.3643835616438356,
      "cat_1_recall": 0.16899618805590852,
      "cat_1_f1": 0.2309027777777778,
      "cat_2_precision": 0.5217391304347826,
      "cat_2_recall": 0.7191011235955056,
      "cat_2_f1": 0.6047244094488189,
      "cross_entropy": 0.9285634473632587
    }
  ],
  "timestamp": "2025-08-18T13:18:59.696238"
}