{
  "config": {
    "dataset": "synthetic_OC",
    "data_dir": "data",
    "device": "cuda",
    "epochs": 5,
    "batch_size": 64,
    "lr": 0.001,
    "patience": 10,
    "hidden_dim": 128,
    "num_layers": 2,
    "dropout": 0.1,
    "n_folds": 5,
    "fold": 1,
    "hyperopt": false,
    "hyperopt_trials": 50,
    "hyperopt_metric": "quadratic_weighted_kappa",
    "output_dir": null,
    "save_model": true,
    "save_results": true,
    "verbose": false,
    "debug": false,
    "seed": 42,
    "resume": null,
    "validate_only": false,
    "save_freq": 5,
    "datasets": null,
    "all": false,
    "exclude": [],
    "parallel": false,
    "max_workers": 4,
    "model": null,
    "models": [
      "deep_gpcm"
    ],
    "loss": "factory",
    "no_cv": false,
    "cv": false,
    "adaptive": true,
    "no_adaptive": false,
    "adaptive_epochs": "5,15,40",
    "adaptive_arch": true,
    "adaptive_learning": true
  },
  "metrics": {
    "epoch": 5,
    "train_loss": 1.0091692209243774,
    "train_accuracy": 0.5565794323626981,
    "gradient_norm": 0.11471515361751829,
    "learning_rate": 0.001,
    "categorical_accuracy": 0.5551457026927333,
    "ordinal_accuracy": 0.8635189966801918,
    "quadratic_weighted_kappa": 0.4659428496187915,
    "mean_absolute_error": 0.5813353006270748,
    "kendall_tau": 0.43514296812964637,
    "spearman_correlation": 0.47599024276982593,
    "cohen_kappa": 0.31706769904461596,
    "cat_0_accuracy": 0.6646288209606986,
    "cat_1_accuracy": 0.17795484727755645,
    "cat_2_accuracy": 0.7503075030750308,
    "cat_0_precision": 0.6663747810858144,
    "cat_0_recall": 0.6646288209606986,
    "cat_0_f1": 0.6655006558810669,
    "cat_1_precision": 0.3817663817663818,
    "cat_1_recall": 0.17795484727755645,
    "cat_1_f1": 0.2427536231884058,
    "cat_2_precision": 0.5008210180623974,
    "cat_2_recall": 0.7503075030750308,
    "cat_2_f1": 0.6006893156080748,
    "cross_entropy": 0.940502677724082,
    "best_epoch": 5,
    "total_epochs": 5,
    "parameters": 201690,
    "model_type": "DeepGPCM"
  },
  "training_history": [
    {
      "epoch": 1,
      "train_loss": 1.2634773424693517,
      "train_accuracy": 0.3931072613343163,
      "gradient_norm": 0.19202737935951777,
      "learning_rate": 0.001,
      "categorical_accuracy": 0.45924013279232756,
      "ordinal_accuracy": 0.8155662117299889,
      "quadratic_weighted_kappa": 0.277909089831454,
      "mean_absolute_error": 0.7251936554776836,
      "kendall_tau": 0.26083683128039686,
      "spearman_correlation": 0.28896645059507653,
      "cohen_kappa": 0.18312659677018228,
      "cat_0_accuracy": 0.48034934497816595,
      "cat_1_accuracy": 0.26294820717131473,
      "cat_2_accuracy": 0.6113161131611317,
      "cat_0_precision": 0.5765199161425576,
      "cat_0_recall": 0.48034934497816595,
      "cat_0_f1": 0.5240590757503573,
      "cat_1_precision": 0.3251231527093596,
      "cat_1_recall": 0.26294820717131473,
      "cat_1_f1": 0.2907488986784141,
      "cat_2_precision": 0.4329268292682927,
      "cat_2_recall": 0.6113161131611317,
      "cat_2_f1": 0.5068842427332994,
      "cross_entropy": 1.0638913789434996
    },
    {
      "epoch": 2,
      "train_loss": 1.1292513949530465,
      "train_accuracy": 0.49087725764835977,
      "gradient_norm": 0.12289223926407951,
      "learning_rate": 0.001,
      "categorical_accuracy": 0.5274806344522317,
      "ordinal_accuracy": 0.8546661748432313,
      "quadratic_weighted_kappa": 0.4150185463635434,
      "mean_absolute_error": 0.617853190704537,
      "kendall_tau": 0.38332719575448043,
      "spearman_correlation": 0.42223577237992527,
      "cohen_kappa": 0.27872790101549094,
      "cat_0_accuracy": 0.5991266375545852,
      "cat_1_accuracy": 0.22709163346613545,
      "cat_2_accuracy": 0.7047970479704797,
      "cat_0_precision": 0.634011090573013,
      "cat_0_recall": 0.5991266375545852,
      "cat_0_f1": 0.6160754378087113,
      "cat_1_precision": 0.3592436974789916,
      "cat_1_recall": 0.22709163346613545,
      "cat_1_f1": 0.27827502034174123,
      "cat_2_precision": 0.49696444058976585,
      "cat_2_recall": 0.7047970479704797,
      "cat_2_f1": 0.582909460834181,
      "cross_entropy": 1.0280665045606598
    },
    {
      "epoch": 3,
      "train_loss": 1.0568118606294905,
      "train_accuracy": 0.5340950976778474,
      "gradient_norm": 0.11678598076105118,
      "learning_rate": 0.001,
      "categorical_accuracy": 0.5525636296569532,
      "ordinal_accuracy": 0.8616746587974917,
      "quadratic_weighted_kappa": 0.45185063341889853,
      "mean_absolute_error": 0.5857617115455551,
      "kendall_tau": 0.41461468295609233,
      "spearman_correlation": 0.45372110094988344,
      "cohen_kappa": 0.3082050803051398,
      "cat_0_accuracy": 0.6820960698689956,
      "cat_1_accuracy": 0.18725099601593626,
      "cat_2_accuracy": 0.7084870848708487,
      "cat_0_precision": 0.6263031275060145,
      "cat_0_recall": 0.6820960698689956,
      "cat_0_f1": 0.653010033444816,
      "cat_1_precision": 0.38419618528610355,
      "cat_1_recall": 0.18725099601593626,
      "cat_1_f1": 0.2517857142857143,
      "cat_2_precision": 0.5250683682771194,
      "cat_2_recall": 0.7084870848708487,
      "cat_2_f1": 0.6031413612565445,
      "cross_entropy": 0.9779696017229081
    },
    {
      "epoch": 4,
      "train_loss": 1.0436678443636214,
      "train_accuracy": 0.5435864356800589,
      "gradient_norm": 0.15350268887622015,
      "learning_rate": 0.001,
      "categorical_accuracy": 0.5599409811877536,
      "ordinal_accuracy": 0.8616746587974917,
      "quadratic_weighted_kappa": 0.46553630435174576,
      "mean_absolute_error": 0.5783843600147547,
      "kendall_tau": 0.43107097453410426,
      "spearman_correlation": 0.4700095730555025,
      "cohen_kappa": 0.31855460099845734,
      "cat_0_accuracy": 0.7030567685589519,
      "cat_1_accuracy": 0.1593625498007968,
      "cat_2_accuracy": 0.7293972939729397,
      "cat_0_precision": 0.6399046104928457,
      "cat_0_recall": 0.7030567685589519,
      "cat_0_f1": 0.6699958385351644,
      "cat_1_precision": 0.39344262295081966,
      "cat_1_recall": 0.1593625498007968,
      "cat_1_f1": 0.22684310018903592,
      "cat_2_precision": 0.5165505226480837,
      "cat_2_recall": 0.7293972939729397,
      "cat_2_f1": 0.604793472718001,
      "cross_entropy": 0.9462381348644594
    },
    {
      "epoch": 5,
      "train_loss": 1.0091692209243774,
      "train_accuracy": 0.5565794323626981,
      "gradient_norm": 0.11471515361751829,
      "learning_rate": 0.001,
      "categorical_accuracy": 0.5551457026927333,
      "ordinal_accuracy": 0.8635189966801918,
      "quadratic_weighted_kappa": 0.4659428496187915,
      "mean_absolute_error": 0.5813353006270748,
      "kendall_tau": 0.43514296812964637,
      "spearman_correlation": 0.47599024276982593,
      "cohen_kappa": 0.31706769904461596,
      "cat_0_accuracy": 0.6646288209606986,
      "cat_1_accuracy": 0.17795484727755645,
      "cat_2_accuracy": 0.7503075030750308,
      "cat_0_precision": 0.6663747810858144,
      "cat_0_recall": 0.6646288209606986,
      "cat_0_f1": 0.6655006558810669,
      "cat_1_precision": 0.3817663817663818,
      "cat_1_recall": 0.17795484727755645,
      "cat_1_f1": 0.2427536231884058,
      "cat_2_precision": 0.5008210180623974,
      "cat_2_recall": 0.7503075030750308,
      "cat_2_f1": 0.6006893156080748,
      "cross_entropy": 0.940502677724082
    }
  ],
  "timestamp": "2025-08-18T13:18:48.474494"
}