{
  "summary": {
    "total_trials": 50,
    "successful_trials": 50,
    "success_rate": 1.0,
    "best_score": 0.6370393418812353,
    "mean_score": 0.5561232910048117,
    "std_score": 0.1372144558983674,
    "total_time": 8446.88274884224,
    "avg_trial_time": 168.93765497684478,
    "convergence_trial": 48,
    "optimization_metric": "quadratic_weighted_kappa"
  },
  "parameter_importance": {
    "memory_size": 0.3038915852873368,
    "final_fc_dim": 1.3357302876798705,
    "dropout_rate": 13.376340023043845,
    "embed_dim": 3.9231698750040365,
    "n_heads": 0.656405321039244,
    "n_cycles": 0.1265546014608877,
    "ce_weight_logit": 8.316994535274599,
    "focal_weight_logit": 1.3760117650554118,
    "key_dim": 2.547681685394849,
    "value_dim": 0.020433612621719974,
    "lr": 8.294866038927868,
    "weight_decay": 0.24648806784593502,
    "batch_size": 4.822405195178321,
    "grad_clip": 3.94571638243296,
    "label_smoothing": 50.70731102375312
  },
  "convergence_analysis": {
    "convergence_trial": 5,
    "final_best_score": 0.6370393418812353,
    "improvement_rate": 0.009290797471699789,
    "convergence_efficiency": 0.1,
    "running_best": [
      0.1817902657679457,
      0.31392849280469326,
      0.4205502665878068,
      0.4205502665878068,
      0.6185196031214086,
      0.6185196031214086,
      0.6185196031214086,
      0.6185196031214086,
      0.6185196031214086,
      0.6185196031214086,
      0.6185196031214086,
      0.6185196031214086,
      0.6234121621633912,
      0.6234121621633912,
      0.6234121621633912,
      0.624236262316346,
      0.624236262316346,
      0.624236262316346,
      0.624236262316346,
      0.624236262316346,
      0.624236262316346,
      0.624489941747767,
      0.624489941747767,
      0.6261453770448178,
      0.6261453770448178,
      0.6294405483514046,
      0.6294405483514046,
      0.6294405483514046,
      0.6294405483514046,
      0.6294405483514046,
      0.6294405483514046,
      0.6294405483514046,
      0.6294405483514046,
      0.6294405483514046,
      0.6363268836615239,
      0.6363268836615239,
      0.6363268836615239,
      0.6363268836615239,
      0.6363268836615239,
      0.6363268836615239,
      0.6363268836615239,
      0.6363268836615239,
      0.6363268836615239,
      0.6363268836615239,
      0.6363268836615239,
      0.6363268836615239,
      0.6363268836615239,
      0.6370393418812353,
      0.6370393418812353,
      0.6370393418812353
    ],
    "raw_scores": [
      0.1817902657679457,
      0.31392849280469326,
      0.4205502665878068,
      0.3876020350369554,
      0.6185196031214086,
      0.18114760585381093,
      0.1280369780335971,
      0.31496699289110147,
      0.4501686834833869,
      0.3345292955979464,
      0.4334252897801589,
      0.4291899278268273,
      0.6234121621633912,
      0.6220203632861836,
      0.6233677062093534,
      0.624236262316346,
      0.6239030850881445,
      0.6230462788194536,
      0.6238189516886326,
      0.6230400251046928,
      0.6205850430639903,
      0.624489941747767,
      0.6207520516046067,
      0.6261453770448178,
      0.43087181506377864,
      0.6294405483514046,
      0.6266348451908568,
      0.6258214498605211,
      0.6278547288043365,
      0.6241852530288321,
      0.6248392612864597,
      0.6269148912753624,
      0.6245253968686935,
      0.628414128166662,
      0.6363268836615239,
      0.6262977433886425,
      0.6234504263517062,
      0.6241973880970724,
      0.6293477129585521,
      0.6303287237457186,
      0.6253805055703593,
      0.6270897783879755,
      0.6276416782274528,
      0.6268425192142373,
      0.6264038515933308,
      0.6293075969492261,
      0.6320400016937342,
      0.6370393418812353,
      0.6307155077053703,
      0.6315798879945226
    ]
  },
  "parameter_correlations": {
    "memory_size": {
      "correlation": -0.25135226782164044,
      "abs_correlation": 0.25135226782164044,
      "sample_size": 50
    },
    "final_fc_dim": {
      "correlation": -0.7352642579087741,
      "abs_correlation": 0.7352642579087741,
      "sample_size": 50
    },
    "dropout_rate": {
      "correlation": 0.6511617427358752,
      "abs_correlation": 0.6511617427358752,
      "sample_size": 50
    },
    "embed_dim": {
      "correlation": -0.6083371375925511,
      "abs_correlation": 0.6083371375925511,
      "sample_size": 50
    },
    "n_heads": {
      "correlation": 0.01487027595318776,
      "abs_correlation": 0.01487027595318776,
      "sample_size": 50
    },
    "n_cycles": {
      "correlation": -0.024715839439336112,
      "abs_correlation": 0.024715839439336112,
      "sample_size": 50
    },
    "ce_weight_logit": {
      "correlation": 0.8183988360418765,
      "abs_correlation": 0.8183988360418765,
      "sample_size": 50
    },
    "focal_weight_logit": {
      "correlation": 0.15401486670290737,
      "abs_correlation": 0.15401486670290737,
      "sample_size": 50
    },
    "key_dim": {
      "correlation": 0.8558025081932077,
      "abs_correlation": 0.8558025081932077,
      "sample_size": 50
    },
    "value_dim": {
      "correlation": -0.27826310144917754,
      "abs_correlation": 0.27826310144917754,
      "sample_size": 50
    },
    "lr": {
      "correlation": -0.44930427286579316,
      "abs_correlation": 0.44930427286579316,
      "sample_size": 50
    },
    "weight_decay": {
      "correlation": -0.6146823715846357,
      "abs_correlation": 0.6146823715846357,
      "sample_size": 50
    },
    "batch_size": {
      "correlation": -0.7761171142877425,
      "abs_correlation": 0.7761171142877425,
      "sample_size": 50
    },
    "grad_clip": {
      "correlation": 0.7848101298555025,
      "abs_correlation": 0.7848101298555025,
      "sample_size": 50
    },
    "label_smoothing": {
      "correlation": 0.8718359591627286,
      "abs_correlation": 0.8718359591627286,
      "sample_size": 50
    }
  },
  "best_parameters": {
    "memory_size": 50,
    "final_fc_dim": 50,
    "dropout_rate": 0.2,
    "embed_dim": 32,
    "n_heads": 4,
    "n_cycles": 2,
    "ce_weight_logit": 1.6796337070745686,
    "focal_weight_logit": -0.6978319416121279,
    "key_dim": 128,
    "value_dim": 256,
    "lr": 0.005894661407157569,
    "weight_decay": 0.0003072742007005201,
    "batch_size": 32,
    "grad_clip": 5.0,
    "label_smoothing": 0.2
  },
  "optimization_efficiency": {
    "score_range": 0.5090023638476382,
    "exploration_ratio": 0.26686591416349775,
    "improvement_rate": 0.04552490761132896,
    "final_score_percentile": 0.6318329505290889
  },
  "visualization_paths": {
    "main_analysis": "results/hyperopt/attn_gpcm_learn_synthetic_500_200_4_hyperopt_analysis.png",
    "detailed_parameters": "results/hyperopt/attn_gpcm_learn_synthetic_500_200_4_detailed_parameters.png"
  }
}