{
  "summary": {
    "total_trials": 47,
    "successful_trials": 47,
    "success_rate": 1.0,
    "best_score": 0.6232641273049498,
    "mean_score": 0.6143766143244065,
    "std_score": 0.00804628269715167,
    "total_time": 8434.991577625275,
    "avg_trial_time": 179.46790590692075,
    "convergence_trial": 31,
    "optimization_metric": "quadratic_weighted_kappa"
  },
  "parameter_importance": {
    "memory_size": 86.20130876209447,
    "final_fc_dim": 0.7082126954654943,
    "dropout_rate": 2.1384378877385,
    "ce_weight_logit": 3.88880735586183,
    "focal_weight_logit": 7.063233298839708
  },
  "convergence_analysis": {
    "convergence_trial": 5,
    "final_best_score": 0.6232641273049498,
    "improvement_rate": 0.0005286204629809062,
    "convergence_efficiency": 0.10638297872340426,
    "running_best": [
      0.5989475860078282,
      0.6014172528376986,
      0.6014172528376986,
      0.6030135792991305,
      0.6171720347253741,
      0.6171720347253741,
      0.6171720347253741,
      0.6171720347253741,
      0.6171720347253741,
      0.6171720347253741,
      0.6216825523647426,
      0.6216825523647426,
      0.6216825523647426,
      0.6216825523647426,
      0.6216825523647426,
      0.6216825523647426,
      0.6229627766022388,
      0.6229627766022388,
      0.6229627766022388,
      0.6229627766022388,
      0.6229627766022388,
      0.6229627766022388,
      0.6229627766022388,
      0.6229627766022388,
      0.6229627766022388,
      0.6229627766022388,
      0.6229627766022388,
      0.6229627766022388,
      0.6229627766022388,
      0.6229627766022388,
      0.6232641273049498,
      0.6232641273049498,
      0.6232641273049498,
      0.6232641273049498,
      0.6232641273049498,
      0.6232641273049498,
      0.6232641273049498,
      0.6232641273049498,
      0.6232641273049498,
      0.6232641273049498,
      0.6232641273049498,
      0.6232641273049498,
      0.6232641273049498,
      0.6232641273049498,
      0.6232641273049498,
      0.6232641273049498,
      0.6232641273049498
    ],
    "raw_scores": [
      0.5989475860078282,
      0.6014172528376986,
      0.601060237649614,
      0.6030135792991305,
      0.6171720347253741,
      0.5986181855664432,
      0.614240398170418,
      0.6042435328374588,
      0.601109863801551,
      0.6147900468216927,
      0.6216825523647426,
      0.6199982605241481,
      0.6169777498645335,
      0.6166598271584719,
      0.6003917746989432,
      0.6055998466547602,
      0.6229627766022388,
      0.5955049437910189,
      0.6147015563788777,
      0.6171738781113014,
      0.6151988290247037,
      0.6168943831668781,
      0.6125683459515224,
      0.6182138872038411,
      0.6125133559219709,
      0.6222844178063912,
      0.6178165832399992,
      0.617790766599076,
      0.6180236100025777,
      0.6202528428297102,
      0.6232641273049498,
      0.618234231564168,
      0.6214552514182374,
      0.6216794097812193,
      0.6193033346103775,
      0.60704761685972,
      0.6229346034569663,
      0.6048448197697467,
      0.6177206917041862,
      0.6230702017107709,
      0.621641635818227,
      0.6162562715477832,
      0.6182727148828427,
      0.6226556390507361,
      0.6180071207578547,
      0.621257332606909,
      0.6202329647894896
    ]
  },
  "parameter_correlations": {
    "memory_size": {
      "correlation": -0.8765780669848053,
      "abs_correlation": 0.8765780669848053,
      "sample_size": 47
    },
    "final_fc_dim": {
      "correlation": 0.07819240582279993,
      "abs_correlation": 0.07819240582279993,
      "sample_size": 47
    },
    "dropout_rate": {
      "correlation": -0.030459305091587962,
      "abs_correlation": 0.030459305091587962,
      "sample_size": 47
    },
    "ce_weight_logit": {
      "correlation": -0.17979841354944195,
      "abs_correlation": 0.17979841354944195,
      "sample_size": 47
    },
    "focal_weight_logit": {
      "correlation": 0.13462523644937802,
      "abs_correlation": 0.13462523644937802,
      "sample_size": 47
    }
  },
  "best_parameters": {
    "memory_size": 20,
    "final_fc_dim": 100,
    "dropout_rate": 0.049646115235529975,
    "ce_weight_logit": -0.2525971895392818,
    "focal_weight_logit": 0.9180329146095869
  },
  "optimization_efficiency": {
    "score_range": 0.02775918351393092,
    "exploration_ratio": 0.2867600093285073,
    "improvement_rate": 0.004052756882853614,
    "final_score_percentile": 0.622954324658657
  },
  "visualization_paths": {
    "main_analysis": "results/hyperopt/deep_gpcm_synthetic_500_200_4_hyperopt_analysis.png",
    "detailed_parameters": "results/hyperopt/deep_gpcm_synthetic_500_200_4_detailed_parameters.png"
  }
}