{
  "summary": {
    "total_trials": 50,
    "successful_trials": 50,
    "success_rate": 1.0,
    "best_score": 0.6684072508071417,
    "mean_score": 0.6041056201615691,
    "std_score": 0.12805996820548,
    "total_time": 11387.63954091072,
    "avg_trial_time": 227.7527908182144,
    "convergence_trial": 35,
    "optimization_metric": "quadratic_weighted_kappa"
  },
  "parameter_importance": {
    "memory_size": 2.005706856998833,
    "final_fc_dim": 0.17828132251270384,
    "dropout_rate": 2.042468907181688,
    "ce_weight_logit": 0.9130964772429008,
    "focal_weight_logit": 1.1555184562911833,
    "key_dim": 8.83260815224532,
    "value_dim": 39.55082962091032,
    "lr": 24.144702782357413,
    "weight_decay": 0.5401244615381643,
    "batch_size": 7.5770490521988805,
    "grad_clip": 0.7149623580021254,
    "label_smoothing": 12.344651552520464
  },
  "convergence_analysis": {
    "convergence_trial": 7,
    "final_best_score": 0.6684072508071417,
    "improvement_rate": 0.003785940039210884,
    "convergence_efficiency": 0.14,
    "running_best": [
      0.4828961888858084,
      0.4828961888858084,
      0.6090544383932661,
      0.6090544383932661,
      0.6090544383932661,
      0.6090544383932661,
      0.6372164309251195,
      0.6372164309251195,
      0.6372164309251195,
      0.6372164309251195,
      0.6372164309251195,
      0.6372164309251195,
      0.6372164309251195,
      0.6496752738566294,
      0.6636933019707183,
      0.6652971942868815,
      0.6652971942868815,
      0.66547043793187,
      0.66547043793187,
      0.6661730476018486,
      0.6661730476018486,
      0.6661730476018486,
      0.666523937819399,
      0.666523937819399,
      0.666523937819399,
      0.666523937819399,
      0.666523937819399,
      0.666523937819399,
      0.666523937819399,
      0.6666189667910318,
      0.6666189667910318,
      0.6666189667910318,
      0.6666189667910318,
      0.6666189667910318,
      0.6684072508071417,
      0.6684072508071417,
      0.6684072508071417,
      0.6684072508071417,
      0.6684072508071417,
      0.6684072508071417,
      0.6684072508071417,
      0.6684072508071417,
      0.6684072508071417,
      0.6684072508071417,
      0.6684072508071417,
      0.6684072508071417,
      0.6684072508071417,
      0.6684072508071417,
      0.6684072508071417,
      0.6684072508071417
    ],
    "raw_scores": [
      0.4828961888858084,
      0.15849683541684073,
      0.6090544383932661,
      0.08335134227456423,
      0.5915705557703002,
      0.34220545688383847,
      0.6372164309251195,
      0.6026909569417201,
      0.5931770668667505,
      0.6246988701136108,
      0.6327771312485797,
      0.6289624353343599,
      0.6088293213672469,
      0.6496752738566294,
      0.6636933019707183,
      0.6652971942868815,
      0.6414802542919851,
      0.66547043793187,
      0.2867435766629087,
      0.6661730476018486,
      0.6468130951874944,
      0.660683629662972,
      0.666523937819399,
      0.6614319030452969,
      0.6649002468155965,
      0.6641020203617656,
      0.6664569142058375,
      0.6639451856121494,
      0.663152610841328,
      0.6666189667910318,
      0.6647114201780213,
      0.63873300207182,
      0.6654793228880361,
      0.39500276234555176,
      0.6684072508071417,
      0.6502938907471503,
      0.6671381098942039,
      0.661548318958171,
      0.5906618470886288,
      0.6621540583627377,
      0.6568461615209314,
      0.6655222170319932,
      0.5883435362747582,
      0.6605183299447748,
      0.6562957155560977,
      0.6633890374857939,
      0.6526246397543304,
      0.6486855083852976,
      0.6595203513001469,
      0.6303169001151521
    ]
  },
  "parameter_correlations": {
    "memory_size": {
      "correlation": -0.31114067740482865,
      "abs_correlation": 0.31114067740482865,
      "sample_size": 50
    },
    "final_fc_dim": {
      "correlation": 0.09433694813553808,
      "abs_correlation": 0.09433694813553808,
      "sample_size": 50
    },
    "dropout_rate": {
      "correlation": 0.1783278407449226,
      "abs_correlation": 0.1783278407449226,
      "sample_size": 50
    },
    "ce_weight_logit": {
      "correlation": -0.32919802450130176,
      "abs_correlation": 0.32919802450130176,
      "sample_size": 50
    },
    "focal_weight_logit": {
      "correlation": -0.07035227814098285,
      "abs_correlation": 0.07035227814098285,
      "sample_size": 50
    },
    "key_dim": {
      "correlation": 0.6802237682457645,
      "abs_correlation": 0.6802237682457645,
      "sample_size": 50
    },
    "value_dim": {
      "correlation": -0.8063233704300268,
      "abs_correlation": 0.8063233704300268,
      "sample_size": 50
    },
    "lr": {
      "correlation": 0.2741819852977538,
      "abs_correlation": 0.2741819852977538,
      "sample_size": 50
    },
    "weight_decay": {
      "correlation": -0.14949906539819352,
      "abs_correlation": 0.14949906539819352,
      "sample_size": 50
    },
    "batch_size": {
      "correlation": -0.32382650112887196,
      "abs_correlation": 0.32382650112887196,
      "sample_size": 50
    },
    "grad_clip": {
      "correlation": -0.04934420131246448,
      "abs_correlation": 0.04934420131246448,
      "sample_size": 50
    },
    "label_smoothing": {
      "correlation": 0.664395028997877,
      "abs_correlation": 0.664395028997877,
      "sample_size": 50
    }
  },
  "best_parameters": {
    "memory_size": 20,
    "final_fc_dim": 50,
    "dropout_rate": 0.1,
    "ce_weight_logit": -2.0,
    "focal_weight_logit": 2.0,
    "key_dim": 128,
    "value_dim": 128,
    "lr": 0.008413439973870028,
    "weight_decay": 0.00034541231893476496,
    "batch_size": 32,
    "grad_clip": 4.196344047956257,
    "label_smoothing": 0.2
  },
  "optimization_efficiency": {
    "score_range": 0.5850559085325775,
    "exploration_ratio": 0.2166851045077873,
    "improvement_rate": 0.01855110619213333,
    "final_score_percentile": 0.666576203753797
  },
  "visualization_paths": {
    "main_analysis": "results/hyperopt/deep_gpcm_synthetic_500_200_4_hyperopt_analysis.png",
    "detailed_parameters": "results/hyperopt/deep_gpcm_synthetic_500_200_4_detailed_parameters.png"
  }
}