{
  "best_qwk": 0.5683162800849398,
  "total_epochs": 5,
  "metrics_history": [
    {
      "loss": 0.8933661494936261,
      "categorical_accuracy": 0.5477777777777778,
      "ordinal_accuracy": 0.7185353535353536,
      "quadratic_weighted_kappa": 0.27181182999057574,
      "mean_absolute_error": 0.8731818181818182,
      "kendall_tau": 0.3257973935823102,
      "spearman_correlation": 0.353761501429919,
      "cohen_kappa": 0.15368465305809587,
      "cat_0_accuracy": 0.9796949186786544,
      "cat_1_accuracy": 0.015676028739386023,
      "cat_2_accuracy": 0.015640938456307377,
      "cat_3_accuracy": 0.27039507439712673,
      "cat_0_true_count": "9899",
      "cat_0_pred_count": "17629",
      "cat_1_true_count": "3062",
      "cat_1_pred_count": "298",
      "cat_2_true_count": "2941",
      "cat_2_pred_count": "174",
      "cat_3_true_count": "3898",
      "cat_3_pred_count": "1699",
      "cat_0_precision": 0.5501162856656645,
      "cat_0_recall": 0.9796949186786544,
      "cat_0_f1": 0.7045916884626562,
      "cat_1_precision": 0.1610738255033557,
      "cat_1_recall": 0.015676028739386023,
      "cat_1_f1": 0.02857142857142857,
      "cat_2_precision": 0.26436781609195403,
      "cat_2_recall": 0.015640938456307377,
      "cat_2_f1": 0.029534510433386837,
      "cat_3_precision": 0.620364920541495,
      "cat_3_recall": 0.27039507439712673,
      "cat_3_f1": 0.3766303376809005,
      "cross_entropy": 1.9106592503822637,
      "mean_confidence": "0.7417701"
    },
    {
      "loss": 0.7978060586111886,
      "categorical_accuracy": 0.5766666666666667,
      "ordinal_accuracy": 0.7612626262626263,
      "quadratic_weighted_kappa": 0.47926597329780196,
      "mean_absolute_error": 0.7759090909090909,
      "kendall_tau": 0.44131350957440435,
      "spearman_correlation": 0.4788504274113553,
      "cohen_kappa": 0.2849326386128077,
      "cat_0_accuracy": 0.8879684816648147,
      "cat_1_accuracy": 0.018615284128020902,
      "cat_2_accuracy": 0.011220673240394424,
      "cat_3_accuracy": 0.651103129810159,
      "cat_0_true_count": "9899",
      "cat_0_pred_count": "13846",
      "cat_1_true_count": "3062",
      "cat_1_pred_count": "230",
      "cat_2_true_count": "2941",
      "cat_2_pred_count": "139",
      "cat_3_true_count": "3898",
      "cat_3_pred_count": "5585",
      "cat_0_precision": 0.6348403871154124,
      "cat_0_recall": 0.8879684816648147,
      "cat_0_f1": 0.7403663929248263,
      "cat_1_precision": 0.24782608695652175,
      "cat_1_recall": 0.018615284128020902,
      "cat_1_f1": 0.03462940461725395,
      "cat_2_precision": 0.23741007194244604,
      "cat_2_recall": 0.011220673240394424,
      "cat_2_f1": 0.02142857142857143,
      "cat_3_precision": 0.45443151298119966,
      "cat_3_recall": 0.651103129810159,
      "cat_3_f1": 0.5352736475798798,
      "cross_entropy": 2.217152902230727,
      "mean_confidence": "0.8413825"
    },
    {
      "loss": 0.7748602969305856,
      "categorical_accuracy": 0.5881818181818181,
      "ordinal_accuracy": 0.7717171717171717,
      "quadratic_weighted_kappa": 0.4941298098538135,
      "mean_absolute_error": 0.743030303030303,
      "kendall_tau": 0.4620339817637775,
      "spearman_correlation": 0.5008060543622646,
      "cohen_kappa": 0.2901671264826622,
      "cat_0_accuracy": 0.927063339731286,
      "cat_1_accuracy": 0.011757021554539516,
      "cat_2_accuracy": 0.00986059163549813,
      "cat_3_accuracy": 0.6167265264238071,
      "cat_0_true_count": "9899",
      "cat_0_pred_count": "14612",
      "cat_1_true_count": "3062",
      "cat_1_pred_count": "197",
      "cat_2_true_count": "2941",
      "cat_2_pred_count": "114",
      "cat_3_true_count": "3898",
      "cat_3_pred_count": "4877",
      "cat_0_precision": 0.6280454421023816,
      "cat_0_recall": 0.927063339731286,
      "cat_0_f1": 0.7488066582350781,
      "cat_1_precision": 0.18274111675126903,
      "cat_1_recall": 0.011757021554539516,
      "cat_1_f1": 0.02209266646210494,
      "cat_2_precision": 0.2543859649122807,
      "cat_2_recall": 0.00986059163549813,
      "cat_2_f1": 0.018985270049099837,
      "cat_3_precision": 0.4929259790855034,
      "cat_3_recall": 0.6167265264238071,
      "cat_3_f1": 0.5479202279202279,
      "cross_entropy": 2.504130641667856,
      "mean_confidence": "0.8768159"
    },
    {
      "loss": 0.7526903578213283,
      "categorical_accuracy": 0.5952525252525253,
      "ordinal_accuracy": 0.7845454545454545,
      "quadratic_weighted_kappa": 0.5401242331014426,
      "mean_absolute_error": 0.7148989898989899,
      "kendall_tau": 0.5005207548879196,
      "spearman_correlation": 0.5436889993423277,
      "cohen_kappa": 0.3233885817966323,
      "cat_0_accuracy": 0.9042327507829073,
      "cat_1_accuracy": 0.02449379490529066,
      "cat_2_accuracy": 0.013600816048962938,
      "cat_3_accuracy": 0.6977937403796819,
      "cat_0_true_count": "9899",
      "cat_0_pred_count": "13458",
      "cat_1_true_count": "3062",
      "cat_1_pred_count": "315",
      "cat_2_true_count": "2941",
      "cat_2_pred_count": "163",
      "cat_3_true_count": "3898",
      "cat_3_pred_count": "5864",
      "cat_0_precision": 0.6651062565017091,
      "cat_0_recall": 0.9042327507829073,
      "cat_0_f1": 0.766451170955174,
      "cat_1_precision": 0.23809523809523808,
      "cat_1_recall": 0.02449379490529066,
      "cat_1_f1": 0.04441812259401836,
      "cat_2_precision": 0.24539877300613497,
      "cat_2_recall": 0.013600816048962938,
      "cat_2_f1": 0.02577319587628866,
      "cat_3_precision": 0.4638472032742155,
      "cat_3_recall": 0.6977937403796819,
      "cat_3_f1": 0.5572628559721369,
      "cross_entropy": 1.71203580664593,
      "mean_confidence": "0.8216655"
    },
    {
      "loss": 0.7467458929334369,
      "categorical_accuracy": 0.6015151515151516,
      "ordinal_accuracy": 0.7917171717171717,
      "quadratic_weighted_kappa": 0.5683162800849398,
      "mean_absolute_error": 0.6957575757575758,
      "kendall_tau": 0.5294152564115872,
      "spearman_correlation": 0.575418676417515,
      "cohen_kappa": 0.3456979015063876,
      "cat_0_accuracy": 0.8927164360036367,
      "cat_1_accuracy": 0.033311561071195296,
      "cat_2_accuracy": 0.015980958857531452,
      "cat_3_accuracy": 0.750128270908158,
      "cat_0_true_count": "9899",
      "cat_0_pred_count": "12760",
      "cat_1_true_count": "3062",
      "cat_1_pred_count": "350",
      "cat_2_true_count": "2941",
      "cat_2_pred_count": "190",
      "cat_3_true_count": "3898",
      "cat_3_pred_count": "6500",
      "cat_0_precision": 0.6925548589341692,
      "cat_0_recall": 0.8927164360036367,
      "cat_0_f1": 0.7799991173485149,
      "cat_1_precision": 0.2914285714285714,
      "cat_1_recall": 0.033311561071195296,
      "cat_1_f1": 0.059788980070339975,
      "cat_2_precision": 0.24736842105263157,
      "cat_2_recall": 0.015980958857531452,
      "cat_2_f1": 0.030022357074417118,
      "cat_3_precision": 0.44984615384615384,
      "cat_3_recall": 0.750128270908158,
      "cat_3_f1": 0.5624158492017696,
      "cross_entropy": 1.523003168810616,
      "mean_confidence": "0.81126785"
    }
  ],
  "fold": null,
  "type": "single_run",
  "timestamp": "2025-08-03T01:23:15.598824"
}