{
  "best_qwk": 0.5326386863809679,
  "total_epochs": 5,
  "metrics_history": [
    {
      "loss": 0.6364718164716449,
      "categorical_accuracy": 0.4683838383838384,
      "ordinal_accuracy": 0.6807070707070707,
      "quadratic_weighted_kappa": 0.10691247132333948,
      "mean_absolute_error": 0.9914646464646465,
      "kendall_tau": 0.14130720546064235,
      "spearman_correlation": 0.15426479966832002,
      "cohen_kappa": 0.07719020954702993,
      "cat_0_accuracy": 0.851298110920295,
      "cat_1_accuracy": 0.04147615937295885,
      "cat_2_accuracy": 0.24481468888133287,
      "cat_3_accuracy": 0.0,
      "cat_0_true_count": "9899",
      "cat_0_pred_count": "15505",
      "cat_1_true_count": "3062",
      "cat_1_pred_count": "631",
      "cat_2_true_count": "2941",
      "cat_2_pred_count": "3664",
      "cat_3_true_count": "3898",
      "cat_3_pred_count": "0",
      "cat_0_precision": 0.5435020960980329,
      "cat_0_recall": 0.851298110920295,
      "cat_0_f1": 0.66343882853094,
      "cat_1_precision": 0.20126782884310618,
      "cat_1_recall": 0.04147615937295885,
      "cat_1_f1": 0.06877877064717032,
      "cat_2_precision": 0.1965065502183406,
      "cat_2_recall": 0.24481468888133287,
      "cat_2_f1": 0.21801665404996215,
      "cat_3_precision": 0.0,
      "cat_3_recall": 0.0,
      "cat_3_f1": 0.0,
      "cross_entropy": 1.3062989908244977,
      "mean_confidence": "0.31743205"
    },
    {
      "loss": 0.6292275956698826,
      "categorical_accuracy": 0.5054040404040404,
      "ordinal_accuracy": 0.663080808080808,
      "quadratic_weighted_kappa": 0.13425156463138188,
      "mean_absolute_error": 1.0211616161616162,
      "kendall_tau": 0.15750617279202084,
      "spearman_correlation": 0.16993301098216212,
      "cohen_kappa": 0.0774831705527903,
      "cat_0_accuracy": 0.9350439438327104,
      "cat_1_accuracy": 0.0,
      "cat_2_accuracy": 0.004420265215912955,
      "cat_3_accuracy": 0.1893278604412519,
      "cat_0_true_count": "9899",
      "cat_0_pred_count": "17455",
      "cat_1_true_count": "3062",
      "cat_1_pred_count": "3",
      "cat_2_true_count": "2941",
      "cat_2_pred_count": "76",
      "cat_3_true_count": "3898",
      "cat_3_pred_count": "2266",
      "cat_0_precision": 0.5302778573474649,
      "cat_0_recall": 0.9350439438327104,
      "cat_0_f1": 0.6767565986692988,
      "cat_1_precision": 0.0,
      "cat_1_recall": 0.0,
      "cat_1_f1": 0.0,
      "cat_2_precision": 0.17105263157894737,
      "cat_2_recall": 0.004420265215912955,
      "cat_2_f1": 0.008617832283725556,
      "cat_3_precision": 0.32568402471315094,
      "cat_3_recall": 0.1893278604412519,
      "cat_3_f1": 0.23945489941596365,
      "cross_entropy": 1.1320107405757414,
      "mean_confidence": "0.46067798"
    },
    {
      "loss": 0.563071242400578,
      "categorical_accuracy": 0.5372222222222223,
      "ordinal_accuracy": 0.7035858585858585,
      "quadratic_weighted_kappa": 0.4180503393478088,
      "mean_absolute_error": 0.9187878787878788,
      "kendall_tau": 0.41464118376016035,
      "spearman_correlation": 0.4465533678810708,
      "cohen_kappa": 0.26497696427562645,
      "cat_0_accuracy": 0.7874532781088999,
      "cat_1_accuracy": 0.0,
      "cat_2_accuracy": 0.0,
      "cat_3_accuracy": 0.7290918419702411,
      "cat_0_true_count": "9899",
      "cat_0_pred_count": "11336",
      "cat_1_true_count": "3062",
      "cat_1_pred_count": "0",
      "cat_2_true_count": "2941",
      "cat_2_pred_count": "0",
      "cat_3_true_count": "3898",
      "cat_3_pred_count": "8464",
      "cat_0_precision": 0.6876323218066337,
      "cat_0_recall": 0.7874532781088999,
      "cat_0_f1": 0.7341652931481045,
      "cat_1_precision": 0.0,
      "cat_1_recall": 0.0,
      "cat_1_f1": 0.0,
      "cat_2_precision": 0.0,
      "cat_2_recall": 0.0,
      "cat_2_f1": 0.0,
      "cat_3_precision": 0.3357750472589792,
      "cat_3_recall": 0.7290918419702411,
      "cat_3_f1": 0.45979614949037373,
      "cross_entropy": 1.1771971062053563,
      "mean_confidence": "0.6867806"
    },
    {
      "loss": 0.5429628831999642,
      "categorical_accuracy": 0.5622222222222222,
      "ordinal_accuracy": 0.732979797979798,
      "quadratic_weighted_kappa": 0.4894958038827453,
      "mean_absolute_error": 0.8393939393939394,
      "kendall_tau": 0.4866372427927107,
      "spearman_correlation": 0.5240904864653796,
      "cohen_kappa": 0.31078337467488315,
      "cat_0_accuracy": 0.80351550661683,
      "cat_1_accuracy": 0.0,
      "cat_2_accuracy": 0.0,
      "cat_3_accuracy": 0.8152898922524372,
      "cat_0_true_count": "9899",
      "cat_0_pred_count": "10972",
      "cat_1_true_count": "3062",
      "cat_1_pred_count": "0",
      "cat_2_true_count": "2941",
      "cat_2_pred_count": "0",
      "cat_3_true_count": "3898",
      "cat_3_pred_count": "8828",
      "cat_0_precision": 0.7249362012395187,
      "cat_0_recall": 0.80351550661683,
      "cat_0_f1": 0.7622059316755306,
      "cat_1_precision": 0.0,
      "cat_1_recall": 0.0,
      "cat_1_f1": 0.0,
      "cat_2_precision": 0.0,
      "cat_2_recall": 0.0,
      "cat_2_f1": 0.0,
      "cat_3_precision": 0.35999093792478476,
      "cat_3_recall": 0.8152898922524372,
      "cat_3_f1": 0.49944994499449946,
      "cross_entropy": 1.1635601064142214,
      "mean_confidence": "0.70446086"
    },
    {
      "loss": 0.5286338925361633,
      "categorical_accuracy": 0.5715656565656566,
      "ordinal_accuracy": 0.7459595959595959,
      "quadratic_weighted_kappa": 0.5326386863809679,
      "mean_absolute_error": 0.8077272727272727,
      "kendall_tau": 0.5488973787637478,
      "spearman_correlation": 0.5911423725092939,
      "cohen_kappa": 0.34178373271960094,
      "cat_0_accuracy": 0.7886655217698757,
      "cat_1_accuracy": 0.0,
      "cat_2_accuracy": 0.0,
      "cat_3_accuracy": 0.9004617752693689,
      "cat_0_true_count": "9899",
      "cat_0_pred_count": "9945",
      "cat_1_true_count": "3062",
      "cat_1_pred_count": "0",
      "cat_2_true_count": "2941",
      "cat_2_pred_count": "0",
      "cat_3_true_count": "3898",
      "cat_3_pred_count": "9855",
      "cat_0_precision": 0.7850175967823027,
      "cat_0_recall": 0.7886655217698757,
      "cat_0_f1": 0.7868373311832292,
      "cat_1_precision": 0.0,
      "cat_1_recall": 0.0,
      "cat_1_f1": 0.0,
      "cat_2_precision": 0.0,
      "cat_2_recall": 0.0,
      "cat_2_f1": 0.0,
      "cat_3_precision": 0.3561643835616438,
      "cat_3_recall": 0.9004617752693689,
      "cat_3_f1": 0.5104340871082673,
      "cross_entropy": 1.0544497979975964,
      "mean_confidence": "0.6327377"
    }
  ],
  "fold": null,
  "type": "single_run",
  "timestamp": "2025-08-03T01:26:57.092552"
}