{
  "config": {
    "model": "attn_gpcm",
    "models": null,
    "dataset": "synthetic_OC",
    "epochs": 1,
    "batch_size": 64,
    "lr": 0.001,
    "n_folds": 0,
    "no_cv": false,
    "cv": false,
    "seed": 42,
    "device": null,
    "enable_threshold_coupling": false,
    "coupling_type": "linear",
    "threshold_gpcm_weight": 0.7,
    "threshold_coral_weight": 0.3
  },
  "metrics": {
    "epoch": 1,
    "train_loss": 0.9049484985215324,
    "train_accuracy": 0.3952271334647169,
    "gradient_norm": 1.1519859688622611,
    "learning_rate": 0.001,
    "categorical_accuracy": 0.4643921828420007,
    "ordinal_accuracy": 0.7157999337528983,
    "quadratic_weighted_kappa": 0.4458288198589895,
    "mean_absolute_error": 0.940377608479629,
    "kendall_tau": 0.4128413761260284,
    "spearman_correlation": 0.46118623001259335,
    "cohen_kappa": 0.24350926194627542,
    "cat_0_accuracy": 0.702926453600308,
    "cat_1_accuracy": 0.037883736120182886,
    "cat_2_accuracy": 0.04216252975178511,
    "cat_3_accuracy": 0.8001539250897897,
    "cat_0_precision": 0.5501808318264014,
    "cat_0_recall": 0.702926453600308,
    "cat_0_f1": 0.6172442941673711,
    "cat_1_precision": 0.2457627118644068,
    "cat_1_recall": 0.037883736120182886,
    "cat_1_f1": 0.06564799094510469,
    "cat_2_precision": 0.23048327137546468,
    "cat_2_recall": 0.04216252975178511,
    "cat_2_f1": 0.07128485196895659,
    "cat_3_precision": 0.41871392133172236,
    "cat_3_recall": 0.8001539250897897,
    "cat_3_f1": 0.5497488322904732,
    "cross_entropy": 1.2655882044058335,
    "best_epoch": 1,
    "total_epochs": 1,
    "parameters": 194464,
    "model_type": "EnhancedAttentionGPCM"
  },
  "training_history": [
    {
      "epoch": 1,
      "train_loss": 0.9049484985215324,
      "train_accuracy": 0.3952271334647169,
      "gradient_norm": 1.1519859688622611,
      "learning_rate": 0.001,
      "categorical_accuracy": 0.4643921828420007,
      "ordinal_accuracy": 0.7157999337528983,
      "quadratic_weighted_kappa": 0.4458288198589895,
      "mean_absolute_error": 0.940377608479629,
      "kendall_tau": 0.4128413761260284,
      "spearman_correlation": 0.46118623001259335,
      "cohen_kappa": 0.24350926194627542,
      "cat_0_accuracy": 0.702926453600308,
      "cat_1_accuracy": 0.037883736120182886,
      "cat_2_accuracy": 0.04216252975178511,
      "cat_3_accuracy": 0.8001539250897897,
      "cat_0_precision": 0.5501808318264014,
      "cat_0_recall": 0.702926453600308,
      "cat_0_f1": 0.6172442941673711,
      "cat_1_precision": 0.2457627118644068,
      "cat_1_recall": 0.037883736120182886,
      "cat_1_f1": 0.06564799094510469,
      "cat_2_precision": 0.23048327137546468,
      "cat_2_recall": 0.04216252975178511,
      "cat_2_f1": 0.07128485196895659,
      "cat_3_precision": 0.41871392133172236,
      "cat_3_recall": 0.8001539250897897,
      "cat_3_f1": 0.5497488322904732,
      "cross_entropy": 1.2655882044058335
    }
  ],
  "timestamp": "2025-08-03T03:29:54.580562"
}