{
  "config": {
    "model": "coral_prob",
    "models": null,
    "dataset": "synthetic_OC",
    "epochs": 1,
    "batch_size": 64,
    "lr": 0.001,
    "n_folds": 0,
    "no_cv": false,
    "cv": false,
    "seed": 42,
    "device": null,
    "enable_threshold_coupling": false,
    "coupling_type": "linear",
    "threshold_gpcm_weight": 0.7,
    "threshold_coral_weight": 0.3
  },
  "metrics": {
    "epoch": 1,
    "train_loss": 0.5610907077789307,
    "train_accuracy": 0.33113624695692495,
    "gradient_norm": 0.23888310151440756,
    "learning_rate": 0.001,
    "categorical_accuracy": 0.44577674726730704,
    "ordinal_accuracy": 0.6752567075190461,
    "quadratic_weighted_kappa": 0.35598894193975394,
    "mean_absolute_error": 1.0355084465054654,
    "kendall_tau": 0.33930531888229254,
    "spearman_correlation": 0.37037736572488417,
    "cohen_kappa": 0.19250352631733858,
    "cat_0_accuracy": 0.8453985367731999,
    "cat_1_accuracy": 0.0,
    "cat_2_accuracy": 0.0,
    "cat_3_accuracy": 0.5997947665469472,
    "cat_0_precision": 0.45063628899835795,
    "cat_0_recall": 0.8453985367731999,
    "cat_0_f1": 0.5878966394430312,
    "cat_1_precision": 0.0,
    "cat_1_recall": 0.0,
    "cat_1_f1": 0.0,
    "cat_2_precision": 0.0,
    "cat_2_recall": 0.0,
    "cat_2_f1": 0.0,
    "cat_3_precision": 0.4369276770697066,
    "cat_3_recall": 0.5997947665469472,
    "cat_3_f1": 0.5055681695318412,
    "cross_entropy": 1.3102145420478841,
    "best_epoch": 1,
    "total_epochs": 1,
    "parameters": 281258,
    "model_type": "CORALGPCM"
  },
  "training_history": [
    {
      "epoch": 1,
      "train_loss": 0.5610907077789307,
      "train_accuracy": 0.33113624695692495,
      "gradient_norm": 0.23888310151440756,
      "learning_rate": 0.001,
      "categorical_accuracy": 0.44577674726730704,
      "ordinal_accuracy": 0.6752567075190461,
      "quadratic_weighted_kappa": 0.35598894193975394,
      "mean_absolute_error": 1.0355084465054654,
      "kendall_tau": 0.33930531888229254,
      "spearman_correlation": 0.37037736572488417,
      "cohen_kappa": 0.19250352631733858,
      "cat_0_accuracy": 0.8453985367731999,
      "cat_1_accuracy": 0.0,
      "cat_2_accuracy": 0.0,
      "cat_3_accuracy": 0.5997947665469472,
      "cat_0_precision": 0.45063628899835795,
      "cat_0_recall": 0.8453985367731999,
      "cat_0_f1": 0.5878966394430312,
      "cat_1_precision": 0.0,
      "cat_1_recall": 0.0,
      "cat_1_f1": 0.0,
      "cat_2_precision": 0.0,
      "cat_2_recall": 0.0,
      "cat_2_f1": 0.0,
      "cat_3_precision": 0.4369276770697066,
      "cat_3_recall": 0.5997947665469472,
      "cat_3_f1": 0.5055681695318412,
      "cross_entropy": 1.3102145420478841
    }
  ],
  "timestamp": "2025-08-03T03:30:04.918856"
}