{
  "config": {
    "model": "deep_gpcm",
    "models": null,
    "dataset": "synthetic_OC",
    "epochs": 5,
    "batch_size": 64,
    "lr": 0.001,
    "n_folds": 3,
    "no_cv": false,
    "cv": false,
    "seed": 42,
    "device": null,
    "loss": "focal",
    "ce_weight": 0.4,
    "qwk_weight": 0.2,
    "coral_weight": 0.4,
    "focal_gamma": 2.0,
    "focal_alpha": null,
    "focal_weight": 0.0,
    "triple_coral": false,
    "triple_ce_weight": 0.33,
    "triple_qwk_weight": 0.33,
    "triple_coral_weight": 0.34,
    "enable_threshold_coupling": false,
    "coupling_type": "linear",
    "threshold_gpcm_weight": 0.7,
    "threshold_coral_weight": 0.3,
    "fold": 2
  },
  "metrics": {
    "epoch": 5,
    "train_loss": 0.6276503702004751,
    "train_accuracy": 0.47636217948717946,
    "gradient_norm": 0.31876666223009426,
    "learning_rate": 0.001,
    "categorical_accuracy": 0.5023476015337663,
    "ordinal_accuracy": 0.7744346192972846,
    "quadratic_weighted_kappa": 0.5513111995849411,
    "mean_absolute_error": 0.8020189373190391,
    "kendall_tau": 0.4966013872234967,
    "spearman_correlation": 0.558636226937364,
    "cohen_kappa": 0.2960237165051639,
    "cat_0_accuracy": 0.8044386111442549,
    "cat_1_accuracy": 0.06328140026928256,
    "cat_2_accuracy": 0.06705364291433147,
    "cat_3_accuracy": 0.7781437983385849,
    "cat_0_precision": 0.5380686352753392,
    "cat_0_recall": 0.8044386111442549,
    "cat_0_f1": 0.6448280809143513,
    "cat_1_precision": 0.28240343347639485,
    "cat_1_recall": 0.06328140026928256,
    "cat_1_f1": 0.10339409176618479,
    "cat_2_precision": 0.27125506072874495,
    "cat_2_recall": 0.06705364291433147,
    "cat_2_f1": 0.10752688172043011,
    "cat_3_precision": 0.5111968385397064,
    "cat_3_recall": 0.7781437983385849,
    "cat_3_f1": 0.6170357751277683,
    "cross_entropy": 1.1696463103432029,
    "best_epoch": 5,
    "total_epochs": 5,
    "parameters": 278555,
    "model_type": "DeepGPCM"
  },
  "training_history": [
    {
      "epoch": 1,
      "train_loss": 0.7992566227912903,
      "train_accuracy": 0.29228766025641023,
      "gradient_norm": 0.4220369905233383,
      "learning_rate": 0.001,
      "categorical_accuracy": 0.36614758588308943,
      "ordinal_accuracy": 0.6682447765865873,
      "quadratic_weighted_kappa": 0.26126436423598975,
      "mean_absolute_error": 1.0982862508803506,
      "kendall_tau": 0.22215587591359717,
      "spearman_correlation": 0.2612138043100695,
      "cohen_kappa": 0.12595253195693223,
      "cat_0_accuracy": 0.5545877580241021,
      "cat_1_accuracy": 0.12752452394691285,
      "cat_2_accuracy": 0.20276220976781426,
      "cat_3_accuracy": 0.4345459753652249,
      "cat_0_precision": 0.4341896310135451,
      "cat_0_recall": 0.5545877580241021,
      "cat_0_f1": 0.4870585769674107,
      "cat_1_precision": 0.2254335260115607,
      "cat_1_recall": 0.12752452394691285,
      "cat_1_f1": 0.1628992628992629,
      "cat_2_precision": 0.2320201557489693,
      "cat_2_recall": 0.20276220976781426,
      "cat_2_f1": 0.2164067506942961,
      "cat_3_precision": 0.40206732043466736,
      "cat_3_recall": 0.4345459753652249,
      "cat_3_f1": 0.4176762114537445,
      "cross_entropy": 1.349779638157204
    },
    {
      "epoch": 2,
      "train_loss": 0.7326408326625824,
      "train_accuracy": 0.37520032051282054,
      "gradient_norm": 0.43360331157843274,
      "learning_rate": 0.001,
      "categorical_accuracy": 0.43817982627748653,
      "ordinal_accuracy": 0.7251349870881916,
      "quadratic_weighted_kappa": 0.4122967815331938,
      "mean_absolute_error": 0.9416229751936771,
      "kendall_tau": 0.3821765264581714,
      "spearman_correlation": 0.43895124135963265,
      "cohen_kappa": 0.20577726322966772,
      "cat_0_accuracy": 0.8218589667104165,
      "cat_1_accuracy": 0.09732640892479323,
      "cat_2_accuracy": 0.12149719775820657,
      "cat_3_accuracy": 0.45803494700658837,
      "cat_0_precision": 0.4527111403220506,
      "cat_0_recall": 0.8218589667104165,
      "cat_0_f1": 0.5838277674182065,
      "cat_1_precision": 0.23296500920810312,
      "cat_1_recall": 0.09732640892479323,
      "cat_1_f1": 0.13729480396147062,
      "cat_2_precision": 0.25547138047138046,
      "cat_2_recall": 0.12149719775820657,
      "cat_2_f1": 0.16467715680954964,
      "cat_3_precision": 0.5518550474547024,
      "cat_3_recall": 0.45803494700658837,
      "cat_3_f1": 0.5005869922517022,
      "cross_entropy": 1.285409441282376
    },
    {
      "epoch": 3,
      "train_loss": 0.6738919218381246,
      "train_accuracy": 0.4328125,
      "gradient_norm": 0.3988574246565501,
      "learning_rate": 0.001,
      "categorical_accuracy": 0.47902809296502075,
      "ordinal_accuracy": 0.7523280381876516,
      "quadratic_weighted_kappa": 0.5013860817516123,
      "mean_absolute_error": 0.8614523828155568,
      "kendall_tau": 0.4475131183955328,
      "spearman_correlation": 0.506994468557615,
      "cohen_kappa": 0.2654628759812794,
      "cat_0_accuracy": 0.7550411645388379,
      "cat_1_accuracy": 0.06732063858434315,
      "cat_2_accuracy": 0.08026421136909527,
      "cat_3_accuracy": 0.7396161558292753,
      "cat_0_precision": 0.5247097844112769,
      "cat_0_recall": 0.7550411645388379,
      "cat_0_f1": 0.6191477912039528,
      "cat_1_precision": 0.2690238278247502,
      "cat_1_recall": 0.06732063858434315,
      "cat_1_f1": 0.1076923076923077,
      "cat_2_precision": 0.25870967741935486,
      "cat_2_recall": 0.08026421136909527,
      "cat_2_f1": 0.12251756798044608,
      "cat_3_precision": 0.48501925425002346,
      "cat_3_recall": 0.7396161558292753,
      "cat_3_f1": 0.5858528560893982,
      "cross_entropy": 1.2124823882882156
    },
    {
      "epoch": 4,
      "train_loss": 0.6519623100757599,
      "train_accuracy": 0.46282051282051284,
      "gradient_norm": 0.4436826979120572,
      "learning_rate": 0.001,
      "categorical_accuracy": 0.48798810548556226,
      "ordinal_accuracy": 0.7573753814852492,
      "quadratic_weighted_kappa": 0.5094602373983232,
      "mean_absolute_error": 0.846232099538305,
      "kendall_tau": 0.46653753327948794,
      "spearman_correlation": 0.5244799203763136,
      "cohen_kappa": 0.27039155512815227,
      "cat_0_accuracy": 0.8600405679513184,
      "cat_1_accuracy": 0.05520292363916138,
      "cat_2_accuracy": 0.0654523618895116,
      "cat_3_accuracy": 0.6659982812947579,
      "cat_0_precision": 0.48791714614499426,
      "cat_0_recall": 0.8600405679513184,
      "cat_0_f1": 0.6226138032305433,
      "cat_1_precision": 0.2662337662337662,
      "cat_1_recall": 0.05520292363916138,
      "cat_1_f1": 0.09144495778238011,
      "cat_2_precision": 0.27295492487479134,
      "cat_2_recall": 0.0654523618895116,
      "cat_2_f1": 0.10558605101711334,
      "cat_3_precision": 0.5464801974380068,
      "cat_3_recall": 0.6659982812947579,
      "cat_3_f1": 0.6003485895035827,
      "cross_entropy": 1.1797944146266286
    },
    {
      "epoch": 5,
      "train_loss": 0.6276503702004751,
      "train_accuracy": 0.47636217948717946,
      "gradient_norm": 0.31876666223009426,
      "learning_rate": 0.001,
      "categorical_accuracy": 0.5023476015337663,
      "ordinal_accuracy": 0.7744346192972846,
      "quadratic_weighted_kappa": 0.5513111995849411,
      "mean_absolute_error": 0.8020189373190391,
      "kendall_tau": 0.4966013872234967,
      "spearman_correlation": 0.558636226937364,
      "cohen_kappa": 0.2960237165051639,
      "cat_0_accuracy": 0.8044386111442549,
      "cat_1_accuracy": 0.06328140026928256,
      "cat_2_accuracy": 0.06705364291433147,
      "cat_3_accuracy": 0.7781437983385849,
      "cat_0_precision": 0.5380686352753392,
      "cat_0_recall": 0.8044386111442549,
      "cat_0_f1": 0.6448280809143513,
      "cat_1_precision": 0.28240343347639485,
      "cat_1_recall": 0.06328140026928256,
      "cat_1_f1": 0.10339409176618479,
      "cat_2_precision": 0.27125506072874495,