{
  "config": {
    "model": "deep_gpcm",
    "models": null,
    "dataset": "synthetic_OC",
    "epochs": 5,
    "batch_size": 64,
    "lr": 0.001,
    "n_folds": 5,
    "no_cv": false,
    "seed": 42,
    "device": null,
    "loss": "focal",
    "ce_weight": 0.4,
    "qwk_weight": 0.2,
    "coral_weight": 0.4,
    "focal_gamma": 2.0,
    "focal_alpha": null,
    "focal_weight": 0.0,
    "triple_coral": false,
    "triple_ce_weight": 0.33,
    "triple_qwk_weight": 0.33,
    "triple_coral_weight": 0.34,
    "enable_threshold_coupling": false,
    "coupling_type": "linear",
    "threshold_gpcm_weight": 0.7,
    "threshold_coral_weight": 0.3,
    "fold": 4
  },
  "metrics": {
    "epoch": 5,
    "train_loss": 0.6134411522320339,
    "train_accuracy": 0.48608805365562124,
    "gradient_norm": 0.15843684439148223,
    "learning_rate": 0.001,
    "categorical_accuracy": 0.4965883742291038,
    "ordinal_accuracy": 0.7683374885185671,
    "quadratic_weighted_kappa": 0.5338287800989688,
    "mean_absolute_error": 0.8180028867602677,
    "kendall_tau": 0.4835878189569744,
    "spearman_correlation": 0.5422134628208211,
    "cohen_kappa": 0.28229220099476837,
    "cat_0_accuracy": 0.8277476128065905,
    "cat_1_accuracy": 0.04069952305246423,
    "cat_2_accuracy": 0.06860776439089693,
    "cat_3_accuracy": 0.7470806794055201,
    "cat_0_precision": 0.5419884761554493,
    "cat_0_recall": 0.8277476128065905,
    "cat_0_f1": 0.655060008890206,
    "cat_1_precision": 0.25,
    "cat_1_recall": 0.04069952305246423,
    "cat_1_f1": 0.0700027344818157,
    "cat_2_precision": 0.27702702702702703,
    "cat_2_recall": 0.06860776439089693,
    "cat_2_f1": 0.10997854077253219,
    "cat_3_precision": 0.48259900565746616,
    "cat_3_recall": 0.7470806794055201,
    "cat_3_f1": 0.5863972502864285,
    "cross_entropy": 1.1604857938169106,
    "best_epoch": 5,
    "total_epochs": 5,
    "parameters": 278555,
    "model_type": "DeepGPCM"
  },
  "training_history": [
    {
      "epoch": 1,
      "train_loss": 0.7738949997084481,
      "train_accuracy": 0.3209542466299223,
      "gradient_norm": 0.26965482107230593,
      "learning_rate": 0.001,
      "categorical_accuracy": 0.41070725626558197,
      "ordinal_accuracy": 0.7076499147093557,
      "quadratic_weighted_kappa": 0.3526983882992354,
      "mean_absolute_error": 0.9903555963784281,
      "kendall_tau": 0.311257154599815,
      "spearman_correlation": 0.36078353864964247,
      "cohen_kappa": 0.166951371256166,
      "cat_0_accuracy": 0.7210260250889347,
      "cat_1_accuracy": 0.09602543720190779,
      "cat_2_accuracy": 0.14491298527443106,
      "cat_3_accuracy": 0.4442675159235669,
      "cat_0_precision": 0.4670709520921771,
      "cat_0_recall": 0.7210260250889347,
      "cat_0_f1": 0.5669071102605624,
      "cat_1_precision": 0.19973544973544974,
      "cat_1_recall": 0.09602543720190779,
      "cat_1_f1": 0.12969722997637964,
      "cat_2_precision": 0.22801474460242233,
      "cat_2_recall": 0.14491298527443106,
      "cat_2_f1": 0.1772048291385308,
      "cat_3_precision": 0.4668153931957613,
      "cat_3_recall": 0.4442675159235669,
      "cat_3_f1": 0.455262442208322,
      "cross_entropy": 1.3164818985066025
    },
    {
      "epoch": 2,
      "train_loss": 0.6913264649254935,
      "train_accuracy": 0.43088850521282956,
      "gradient_norm": 0.18135891003268106,
      "learning_rate": 0.001,
      "categorical_accuracy": 0.4706075318199711,
      "ordinal_accuracy": 0.7365831255740717,
      "quadratic_weighted_kappa": 0.4682751634071166,
      "mean_absolute_error": 0.8920745309014565,
      "kendall_tau": 0.4221099596889818,
      "spearman_correlation": 0.47670079631931217,
      "cohen_kappa": 0.24603762181457578,
      "cat_0_accuracy": 0.7940460587904886,
      "cat_1_accuracy": 0.043243243243243246,
      "cat_2_accuracy": 0.07965194109772424,
      "cat_3_accuracy": 0.6788747346072187,
      "cat_0_precision": 0.5189037073290101,
      "cat_0_recall": 0.7940460587904886,
      "cat_0_f1": 0.6276454047654284,
      "cat_1_precision": 0.21725239616613418,
      "cat_1_recall": 0.043243243243243246,
      "cat_1_f1": 0.07212940864492177,
      "cat_2_precision": 0.26473859844271413,
      "cat_2_recall": 0.07965194109772424,
      "cat_2_f1": 0.12245948031901209,
      "cat_3_precision": 0.4613997113997114,
      "cat_3_recall": 0.6788747346072187,
      "cat_3_f1": 0.5493986254295533,
      "cross_entropy": 1.2230739017375538
    },
    {
      "epoch": 3,
      "train_loss": 0.6579885653087071,
      "train_accuracy": 0.4628793412577196,
      "gradient_norm": 0.19171278072255,
      "learning_rate": 0.001,
      "categorical_accuracy": 0.4789397716835061,
      "ordinal_accuracy": 0.7436688098674714,
      "quadratic_weighted_kappa": 0.48749743402653734,
      "mean_absolute_error": 0.8744259283558589,
      "kendall_tau": 0.441276545366927,
      "spearman_correlation": 0.49618121473535337,
      "cohen_kappa": 0.25860511838717426,
      "cat_0_accuracy": 0.7962928290582288,
      "cat_1_accuracy": 0.03847376788553259,
      "cat_2_accuracy": 0.07228915662650602,
      "cat_3_accuracy": 0.7192144373673036,
      "cat_0_precision": 0.5334253104226765,
      "cat_0_recall": 0.7962928290582288,
      "cat_0_f1": 0.6388763707375694,
      "cat_1_precision": 0.2261682242990654,
      "cat_1_recall": 0.03847376788553259,
      "cat_1_f1": 0.06576086956521739,
      "cat_2_precision": 0.2819843342036554,
      "cat_2_recall": 0.07228915662650602,
      "cat_2_f1": 0.11507725093233884,
      "cat_3_precision": 0.45408847184986595,
      "cat_3_recall": 0.7192144373673036,
      "cat_3_f1": 0.5566967953985209,
      "cross_entropy": 1.1995308524553245
    },
    {
      "epoch": 4,
      "train_loss": 0.6343481370380947,
      "train_accuracy": 0.4742180755694269,
      "gradient_norm": 0.21125632098742894,
      "learning_rate": 0.001,
      "categorical_accuracy": 0.4882561343655688,
      "ordinal_accuracy": 0.7596772077155229,
      "quadratic_weighted_kappa": 0.5145346367135333,
      "mean_absolute_error": 0.8395223723920745,
      "kendall_tau": 0.4644314520751972,
      "spearman_correlation": 0.5228247983278762,
      "cohen_kappa": 0.2726272108550365,
      "cat_0_accuracy": 0.8075266803969294,
      "cat_1_accuracy": 0.044833068362480126,
      "cat_2_accuracy": 0.08132530120481928,
      "cat_3_accuracy": 0.7285031847133758,
      "cat_0_precision": 0.5434043089328462,
      "cat_0_recall": 0.8075266803969294,
      "cat_0_f1": 0.6496460310287694,
      "cat_1_precision": 0.23305785123966943,
      "cat_1_recall": 0.044833068362480126,
      "cat_1_f1": 0.0752,
      "cat_2_precision": 0.28321678321678323,
      "cat_2_recall": 0.08132530120481928,
      "cat_2_f1": 0.12636505460218408,
      "cat_3_precision": 0.4698733310510099,
      "cat_3_recall": 0.7285031847133758,
      "cat_3_f1": 0.5712799167533819,
      "cross_entropy": 1.1990039352530524
    },
    {
      "epoch": 5,
      "train_loss": 0.6134411522320339,
      "train_accuracy": 0.48608805365562124,
      "gradient_norm": 0.15843684439148223,
      "learning_rate": 0.001,
      "categorical_accuracy": 0.4965883742291038,
      "ordinal_accuracy": 0.7683374885185671,
      "quadratic_weighted_kappa": 0.5338287800989688,
      "mean_absolute_error": 0.8180028867602677,
      "kendall_tau": 0.4835878189569744,
      "spearman_correlation": 0.5422134628208211,
      "cohen_kappa": 0.28229220099476837,
      "cat_0_accuracy": 0.8277476128065905,
      "cat_1_accuracy": 0.04069952305246423,
      "cat_2_accuracy": 0.06860776439089693,
      "cat_3_accuracy": 0.7470806794055201,
      "cat_0_precision": 0.5419884761554493,
      "cat_0_recall": 0.8277476128065905,
      "cat_0_f1": 0.655060008890206,
      "cat_1_precision": 0.25,
      "cat_1_recall": 0.04069952305246423,
      "cat_1_f1": 0.0700027344818157,
      "cat_2_precision": 0.27702702702702703,
      "cat_2_recall": 0.06860776439089693,