{
  "config": {
    "model": "attn_gpcm",
    "models": null,
    "dataset": "synthetic_OC",
    "epochs": 1,
    "batch_size": 64,
    "lr": 0.001,
    "n_folds": 0,
    "no_cv": false,
    "seed": 42,
    "device": null,
    "loss": "ce",
    "ce_weight": 0.4,
    "qwk_weight": 0.2,
    "coral_weight": 0.4,
    "focal_gamma": 2.0,
    "focal_alpha": null,
    "focal_weight": 0.0,
    "triple_coral": false,
    "triple_ce_weight": 0.33,
    "triple_qwk_weight": 0.33,
    "triple_coral_weight": 0.34,
    "enable_threshold_coupling": false,
    "coupling_type": "linear",
    "threshold_gpcm_weight": 0.7,
    "threshold_coral_weight": 0.3
  },
  "metrics": {
    "epoch": 1,
    "train_loss": 1.3302623203822546,
    "train_accuracy": 0.39376976963714955,
    "gradient_norm": 1.7717148321015495,
    "learning_rate": 0.001,
    "categorical_accuracy": 0.46730705531632993,
    "ordinal_accuracy": 0.7197085127525671,
    "quadratic_weighted_kappa": 0.4516972414245598,
    "mean_absolute_error": 0.9301755548194767,
    "kendall_tau": 0.4152421039207377,
    "spearman_correlation": 0.46389161873734946,
    "cohen_kappa": 0.24522575917824996,
    "cat_0_accuracy": 0.7283403927608779,
    "cat_1_accuracy": 0.038536903984323974,
    "cat_2_accuracy": 0.0384223053383203,
    "cat_3_accuracy": 0.779887121600821,
    "cat_0_precision": 0.5387354030190828,
    "cat_0_recall": 0.7283403927608779,
    "cat_0_f1": 0.619351669941061,
    "cat_1_precision": 0.24032586558044808,
    "cat_1_recall": 0.038536903984323974,
    "cat_1_f1": 0.06642274134534197,
    "cat_2_precision": 0.22244094488188976,
    "cat_2_recall": 0.0384223053383203,
    "cat_2_f1": 0.06552623948970716,
    "cat_3_precision": 0.4297427198190557,
    "cat_3_recall": 0.779887121600821,
    "cat_3_f1": 0.5541378053226395,
    "cross_entropy": 1.2420335293208318,
    "best_epoch": 1,
    "total_epochs": 1,
    "parameters": 194464,
    "model_type": "EnhancedAttentionGPCM"
  },
  "training_history": [
    {
      "epoch": 1,
      "train_loss": 1.3302623203822546,
      "train_accuracy": 0.39376976963714955,
      "gradient_norm": 1.7717148321015495,
      "learning_rate": 0.001,
      "categorical_accuracy": 0.46730705531632993,
      "ordinal_accuracy": 0.7197085127525671,
      "quadratic_weighted_kappa": 0.4516972414245598,
      "mean_absolute_error": 0.9301755548194767,
      "kendall_tau": 0.4152421039207377,
      "spearman_correlation": 0.46389161873734946,
      "cohen_kappa": 0.24522575917824996,
      "cat_0_accuracy": 0.7283403927608779,
      "cat_1_accuracy": 0.038536903984323974,
      "cat_2_accuracy": 0.0384223053383203,
      "cat_3_accuracy": 0.779887121600821,
      "cat_0_precision": 0.5387354030190828,
      "cat_0_recall": 0.7283403927608779,
      "cat_0_f1": 0.619351669941061,
      "cat_1_precision": 0.24032586558044808,
      "cat_1_recall": 0.038536903984323974,
      "cat_1_f1": 0.06642274134534197,
      "cat_2_precision": 0.22244094488188976,
      "cat_2_recall": 0.0384223053383203,
      "cat_2_f1": 0.06552623948970716,
      "cat_3_precision": 0.4297427198190557,
      "cat_3_recall": 0.779887121600821,
      "cat_3_f1": 0.5541378053226395,
      "cross_entropy": 1.2420335293208318
    }
  ],
  "timestamp": "2025-08-01T22:32:17.150711"
}