{
  "config": {
    "model": "attn_gpcm",
    "models": null,
    "dataset": "synthetic_OC",
    "epochs": 5,
    "batch_size": 64,
    "lr": 0.001,
    "n_folds": 0,
    "no_cv": false,
    "cv": false,
    "seed": 42,
    "device": null,
    "loss": "ce",
    "ce_weight": 0.4,
    "qwk_weight": 0.2,
    "coral_weight": 0.4,
    "focal_gamma": 2.0,
    "focal_alpha": null,
    "focal_weight": 0.0,
    "triple_coral": false,
    "triple_ce_weight": 0.33,
    "triple_qwk_weight": 0.33,
    "triple_coral_weight": 0.34,
    "enable_threshold_coupling": false,
    "coupling_type": "linear",
    "threshold_gpcm_weight": 0.7,
    "threshold_coral_weight": 0.3
  },
  "metrics": {
    "epoch": 5,
    "train_loss": 1.2107868364879064,
    "train_accuracy": 0.4627958200155673,
    "gradient_norm": 0.1799445269363267,
    "learning_rate": 0.001,
    "categorical_accuracy": 0.4901623053991388,
    "ordinal_accuracy": 0.7419675389201722,
    "quadratic_weighted_kappa": 0.49270996128797195,
    "mean_absolute_error": 0.8687644915534946,
    "kendall_tau": 0.45541496671910003,
    "spearman_correlation": 0.5053932431302335,
    "cohen_kappa": 0.26509245594345454,
    "cat_0_accuracy": 0.8596457450904891,
    "cat_1_accuracy": 0.02906596995427825,
    "cat_2_accuracy": 0.02754165249914995,
    "cat_3_accuracy": 0.7090815802975885,
    "cat_0_precision": 0.5013474062429822,
    "cat_0_recall": 0.8596457450904891,
    "cat_0_f1": 0.6333333333333333,
    "cat_1_precision": 0.24054054054054055,
    "cat_1_recall": 0.02906596995427825,
    "cat_1_f1": 0.051864801864801864,
    "cat_2_precision": 0.26732673267326734,
    "cat_2_recall": 0.02754165249914995,
    "cat_2_f1": 0.0499383477188656,
    "cat_3_precision": 0.5010877447425671,
    "cat_3_recall": 0.7090815802975885,
    "cat_3_f1": 0.5872105374973444,
    "cross_entropy": 1.1489860781342116,
    "best_epoch": 5,
    "total_epochs": 5,
    "parameters": 194464,
    "model_type": "EnhancedAttentionGPCM"
  },
  "training_history": [
    {
      "epoch": 1,
      "train_loss": 1.3302639041628157,
      "train_accuracy": 0.39376976963714955,
      "gradient_norm": 1.7719468580824989,
      "learning_rate": 0.001,
      "categorical_accuracy": 0.46730705531632993,
      "ordinal_accuracy": 0.7197085127525671,
      "quadratic_weighted_kappa": 0.4516972414245598,
      "mean_absolute_error": 0.9301755548194767,
      "kendall_tau": 0.4152421039207377,
      "spearman_correlation": 0.46389161873734946,
      "cohen_kappa": 0.24522575917824996,
      "cat_0_accuracy": 0.7283403927608779,
      "cat_1_accuracy": 0.038536903984323974,
      "cat_2_accuracy": 0.0384223053383203,
      "cat_3_accuracy": 0.779887121600821,
      "cat_0_precision": 0.5387354030190828,
      "cat_0_recall": 0.7283403927608779,
      "cat_0_f1": 0.619351669941061,
      "cat_1_precision": 0.24032586558044808,
      "cat_1_recall": 0.038536903984323974,
      "cat_1_f1": 0.06642274134534197,
      "cat_2_precision": 0.22244094488188976,
      "cat_2_recall": 0.0384223053383203,
      "cat_2_f1": 0.06552623948970716,
      "cat_3_precision": 0.4297427198190557,
      "cat_3_recall": 0.779887121600821,
      "cat_3_f1": 0.5541378053226395,
      "cross_entropy": 1.2420345152741012
    },
    {
      "epoch": 2,
      "train_loss": 1.2547014100211007,
      "train_accuracy": 0.44620174552440256,
      "gradient_norm": 0.5419390691178185,
      "learning_rate": 0.001,
      "categorical_accuracy": 0.47578668433256044,
      "ordinal_accuracy": 0.7224908910235177,
      "quadratic_weighted_kappa": 0.4518468291628308,
      "mean_absolute_error": 0.9177210997018881,
      "kendall_tau": 0.4192678269881677,
      "spearman_correlation": 0.4644082467675433,
      "cohen_kappa": 0.24301831505935723,
      "cat_0_accuracy": 0.8471313053523296,
      "cat_1_accuracy": 0.024820378837361202,
      "cat_2_accuracy": 0.02074124447466848,
      "cat_3_accuracy": 0.6785531041559775,
      "cat_0_precision": 0.48591938155715075,
      "cat_0_recall": 0.8471313053523296,
      "cat_0_f1": 0.6175871991016914,
      "cat_1_precision": 0.23384615384615384,
      "cat_1_recall": 0.024820378837361202,
      "cat_1_f1": 0.0448774726896959,
      "cat_2_precision": 0.24497991967871485,
      "cat_2_recall": 0.02074124447466848,
      "cat_2_f1": 0.03824451410658307,
      "cat_3_precision": 0.48390047566776434,
      "cat_3_recall": 0.6785531041559775,
      "cat_3_f1": 0.5649295173002991,
      "cross_entropy": 1.2055258451359605
    },
    {
      "epoch": 3,
      "train_loss": 1.2375675269535609,
      "train_accuracy": 0.4524783465544938,
      "gradient_norm": 0.3487524517944881,
      "learning_rate": 0.001,
      "categorical_accuracy": 0.4787015568068897,
      "ordinal_accuracy": 0.724544551175886,
      "quadratic_weighted_kappa": 0.45849619573144385,
      "mean_absolute_error": 0.9111626366346472,
      "kendall_tau": 0.42674541780890163,
      "spearman_correlation": 0.4716743871991078,
      "cohen_kappa": 0.2460746471725238,
      "cat_0_accuracy": 0.8569503273007316,
      "cat_1_accuracy": 0.018615284128020902,
      "cat_2_accuracy": 0.017341040462427744,
      "cat_3_accuracy": 0.6841970241149308,
      "cat_0_precision": 0.4856519367157665,
      "cat_0_recall": 0.8569503273007316,
      "cat_0_f1": 0.6199596072149871,
      "cat_1_precision": 0.21673003802281368,
      "cat_1_recall": 0.018615284128020902,
      "cat_1_f1": 0.03428571428571429,
      "cat_2_precision": 0.255,
      "cat_2_recall": 0.017341040462427744,
      "cat_2_f1": 0.03247373447946514,
      "cat_3_precision": 0.4878361075544174,
      "cat_3_recall": 0.6841970241149308,
      "cat_3_f1": 0.5695675387079552,
      "cross_entropy": 1.191323792106302
    },
    {
      "epoch": 4,
      "train_loss": 1.2188431535448347,
      "train_accuracy": 0.4559064637397943,
      "gradient_norm": 0.171867841056415,
      "learning_rate": 0.001,
      "categorical_accuracy": 0.4817489234845975,
      "ordinal_accuracy": 0.7286518714806227,
      "quadratic_weighted_kappa": 0.46690526732997917,
      "mean_absolute_error": 0.9006955945677376,
      "kendall_tau": 0.4354387174692696,
      "spearman_correlation": 0.4812037151689933,
      "cohen_kappa": 0.25001417399096426,
      "cat_0_accuracy": 0.8661917597227571,
      "cat_1_accuracy": 0.017635532331809273,
      "cat_2_accuracy": 0.015980958857531452,
      "cat_3_accuracy": 0.685479733196511,
      "cat_0_precision": 0.4868520722865491,
      "cat_0_recall": 0.8661917597227571,
      "cat_0_f1": 0.6233460339452719,
      "cat_1_precision": 0.20689655172413793,
      "cat_1_recall": 0.017635532331809273,
      "cat_1_f1": 0.03250075233222991,
      "cat_2_precision": 0.23267326732673269,
      "cat_2_recall": 0.015980958857531452,
      "cat_2_f1": 0.029907731466751512,
      "cat_3_precision": 0.4956408829530699,
      "cat_3_recall": 0.685479733196511,
      "cat_3_f1": 0.5753041231564215,
      "cross_entropy": 1.1759014272559254
    },
    {
      "epoch": 5,
      "train_loss": 1.2107868364879064,
      "train_accuracy": 0.4627958200155673,
      "gradient_norm": 0.1799445269363267,
      "learning_rate": 0.001,
      "categorical_accuracy": 0.4901623053991388,
      "ordinal_accuracy": 0.7419675389201722,
      "quadratic_weighted_kappa": 0.49270996128797195,
      "mean_absolute_error": 0.8687644915534946,
      "kendall_tau": 0.45541496671910003,
      "spearman_correlation": 0.5053932431302335,
      "cohen_kappa": 0.26509245594345454,
      "cat_0_accuracy": 0.8596457450904891,
      "cat_1_accuracy": 0.02906596995427825,
      "cat_2_accuracy": 0.02754165249914995,
      "cat_3_accuracy": 0.7090815802975885,
      "cat_0_precision": 0.5013474062429822,
      "cat_0_recall": 0.8596457450904891,
      "cat_0_f1": 0.6333333333333333,
      "cat_1_precision": 0.24054054054054055,
      "cat_1_recall": 0.02906596995427825,
      "cat_1_f1": 0.051864801864801864,
      "cat_2_precision": 0.26732673267326734,