{
  "config": {
    "model": "coral_prob",
    "models": null,
    "dataset": "synthetic_OC",
    "epochs": 5,
    "batch_size": 64,
    "lr": 0.001,
    "n_folds": 0,
    "no_cv": false,
    "cv": false,
    "seed": 42,
    "device": null,
    "loss": "ce",
    "ce_weight": 0.4,
    "qwk_weight": 0.2,
    "coral_weight": 0.4,
    "focal_gamma": 2.0,
    "focal_alpha": null,
    "focal_weight": 0.0,
    "triple_coral": false,
    "triple_ce_weight": 0.33,
    "triple_qwk_weight": 0.33,
    "triple_coral_weight": 0.34,
    "enable_threshold_coupling": false,
    "coupling_type": "linear",
    "threshold_gpcm_weight": 0.7,
    "threshold_coral_weight": 0.3
  },
  "metrics": {
    "epoch": 5,
    "train_loss": 1.1239807776042394,
    "train_accuracy": 0.5005382309590448,
    "gradient_norm": 0.2963685712644032,
    "learning_rate": 0.001,
    "categorical_accuracy": 0.5177873468035773,
    "ordinal_accuracy": 0.7744286187479298,
    "quadratic_weighted_kappa": 0.5628976628665774,
    "mean_absolute_error": 0.7903941702550513,
    "kendall_tau": 0.5207602660578794,
    "spearman_correlation": 0.5734607747634269,
    "cohen_kappa": 0.30785398429380795,
    "cat_0_accuracy": 0.8650365806700039,
    "cat_1_accuracy": 0.031352057478772045,
    "cat_2_accuracy": 0.017341040462427744,
    "cat_3_accuracy": 0.8147768086198051,
    "cat_0_precision": 0.5462613981762918,
    "cat_0_recall": 0.8650365806700039,
    "cat_0_f1": 0.6696475147179373,
    "cat_1_precision": 0.3028391167192429,
    "cat_1_recall": 0.031352057478772045,
    "cat_1_f1": 0.05682154483575022,
    "cat_2_precision": 0.3953488372093023,
    "cat_2_recall": 0.017341040462427744,
    "cat_2_f1": 0.03322475570032573,
    "cat_3_precision": 0.4943960149439601,
    "cat_3_recall": 0.8147768086198051,
    "cat_3_f1": 0.6153846153846154,
    "cross_entropy": 1.0915251423488432,
    "best_epoch": 5,
    "total_epochs": 5,
    "parameters": 281258,
    "model_type": "CORALGPCM"
  },
  "training_history": [
    {
      "epoch": 1,
      "train_loss": 1.3521323374339513,
      "train_accuracy": 0.35150621863769604,
      "gradient_norm": 0.3002078426735742,
      "learning_rate": 0.001,
      "categorical_accuracy": 0.4588274263000994,
      "ordinal_accuracy": 0.691089764822789,
      "quadratic_weighted_kappa": 0.40124124874335976,
      "mean_absolute_error": 0.9934415369327592,
      "kendall_tau": 0.37617835242705266,
      "spearman_correlation": 0.41071838439052655,
      "cohen_kappa": 0.2190674856396504,
      "cat_0_accuracy": 0.8024643819792068,
      "cat_1_accuracy": 0.0006531678641410843,
      "cat_2_accuracy": 0.0,
      "cat_3_accuracy": 0.70702924576706,
      "cat_0_precision": 0.4856110916928813,
      "cat_0_recall": 0.8024643819792068,
      "cat_0_f1": 0.6050664150395587,
      "cat_1_precision": 0.5,
      "cat_1_recall": 0.0006531678641410843,
      "cat_1_f1": 0.001304631441617743,
      "cat_2_precision": 0.0,
      "cat_2_recall": 0.0,
      "cat_2_f1": 0.0,
      "cat_3_precision": 0.4237392373923739,
      "cat_3_recall": 0.70702924576706,
      "cat_3_f1": 0.5298980965199,
      "cross_entropy": 1.2821293148633128
    },
    {
      "epoch": 2,
      "train_loss": 1.2464266674859183,
      "train_accuracy": 0.45582365897686433,
      "gradient_norm": 0.42553029102938517,
      "learning_rate": 0.001,
      "categorical_accuracy": 0.4912885061278569,
      "ordinal_accuracy": 0.7346803577343491,
      "quadratic_weighted_kappa": 0.4862373043969216,
      "mean_absolute_error": 0.8850612785690626,
      "kendall_tau": 0.45721543534431036,
      "spearman_correlation": 0.49908515749005344,
      "cohen_kappa": 0.2624380978097095,
      "cat_0_accuracy": 0.878898729303042,
      "cat_1_accuracy": 0.0,
      "cat_2_accuracy": 0.0,
      "cat_3_accuracy": 0.7314007183170856,
      "cat_0_precision": 0.4988525844170036,
      "cat_0_recall": 0.878898729303042,
      "cat_0_f1": 0.6364586964098989,
      "cat_1_precision": 0.0,
      "cat_1_recall": 0.0,
      "cat_1_f1": 0.0,
      "cat_2_precision": 0.0,
      "cat_2_recall": 0.0,
      "cat_2_f1": 0.0,
      "cat_3_precision": 0.4796433378196501,
      "cat_3_recall": 0.7314007183170856,
      "cat_3_f1": 0.5793537898801057,
      "cross_entropy": 1.1913000590345821
    },
    {
      "epoch": 3,
      "train_loss": 1.2029574087687902,
      "train_accuracy": 0.47341139062318865,
      "gradient_norm": 0.45660989199365887,
      "learning_rate": 0.001,
      "categorical_accuracy": 0.5013580655846307,
      "ordinal_accuracy": 0.7468698244451806,
      "quadratic_weighted_kappa": 0.5144884713940412,
      "mean_absolute_error": 0.8524014574362372,
      "kendall_tau": 0.4824543178819706,
      "spearman_correlation": 0.5268110629764352,
      "cohen_kappa": 0.27814601853729115,
      "cat_0_accuracy": 0.8823642664613015,
      "cat_1_accuracy": 0.0,
      "cat_2_accuracy": 0.00034002040122407346,
      "cat_3_accuracy": 0.7655207798871216,
      "cat_0_precision": 0.51075448567926,
      "cat_0_recall": 0.8823642664613015,
      "cat_0_f1": 0.6469965412578528,
      "cat_1_precision": 0.0,
      "cat_1_recall": 0.0,
      "cat_1_f1": 0.0,
      "cat_2_precision": 0.2,
      "cat_2_recall": 0.00034002040122407346,
      "cat_2_f1": 0.0006788866259334691,
      "cat_3_precision": 0.488379705400982,
      "cat_3_recall": 0.7655207798871216,
      "cat_3_f1": 0.5963229416466826,
      "cross_entropy": 1.1541513480354602
    },
    {
      "epoch": 4,
      "train_loss": 1.160445315497262,
      "train_accuracy": 0.48869714986005997,
      "gradient_norm": 0.21774667501449585,
      "learning_rate": 0.001,
      "categorical_accuracy": 0.5078502815501822,
      "ordinal_accuracy": 0.7578668433256045,
      "quadratic_weighted_kappa": 0.5354313919633351,
      "mean_absolute_error": 0.8274925472010599,
      "kendall_tau": 0.4994816013412199,
      "spearman_correlation": 0.5468725801803556,
      "cohen_kappa": 0.2901193270738619,
      "cat_0_accuracy": 0.8737004235656527,
      "cat_1_accuracy": 0.004898758981058132,
      "cat_2_accuracy": 0.007480448826929616,
      "cat_3_accuracy": 0.79297075423294,
      "cat_0_precision": 0.5264501160092807,
      "cat_0_recall": 0.8737004235656527,
      "cat_0_f1": 0.6570146228463877,
      "cat_1_precision": 0.22727272727272727,
      "cat_1_recall": 0.004898758981058132,
      "cat_1_f1": 0.00959079283887468,
      "cat_2_precision": 0.3055555555555556,
      "cat_2_recall": 0.007480448826929616,
      "cat_2_f1": 0.014603385330235646,
      "cat_3_precision": 0.48777023828309923,
      "cat_3_recall": 0.79297075423294,
      "cat_3_f1": 0.6040058622374206,
      "cross_entropy": 1.1264825648125152
    },
    {
      "epoch": 5,
      "train_loss": 1.1239807776042394,
      "train_accuracy": 0.5005382309590448,
      "gradient_norm": 0.2963685712644032,
      "learning_rate": 0.001,
      "categorical_accuracy": 0.5177873468035773,
      "ordinal_accuracy": 0.7744286187479298,
      "quadratic_weighted_kappa": 0.5628976628665774,
      "mean_absolute_error": 0.7903941702550513,
      "kendall_tau": 0.5207602660578794,
      "spearman_correlation": 0.5734607747634269,
      "cohen_kappa": 0.30785398429380795,
      "cat_0_accuracy": 0.8650365806700039,
      "cat_1_accuracy": 0.031352057478772045,
      "cat_2_accuracy": 0.017341040462427744,
      "cat_3_accuracy": 0.8147768086198051,
      "cat_0_precision": 0.5462613981762918,
      "cat_0_recall": 0.8650365806700039,
      "cat_0_f1": 0.6696475147179373,
      "cat_1_precision": 0.3028391167192429,
      "cat_1_recall": 0.031352057478772045,
      "cat_1_f1": 0.05682154483575022,
      "cat_2_precision": 0.3953488372093023,
      "cat_2_recall": 0.017341040462427744,
      "cat_2_f1": 0.03322475570032573,
      "cat_3_precision": 0.4943960149439601,
      "cat_3_recall": 0.8147768086198051,
      "cat_3_f1": 0.6153846153846154,
      "cross_entropy": 1.0915251423488432
    }
  ],
  "timestamp": "2025-08-03T01:50:03.125690"
}