{
  "config": {
    "model": "coral_thresh",
    "models": null,
    "dataset": "synthetic_OC",
    "epochs": 5,
    "batch_size": 64,
    "lr": 0.001,
    "n_folds": 0,
    "no_cv": false,
    "cv": false,
    "seed": 42,
    "device": null,
    "loss": "ce",
    "ce_weight": 0.4,
    "qwk_weight": 0.2,
    "coral_weight": 0.4,
    "focal_gamma": 2.0,
    "focal_alpha": null,
    "focal_weight": 0.0,
    "triple_coral": false,
    "triple_ce_weight": 0.33,
    "triple_qwk_weight": 0.33,
    "triple_coral_weight": 0.34,
    "enable_threshold_coupling": false,
    "coupling_type": "linear",
    "threshold_gpcm_weight": 0.7,
    "threshold_coral_weight": 0.3
  },
  "metrics": {
    "epoch": 5,
    "train_loss": 1.1653861829212733,
    "train_accuracy": 0.48737227365318053,
    "gradient_norm": 0.20474428896393096,
    "learning_rate": 0.001,
    "categorical_accuracy": 0.5091752235839682,
    "ordinal_accuracy": 0.760847962901623,
    "quadratic_weighted_kappa": 0.5434564247846942,
    "mean_absolute_error": 0.8186816826763829,
    "kendall_tau": 0.5045744993525973,
    "spearman_correlation": 0.554256724338365,
    "cohen_kappa": 0.29261851820847595,
    "cat_0_accuracy": 0.8708124759337698,
    "cat_1_accuracy": 0.006531678641410843,
    "cat_2_accuracy": 0.01088065283917035,
    "cat_3_accuracy": 0.7981015905592611,
    "cat_0_precision": 0.5277097188192743,
    "cat_0_recall": 0.8708124759337698,
    "cat_0_f1": 0.6571739920087177,
    "cat_1_precision": 0.29850746268656714,
    "cat_1_recall": 0.006531678641410843,
    "cat_1_f1": 0.01278363694471077,
    "cat_2_precision": 0.22535211267605634,
    "cat_2_recall": 0.01088065283917035,
    "cat_2_f1": 0.02075900097307817,
    "cat_3_precision": 0.49263657957244655,
    "cat_3_recall": 0.7981015905592611,
    "cat_3_f1": 0.6092235386272398,
    "cross_entropy": 1.1252860869700136,
    "best_epoch": 5,
    "total_epochs": 5,
    "parameters": 281258,
    "model_type": "CORALGPCMFixed"
  },
  "training_history": [
    {
      "epoch": 1,
      "train_loss": 1.408036368233817,
      "train_accuracy": 0.2528195021777653,
      "gradient_norm": 0.3753481890474047,
      "learning_rate": 0.001,
      "categorical_accuracy": 0.38463067240808213,
      "ordinal_accuracy": 0.7198410069559457,
      "quadratic_weighted_kappa": 0.33035816912999627,
      "mean_absolute_error": 0.9875455448824114,
      "kendall_tau": 0.299018993452861,
      "spearman_correlation": 0.34865832593737434,
      "cohen_kappa": 0.1419040099096892,
      "cat_0_accuracy": 0.7019638043896804,
      "cat_1_accuracy": 0.1342259960809928,
      "cat_2_accuracy": 0.2658959537572254,
      "cat_3_accuracy": 0.24807593637762956,
      "cat_0_precision": 0.4550106077623861,
      "cat_0_recall": 0.7019638043896804,
      "cat_0_f1": 0.552131445445597,
      "cat_1_precision": 0.21284308648368722,
      "cat_1_recall": 0.1342259960809928,
      "cat_1_f1": 0.16463048267574604,
      "cat_2_precision": 0.23704152773567747,
      "cat_2_recall": 0.2658959537572254,
      "cat_2_f1": 0.25064102564102564,
      "cat_3_precision": 0.5221382289416847,
      "cat_3_recall": 0.24807593637762956,
      "cat_3_f1": 0.3363478260869565,
      "cross_entropy": 1.3365964055900001
    },
    {
      "epoch": 2,
      "train_loss": 1.3009143386568343,
      "train_accuracy": 0.41740224897736117,
      "gradient_norm": 0.2633806871516364,
      "learning_rate": 0.001,
      "categorical_accuracy": 0.47996025173898643,
      "ordinal_accuracy": 0.7286518714806227,
      "quadratic_weighted_kappa": 0.4646042368394757,
      "mean_absolute_error": 0.9044716793640278,
      "kendall_tau": 0.433126676013385,
      "spearman_correlation": 0.47854651077239835,
      "cohen_kappa": 0.24679905130143498,
      "cat_0_accuracy": 0.8683095879861379,
      "cat_1_accuracy": 0.011757021554539516,
      "cat_2_accuracy": 0.020401224073444406,
      "cat_3_accuracy": 0.677013853258081,
      "cat_0_precision": 0.4845814977973568,
      "cat_0_recall": 0.8683095879861379,
      "cat_0_f1": 0.6220260671677815,
      "cat_1_precision": 0.20224719101123595,
      "cat_1_recall": 0.011757021554539516,
      "cat_1_f1": 0.022222222222222223,
      "cat_2_precision": 0.2643171806167401,
      "cat_2_recall": 0.020401224073444406,
      "cat_2_f1": 0.03787878787878788,
      "cat_3_precision": 0.49024707412223667,
      "cat_3_recall": 0.677013853258081,
      "cat_3_f1": 0.5686887188880508,
      "cross_entropy": 1.2150854749707194
    },
    {
      "epoch": 3,
      "train_loss": 1.2325247526168823,
      "train_accuracy": 0.461123163804382,
      "gradient_norm": 0.4389715812035969,
      "learning_rate": 0.001,
      "categorical_accuracy": 0.4926796952633322,
      "ordinal_accuracy": 0.7399138787678039,
      "quadratic_weighted_kappa": 0.496897062884997,
      "mean_absolute_error": 0.873269294468367,
      "kendall_tau": 0.4636671653090652,
      "spearman_correlation": 0.5085578980602199,
      "cohen_kappa": 0.2665794926437861,
      "cat_0_accuracy": 0.8669618790912591,
      "cat_1_accuracy": 0.002939255388634879,
      "cat_2_accuracy": 0.007480448826929616,
      "cat_3_accuracy": 0.7447408927655208,
      "cat_0_precision": 0.5060687795010115,
      "cat_0_recall": 0.8669618790912591,
      "cat_0_f1": 0.6390860062446778,
      "cat_1_precision": 0.16363636363636364,
      "cat_1_recall": 0.002939255388634879,
      "cat_1_f1": 0.005774783445620789,
      "cat_2_precision": 0.25882352941176473,
      "cat_2_recall": 0.007480448826929616,
      "cat_2_f1": 0.014540647719762063,
      "cat_3_precision": 0.4792801717021628,
      "cat_3_recall": 0.7447408927655208,
      "cat_3_f1": 0.5832245102963335,
      "cross_entropy": 1.1902134519665073
    },
    {
      "epoch": 4,
      "train_loss": 1.197362048285348,
      "train_accuracy": 0.4742228772999023,
      "gradient_norm": 0.40975806542805265,
      "learning_rate": 0.001,
      "categorical_accuracy": 0.5035442199403776,
      "ordinal_accuracy": 0.7527658164955283,
      "quadratic_weighted_kappa": 0.5264890831662412,
      "mean_absolute_error": 0.8392182842000663,
      "kendall_tau": 0.4895705761526469,
      "spearman_correlation": 0.5369669943971025,
      "cohen_kappa": 0.2838602892998069,
      "cat_0_accuracy": 0.866576819407008,
      "cat_1_accuracy": 0.0032658393207054214,
      "cat_2_accuracy": 0.010200612036722203,
      "cat_3_accuracy": 0.7850179579271421,
      "cat_0_precision": 0.5209490740740741,
      "cat_0_recall": 0.866576819407008,
      "cat_0_f1": 0.6507156281624982,
      "cat_1_precision": 0.23809523809523808,
      "cat_1_recall": 0.0032658393207054214,
      "cat_1_f1": 0.006443298969072165,
      "cat_2_precision": 0.27522935779816515,
      "cat_2_recall": 0.010200612036722203,
      "cat_2_f1": 0.019672131147540985,
      "cat_3_precision": 0.4854060913705584,
      "cat_3_recall": 0.7850179579271421,
      "cat_3_f1": 0.599882376004705,
      "cross_entropy": 1.1609576143075262
    },
    {
      "epoch": 5,
      "train_loss": 1.1653861829212733,
      "train_accuracy": 0.48737227365318053,
      "gradient_norm": 0.20474428896393096,
      "learning_rate": 0.001,
      "categorical_accuracy": 0.5091752235839682,
      "ordinal_accuracy": 0.760847962901623,
      "quadratic_weighted_kappa": 0.5434564247846942,
      "mean_absolute_error": 0.8186816826763829,
      "kendall_tau": 0.5045744993525973,
      "spearman_correlation": 0.554256724338365,
      "cohen_kappa": 0.29261851820847595,
      "cat_0_accuracy": 0.8708124759337698,
      "cat_1_accuracy": 0.006531678641410843,
      "cat_2_accuracy": 0.01088065283917035,
      "cat_3_accuracy": 0.7981015905592611,
      "cat_0_precision": 0.5277097188192743,
      "cat_0_recall": 0.8708124759337698,
      "cat_0_f1": 0.6571739920087177,
      "cat_1_precision": 0.29850746268656714,
      "cat_1_recall": 0.006531678641410843,
      "cat_1_f1": 0.01278363694471077,
      "cat_2_precision": 0.22535211267605634,