{
  "config": {
    "model": "deep_gpcm",
    "models": null,
    "dataset": "synthetic_OC",
    "epochs": 5,
    "batch_size": 64,
    "lr": 0.001,
    "n_folds": 0,
    "no_cv": false,
    "cv": false,
    "seed": 42,
    "device": null,
    "loss": "ce",
    "ce_weight": 0.4,
    "qwk_weight": 0.2,
    "coral_weight": 0.4,
    "focal_gamma": 2.0,
    "focal_alpha": null,
    "focal_weight": 0.0,
    "triple_coral": false,
    "triple_ce_weight": 0.33,
    "triple_qwk_weight": 0.33,
    "triple_coral_weight": 0.34,
    "enable_threshold_coupling": false,
    "coupling_type": "linear",
    "threshold_gpcm_weight": 0.7,
    "threshold_coral_weight": 0.3
  },
  "metrics": {
    "epoch": 5,
    "train_loss": 1.1669071572167533,
    "train_accuracy": 0.48614676316181704,
    "gradient_norm": 0.16167038891996657,
    "learning_rate": 0.001,
    "categorical_accuracy": 0.5065915866180855,
    "ordinal_accuracy": 0.7748923484597549,
    "quadratic_weighted_kappa": 0.5551544245857998,
    "mean_absolute_error": 0.7958926796952633,
    "kendall_tau": 0.5040400100712277,
    "spearman_correlation": 0.5646975301352639,
    "cohen_kappa": 0.29662657901704137,
    "cat_0_accuracy": 0.8367346938775511,
    "cat_1_accuracy": 0.050293925538863485,
    "cat_2_accuracy": 0.05134308058483509,
    "cat_3_accuracy": 0.7685992816829144,
    "cat_0_precision": 0.5499177527521194,
    "cat_0_recall": 0.8367346938775511,
    "cat_0_f1": 0.6636634343742842,
    "cat_1_precision": 0.2558139534883721,
    "cat_1_recall": 0.050293925538863485,
    "cat_1_f1": 0.08406113537117904,
    "cat_2_precision": 0.257679180887372,
    "cat_2_recall": 0.05134308058483509,
    "cat_2_f1": 0.08562517720442302,
    "cat_3_precision": 0.4990006662225183,
    "cat_3_recall": 0.7685992816829144,
    "cat_3_f1": 0.6051302767117754,
    "cross_entropy": 1.123491015972589,
    "best_epoch": 5,
    "total_epochs": 5,
    "parameters": 278555,
    "model_type": "DeepGPCM"
  },
  "training_history": [
    {
      "epoch": 1,
      "train_loss": 1.379449793270656,
      "train_accuracy": 0.30121060563403607,
      "gradient_norm": 0.32884685695171356,
      "learning_rate": 0.001,
      "categorical_accuracy": 0.38416694269625706,
      "ordinal_accuracy": 0.6676382908247764,
      "quadratic_weighted_kappa": 0.24095522704243977,
      "mean_absolute_error": 1.0916197416363034,
      "kendall_tau": 0.2702657916366913,
      "spearman_correlation": 0.3076196856093838,
      "cohen_kappa": 0.11032058997570304,
      "cat_0_accuracy": 0.8525221409318444,
      "cat_1_accuracy": 0.10450685826257348,
      "cat_2_accuracy": 0.08602516150969058,
      "cat_3_accuracy": 0.2047203694202155,
      "cat_0_precision": 0.4135612216307089,
      "cat_0_recall": 0.8525221409318444,
      "cat_0_f1": 0.5569461040186152,
      "cat_1_precision": 0.1845444059976932,
      "cat_1_recall": 0.10450685826257348,
      "cat_1_f1": 0.13344453711426188,
      "cat_2_precision": 0.2140439932318105,
      "cat_2_recall": 0.08602516150969058,
      "cat_2_f1": 0.1227261702643706,
      "cat_3_precision": 0.5421195652173914,
      "cat_3_recall": 0.2047203694202155,
      "cat_3_f1": 0.29720670391061454,
      "cross_entropy": 1.3187116209965006
    },
    {
      "epoch": 2,
      "train_loss": 1.2901149306978499,
      "train_accuracy": 0.4130467184472451,
      "gradient_norm": 0.30147781116621836,
      "learning_rate": 0.001,
      "categorical_accuracy": 0.47320304736667773,
      "ordinal_accuracy": 0.7502484266313348,
      "quadratic_weighted_kappa": 0.48635870156415806,
      "mean_absolute_error": 0.8695594567737661,
      "kendall_tau": 0.43670465821249643,
      "spearman_correlation": 0.49555912576134253,
      "cohen_kappa": 0.2510429174326807,
      "cat_0_accuracy": 0.8043896804004621,
      "cat_1_accuracy": 0.06956237753102547,
      "cat_2_accuracy": 0.06766405984359061,
      "cat_3_accuracy": 0.6549512570549,
      "cat_0_precision": 0.5217282717282717,
      "cat_0_recall": 0.8043896804004621,
      "cat_0_f1": 0.6329344038782003,
      "cat_1_precision": 0.2225705329153605,
      "cat_1_recall": 0.06956237753102547,
      "cat_1_f1": 0.10599651654640457,
      "cat_2_precision": 0.2295271049596309,
      "cat_2_recall": 0.06766405984359061,
      "cat_2_f1": 0.10451680672268908,
      "cat_3_precision": 0.4850845525365761,
      "cat_3_recall": 0.6549512570549,
      "cat_3_f1": 0.5573627333260561,
      "cross_entropy": 1.2076678436110662
    },
    {
      "epoch": 3,
      "train_loss": 1.227311713354928,
      "train_accuracy": 0.4573141447096037,
      "gradient_norm": 0.47118708065577913,
      "learning_rate": 0.001,
      "categorical_accuracy": 0.4865187148062272,
      "ordinal_accuracy": 0.7489234845975489,
      "quadratic_weighted_kappa": 0.4985239717757175,
      "mean_absolute_error": 0.8599536270288175,
      "kendall_tau": 0.45553523842311017,
      "spearman_correlation": 0.5103690826977605,
      "cohen_kappa": 0.2649380386014293,
      "cat_0_accuracy": 0.839622641509434,
      "cat_1_accuracy": 0.045068582625734814,
      "cat_2_accuracy": 0.04454267256035362,
      "cat_3_accuracy": 0.6962544894817855,
      "cat_0_precision": 0.5196615824594852,
      "cat_0_recall": 0.839622641509434,
      "cat_0_f1": 0.6419843957014574,
      "cat_1_precision": 0.23469387755102042,
      "cat_1_recall": 0.045068582625734814,
      "cat_1_f1": 0.07561643835616438,
      "cat_2_precision": 0.23309608540925267,
      "cat_2_recall": 0.04454267256035362,
      "cat_2_f1": 0.07479303454182129,
      "cat_3_precision": 0.48874482261840446,
      "cat_3_recall": 0.6962544894817855,
      "cat_3_f1": 0.5743307586498784,
      "cross_entropy": 1.1839887798297382
    },
    {
      "epoch": 4,
      "train_loss": 1.188314403806414,
      "train_accuracy": 0.47096036964046173,
      "gradient_norm": 0.3729045550738062,
      "learning_rate": 0.001,
      "categorical_accuracy": 0.4983769460086121,
      "ordinal_accuracy": 0.7684663795958927,
      "quadratic_weighted_kappa": 0.5356563023685239,
      "mean_absolute_error": 0.8157005631003643,
      "kendall_tau": 0.4862286067025828,
      "spearman_correlation": 0.5460800906716633,
      "cohen_kappa": 0.28480846506339563,
      "cat_0_accuracy": 0.8371197535618021,
      "cat_1_accuracy": 0.054866100587851074,
      "cat_2_accuracy": 0.05542332539952397,
      "cat_3_accuracy": 0.7296049256028733,
      "cat_0_precision": 0.5413346613545816,
      "cat_0_recall": 0.8371197535618021,
      "cat_0_f1": 0.6574928171782852,
      "cat_1_precision": 0.2481536189069424,
      "cat_1_recall": 0.054866100587851074,
      "cat_1_f1": 0.08986359989301952,
      "cat_2_precision": 0.24328358208955222,
      "cat_2_recall": 0.05542332539952397,
      "cat_2_f1": 0.09027970091387427,
      "cat_3_precision": 0.49755073477956613,
      "cat_3_recall": 0.7296049256028733,
      "cat_3_f1": 0.5916371957561889,
      "cross_entropy": 1.1510262545341654
    },
    {
      "epoch": 5,
      "train_loss": 1.1669071572167533,
      "train_accuracy": 0.48614676316181704,
      "gradient_norm": 0.16167038891996657,
      "learning_rate": 0.001,
      "categorical_accuracy": 0.5065915866180855,
      "ordinal_accuracy": 0.7748923484597549,
      "quadratic_weighted_kappa": 0.5551544245857998,
      "mean_absolute_error": 0.7958926796952633,
      "kendall_tau": 0.5040400100712277,
      "spearman_correlation": 0.5646975301352639,
      "cohen_kappa": 0.29662657901704137,
      "cat_0_accuracy": 0.8367346938775511,
      "cat_1_accuracy": 0.050293925538863485,
      "cat_2_accuracy": 0.05134308058483509,
      "cat_3_accuracy": 0.7685992816829144,
      "cat_0_precision": 0.5499177527521194,
      "cat_0_recall": 0.8367346938775511,
      "cat_0_f1": 0.6636634343742842,
      "cat_1_precision": 0.2558139534883721,
      "cat_1_recall": 0.050293925538863485,
      "cat_1_f1": 0.08406113537117904,
      "cat_2_precision": 0.257679180887372,