{
  "config": {
    "dataset": "M1_P1_5",
    "data_dir": "data",
    "device": "cpu",
    "epochs": 1,
    "batch_size": 64,
    "lr": 0.001,
    "patience": 10,
    "hidden_dim": 128,
    "num_layers": 2,
    "dropout": 0.1,
    "n_folds": 0,
    "fold": null,
    "hyperopt": false,
    "hyperopt_trials": 50,
    "hyperopt_metric": "quadratic_weighted_kappa",
    "output_dir": null,
    "save_model": true,
    "save_results": true,
    "verbose": false,
    "debug": false,
    "seed": 42,
    "resume": null,
    "validate_only": false,
    "save_freq": 5,
    "datasets": null,
    "all": false,
    "exclude": [],
    "parallel": false,
    "max_workers": 4,
    "model": "DEEP-GPCM",
    "models": null,
    "loss": "factory",
    "no_cv": false,
    "cv": false,
    "adaptive": true,
    "no_adaptive": false,
    "adaptive_epochs": "5,15,40",
    "adaptive_arch": true,
    "adaptive_learning": true
  },
  "metrics": {
    "epoch": 1,
    "train_loss": 1.76866059892633,
    "train_accuracy": 0.3303694547287445,
    "gradient_norm": 0.32690011161599264,
    "learning_rate": 0.001,
    "categorical_accuracy": 0.39641085006941007,
    "ordinal_accuracy": 0.8019626962816369,
    "quadratic_weighted_kappa": 0.5866165066458829,
    "mean_absolute_error": 0.8568615112665299,
    "kendall_tau": 0.4963836758554368,
    "spearman_correlation": 0.588179037419109,
    "cohen_kappa": 0.238991630319499,
    "cat_0_accuracy": 0.4705357866580206,
    "cat_1_accuracy": 0.38692034988331286,
    "cat_2_accuracy": 0.3485557604122347,
    "cat_3_accuracy": 0.3325853901770132,
    "cat_4_accuracy": 0.41780376868096164,
    "cat_0_precision": 0.5929671339921857,
    "cat_0_recall": 0.4705357866580206,
    "cat_0_f1": 0.5247042606799462,
    "cat_1_precision": 0.41589751445750833,
    "cat_1_recall": 0.38692034988331286,
    "cat_1_f1": 0.4008859766508237,
    "cat_2_precision": 0.2981760828244429,
    "cat_2_recall": 0.3485557604122347,
    "cat_2_f1": 0.32140366172624235,
    "cat_3_precision": 0.23657276043777867,
    "cat_3_recall": 0.3325853901770132,
    "cat_3_f1": 0.27648077691749695,
    "cat_4_precision": 0.4843951786482996,
    "cat_4_recall": 0.41780376868096164,
    "cat_4_f1": 0.4486419137802143,
    "cross_entropy": 1.3757897467059268,
    "best_epoch": 1,
    "total_epochs": 1,
    "parameters": 227420,
    "model_type": "DeepGPCM"
  },
  "training_history": [
    {
      "epoch": 1,
      "train_loss": 1.76866059892633,
      "train_accuracy": 0.3303694547287445,
      "gradient_norm": 0.32690011161599264,
      "learning_rate": 0.001,
      "categorical_accuracy": 0.39641085006941007,
      "ordinal_accuracy": 0.8019626962816369,
      "quadratic_weighted_kappa": 0.5866165066458829,
      "mean_absolute_error": 0.8568615112665299,
      "kendall_tau": 0.4963836758554368,
      "spearman_correlation": 0.588179037419109,
      "cohen_kappa": 0.238991630319499,
      "cat_0_accuracy": 0.4705357866580206,
      "cat_1_accuracy": 0.38692034988331286,
      "cat_2_accuracy": 0.3485557604122347,
      "cat_3_accuracy": 0.3325853901770132,
      "cat_4_accuracy": 0.41780376868096164,
      "cat_0_precision": 0.5929671339921857,
      "cat_0_recall": 0.4705357866580206,
      "cat_0_f1": 0.5247042606799462,
      "cat_1_precision": 0.41589751445750833,
      "cat_1_recall": 0.38692034988331286,
      "cat_1_f1": 0.4008859766508237,
      "cat_2_precision": 0.2981760828244429,
      "cat_2_recall": 0.3485557604122347,
      "cat_2_f1": 0.32140366172624235,
      "cat_3_precision": 0.23657276043777867,
      "cat_3_recall": 0.3325853901770132,
      "cat_3_f1": 0.27648077691749695,
      "cat_4_precision": 0.4843951786482996,
      "cat_4_recall": 0.41780376868096164,
      "cat_4_f1": 0.4486419137802143,
      "cross_entropy": 1.3757897467059268
    }
  ],
  "timestamp": "2025-12-03T09:53:37.622517"
}