{
  "config": {
    "dataset": "synthetic_500_200_4",
    "data_dir": "data",
    "device": "cuda",
    "epochs": 1,
    "batch_size": 64,
    "lr": 0.001,
    "patience": 10,
    "hidden_dim": 128,
    "num_layers": 2,
    "dropout": 0.1,
    "n_folds": 0,
    "fold": null,
    "hyperopt": true,
    "hyperopt_trials": 1,
    "hyperopt_metric": "quadratic_weighted_kappa",
    "output_dir": null,
    "save_model": true,
    "save_results": true,
    "verbose": false,
    "debug": false,
    "seed": 42,
    "resume": null,
    "validate_only": false,
    "save_freq": 5,
    "datasets": null,
    "all": false,
    "exclude": [],
    "parallel": false,
    "max_workers": 4,
    "model": "deep_gpcm",
    "models": null,
    "loss": "factory",
    "no_cv": false,
    "cv": false,
    "adaptive": true,
    "no_adaptive": false,
    "adaptive_epochs": "1,1,1",
    "adaptive_arch": true,
    "adaptive_learning": true,
    "optimized_hyperparameters": {
      "memory_size": "100",
      "final_fc_dim": "100",
      "dropout_rate": 0.09507143064099162,
      "ce_weight_logit": 0.9279757672456204,
      "focal_weight_logit": 0.3946339367881464,
      "key_dim": "64",
      "value_dim": "200",
      "lr": 0.0016443457513284064,
      "weight_decay": 5.9025528556031264e-05,
      "batch_size": "256",
      "grad_clip": 2.001688750125598,
      "label_smoothing": 0.028573363584388157
    }
  },
  "metrics": {
    "epoch": 1,
    "train_loss": 1.136803686618805,
    "train_accuracy": 0.27747876057830845,
    "gradient_norm": 0.16924212127923965,
    "learning_rate": 0.0016443457513284064,
    "categorical_accuracy": 0.33620404107320306,
    "ordinal_accuracy": 0.6201391189135476,
    "quadratic_weighted_kappa": 0.12788524090429132,
    "mean_absolute_error": 1.2190129181848295,
    "kendall_tau": 0.12660581838450033,
    "spearman_correlation": 0.14681583410786211,
    "cohen_kappa": 0.05630981918418232,
    "cat_0_accuracy": 0.6788602233346168,
    "cat_1_accuracy": 0.11136512083605486,
    "cat_2_accuracy": 0.11798707922475349,
    "cat_3_accuracy": 0.22088250384812724,
    "cat_0_precision": 0.3873022847100176,
    "cat_0_recall": 0.6788602233346168,
    "cat_0_f1": 0.4932158343824311,
    "cat_1_precision": 0.17853403141361257,
    "cat_1_recall": 0.11136512083605486,
    "cat_1_f1": 0.13716814159292035,
    "cat_2_precision": 0.227391874180865,
    "cat_2_recall": 0.11798707922475349,
    "cat_2_f1": 0.1553615401835684,
    "cat_3_precision": 0.336986301369863,
    "cat_3_recall": 0.22088250384812724,
    "cat_3_f1": 0.26685262668526266,
    "cross_entropy": 1.3632076474978325,
    "best_epoch": 1,
    "total_epochs": 1,
    "parameters": 310985,
    "model_type": "DeepGPCM"
  },
  "training_history": [
    {
      "epoch": 1,
      "train_loss": 1.136803686618805,
      "train_accuracy": 0.27747876057830845,
      "gradient_norm": 0.16924212127923965,
      "learning_rate": 0.0016443457513284064,
      "categorical_accuracy": 0.33620404107320306,
      "ordinal_accuracy": 0.6201391189135476,
      "quadratic_weighted_kappa": 0.12788524090429132,
      "mean_absolute_error": 1.2190129181848295,
      "kendall_tau": 0.12660581838450033,
      "spearman_correlation": 0.14681583410786211,
      "cohen_kappa": 0.05630981918418232,
      "cat_0_accuracy": 0.6788602233346168,
      "cat_1_accuracy": 0.11136512083605486,
      "cat_2_accuracy": 0.11798707922475349,
      "cat_3_accuracy": 0.22088250384812724,
      "cat_0_precision": 0.3873022847100176,
      "cat_0_recall": 0.6788602233346168,
      "cat_0_f1": 0.4932158343824311,
      "cat_1_precision": 0.17853403141361257,
      "cat_1_recall": 0.11136512083605486,
      "cat_1_f1": 0.13716814159292035,
      "cat_2_precision": 0.227391874180865,
      "cat_2_recall": 0.11798707922475349,
      "cat_2_f1": 0.1553615401835684,
      "cat_3_precision": 0.336986301369863,
      "cat_3_recall": 0.22088250384812724,
      "cat_3_f1": 0.26685262668526266,
      "cross_entropy": 1.3632076474978325
    }
  ],
  "hyperopt_summary": {
    "best_params": {
      "memory_size": "100",
      "final_fc_dim": "100",
      "dropout_rate": 0.09507143064099162,
      "ce_weight_logit": 0.9279757672456204,
      "focal_weight_logit": 0.3946339367881464,
      "key_dim": "64",
      "value_dim": "200",
      "lr": 0.0016443457513284064,
      "weight_decay": 5.9025528556031264e-05,
      "batch_size": "256",
      "grad_clip": 2.001688750125598,
      "label_smoothing": 0.028573363584388157
    },
    "best_score": 0.12198761939792753,
    "best_cv_std": 0.0290896868204612,
    "total_trials": 1,
    "successful_trials": 1,
    "total_time": 26.359419584274292,
    "convergence_trial": 1,
    "metric": "quadratic_weighted_kappa",
    "all_trials": [
      {
        "trial_id": 1,
        "params": {
          "memory_size": "100",
          "final_fc_dim": "100",
          "dropout_rate": 0.09507143064099162,
          "ce_weight_logit": 0.9279757672456204,
          "focal_weight_logit": 0.3946339367881464,
          "key_dim": "64",
          "value_dim": "200",
          "lr": 0.0016443457513284064,
          "weight_decay": 5.9025528556031264e-05,
          "batch_size": "256",
          "grad_clip": 2.001688750125598,
          "label_smoothing": 0.028573363584388157
        },
        "score": 0.12198761939792753,
        "cv_std": 0.0290896868204612,
        "early_stopped": false,
        "training_time": 26.359419584274292
      }
    ],
    "best_loss_weights": {
      "type": "combined",
      "ce_weight": 0.5045422876227944,
      "focal_weight": 0.2959853105822423,
      "qwk_weight": 0.19947240179496334
    },
    "adaptive_features": {
      "adaptive_epochs_enabled": true,
      "architectural_params_enabled": true,
      "learning_params_enabled": true,
      "adaptive_enabled": true,
      "fallback_triggered": false,
      "fallback_reason": null,
      "performance_comparison": {}
    },
    "adaptive_report_path": "results/adaptive_hyperopt/adaptive_report_deep_gpcm_synthetic_500_200_4.json"
  },
  "timestamp": "2025-08-14T13:47:18.917920"
}