{
  "config": {
    "dataset": "synthetic_500_200_4",
    "data_dir": "data",
    "device": "cuda",
    "epochs": 1,
    "batch_size": 64,
    "lr": 0.001,
    "patience": 10,
    "hidden_dim": 128,
    "num_layers": 2,
    "dropout": 0.1,
    "folds": 5,
    "fold": null,
    "output_dir": null,
    "save_model": true,
    "save_results": true,
    "verbose": false,
    "debug": false,
    "seed": 42,
    "resume": null,
    "validate_only": false,
    "save_freq": 5,
    "datasets": null,
    "all": false,
    "exclude": [],
    "parallel": false,
    "max_workers": 4,
    "model": "deep_gpcm",
    "models": null,
    "no_cv": false,
    "n_folds": 5,
    "cv": false
  },
  "cv_summary": {
    "categorical_accuracy": {
      "mean": 0.3924854176720161,
      "std": 0.018894277827010045,
      "values": [
        0.37063682387423397,
        0.38114390892358035,
        0.4137589214908802,
        0.4165463849888466,
        0.3803410490825391
      ]
    },
    "ordinal_accuracy": {
      "mean": 0.6910611052981391,
      "std": 0.01346827404310067,
      "values": [
        0.6704636290967226,
        0.6858681573386052,
        0.701097012952683,
        0.709683768534313,
        0.6881929585683719
      ]
    },
    "quadratic_weighted_kappa": {
      "mean": 0.32201367215226157,
      "std": 0.04352717697925846,
      "values": [
        0.2549008655873186,
        0.2918623080640286,
        0.358633215142962,
        0.3733117548193001,
        0.33136021714769837
      ]
    },
    "mean_absolute_error": {
      "mean": 1.0368165607082427,
      "std": 0.0396707338583213,
      "values": [
        1.0944577671196376,
        1.0548094621310247,
        1.004295532646048,
        0.9818265319511875,
        1.0486935096933152
      ]
    },
    "kendall_tau": {
      "mean": 0.29014768920795275,
      "std": 0.032562318143134476,
      "values": [
        0.25486306211908755,
        0.25518571281123803,
        0.330257277188196,
        0.32485390573964473,
        0.2855784881815975
      ]
    },
    "spearman_correlation": {
      "mean": 0.33709553285469684,
      "std": 0.037346693546376666,
      "values": [
        0.2943919364865028,
        0.2978148282775058,
        0.3819511473590686,
        0.37694380038904096,
        0.334375951761366
      ]
    },
    "cohen_kappa": {
      "mean": 0.15259399008121097,
      "std": 0.023620721770801188,
      "values": [
        0.12246407558743644,
        0.1333323345392361,
        0.17314854340608243,
        0.1853508862402634,
        0.14867411063303648
      ]
    },
    "cross_entropy": {
      "mean": 1.3234406549360058,
      "std": 0.012735932494932113,
      "values": [
        1.3326790713984147,
        1.331794615970131,
        1.3017051081516289,
        1.316161679195783,
        1.3348627999640712
      ]
    }
  },
  "fold_results": [
    {
      "fold": 1,
      "metrics": {
        "epoch": 1,
        "train_loss": 1.0338496821267265,
        "train_accuracy": 0.3107035358713988,
        "gradient_norm": 0.26771694847515654,
        "learning_rate": 0.001,
        "categorical_accuracy": 0.37063682387423397,
        "ordinal_accuracy": 0.6704636290967226,
        "quadratic_weighted_kappa": 0.2549008655873186,
        "mean_absolute_error": 1.0944577671196376,
        "kendall_tau": 0.25486306211908755,
        "spearman_correlation": 0.2943919364865028,
        "cohen_kappa": 0.12246407558743644,
        "cat_0_accuracy": 0.7680336487907465,
        "cat_1_accuracy": 0.14974457215836526,
        "cat_2_accuracy": 0.12195913071683426,
        "cat_3_accuracy": 0.2639782285997031,
        "cat_0_precision": 0.4022912535800837,
        "cat_0_recall": 0.7680336487907465,
        "cat_0_f1": 0.5280127231981494,
        "cat_1_precision": 0.22386634844868736,
        "cat_1_recall": 0.14974457215836526,
        "cat_1_f1": 0.17945284101779224,
        "cat_2_precision": 0.23857868020304568,
        "cat_2_recall": 0.12195913071683426,
        "cat_2_f1": 0.1614080274737068,
        "cat_3_precision": 0.47149801148917364,
        "cat_3_recall": 0.2639782285997031,
        "cat_3_f1": 0.3384615384615385,
        "cross_entropy": 1.3326790713984147,
        "best_epoch": 1,
        "total_epochs": 1,
        "parameters": 278555,
        "model_type": "DeepGPCM"
      },
      "training_history": [
        {
          "epoch": 1,
          "train_loss": 1.0338496821267265,
          "train_accuracy": 0.3107035358713988,
          "gradient_norm": 0.26771694847515654,
          "learning_rate": 0.001,
          "categorical_accuracy": 0.37063682387423397,
          "ordinal_accuracy": 0.6704636290967226,
          "quadratic_weighted_kappa": 0.2549008655873186,
          "mean_absolute_error": 1.0944577671196376,
          "kendall_tau": 0.25486306211908755,
          "spearman_correlation": 0.2943919364865028,
          "cohen_kappa": 0.12246407558743644,
          "cat_0_accuracy": 0.7680336487907465,
          "cat_1_accuracy": 0.14974457215836526,
          "cat_2_accuracy": 0.12195913071683426,
          "cat_3_accuracy": 0.2639782285997031,
          "cat_0_precision": 0.4022912535800837,
          "cat_0_recall": 0.7680336487907465,
          "cat_0_f1": 0.5280127231981494,
          "cat_1_precision": 0.22386634844868736,
          "cat_1_recall": 0.14974457215836526,
          "cat_1_f1": 0.17945284101779224,
          "cat_2_precision": 0.23857868020304568,
          "cat_2_recall": 0.12195913071683426,
          "cat_2_f1": 0.1614080274737068,
          "cat_3_precision": 0.47149801148917364,
          "cat_3_recall": 0.2639782285997031,
          "cat_3_f1": 0.3384615384615385,
          "cross_entropy": 1.3326790713984147
        }
      ]
    },
    {
      "fold": 2,
      "metrics": {
        "epoch": 1,
        "train_loss": 1.0449138113430567,
        "train_accuracy": 0.3025538982716374,
        "gradient_norm": 0.28856135266167776,
        "learning_rate": 0.001,
        "categorical_accuracy": 0.38114390892358035,
        "ordinal_accuracy": 0.6858681573386052,
        "quadratic_weighted_kappa": 0.2918623080640286,
        "mean_absolute_error": 1.0548094621310247,
        "kendall_tau": 0.25518571281123803,
        "spearman_correlation": 0.2978148282775058,
        "cohen_kappa": 0.1333323345392361,
        "cat_0_accuracy": 0.6847935548841894,
        "cat_1_accuracy": 0.11832427246562201,
        "cat_2_accuracy": 0.15510761872224121,
        "cat_3_accuracy": 0.3745205479452055,
        "cat_0_precision": 0.43656908063687727,
        "cat_0_recall": 0.6847935548841894,
        "cat_0_f1": 0.533207872657414,
        "cat_1_precision": 0.23506988564167725,
        "cat_1_recall": 0.11832427246562201,
        "cat_1_f1": 0.1574133163156775,
        "cat_2_precision": 0.22917718324078748,
        "cat_2_recall": 0.15510761872224121,
        "cat_2_f1": 0.1850040749796251,
        "cat_3_precision": 0.41100420926037284,
        "cat_3_recall": 0.3745205479452055,
        "cat_3_f1": 0.3919151376146789,
        "cross_entropy": 1.331794615970131,
        "best_epoch": 1,
        "total_epochs": 1,
        "parameters": 278555,
        "model_type": "DeepGPCM"
      },
      "training_history": [
        {
          "epoch": 1,
          "train_loss": 1.0449138113430567,
          "train_accuracy": 0.3025538982716374,
          "gradient_norm": 0.28856135266167776,
          "learning_rate": 0.001,
          "categorical_accuracy": 0.38114390892358035,
          "ordinal_accuracy": 0.6858681573386052,
          "quadratic_weighted_kappa": 0.2918623080640286,
          "mean_absolute_error": 1.0548094621310247,
          "kendall_tau": 0.25518571281123803,
          "spearman_correlation": 0.2978148282775058,
          "cohen_kappa": 0.1333323345392361,
          "cat_0_accuracy": 0.6847935548841894,
          "cat_1_accuracy": 0.11832427246562201,
          "cat_2_accuracy": 0.15510761872224121,
          "cat_3_accuracy": 0.3745205479452055,