{
  "config": {
    "dataset": "synthetic_500_200_4",
    "data_dir": "data",
    "device": "cuda",
    "epochs": 1,
    "batch_size": 64,
    "lr": 0.001,
    "patience": 10,
    "hidden_dim": 128,
    "num_layers": 2,
    "dropout": 0.1,
    "folds": 5,
    "fold": 4,
    "output_dir": null,
    "save_model": true,
    "save_results": true,
    "verbose": false,
    "debug": false,
    "seed": 42,
    "resume": null,
    "validate_only": false,
    "save_freq": 5,
    "datasets": null,
    "all": false,
    "exclude": [],
    "parallel": false,
    "max_workers": 4,
    "model": "deep_gpcm",
    "models": null,
    "no_cv": false,
    "n_folds": 5,
    "cv": false
  },
  "metrics": {
    "epoch": 1,
    "train_loss": 1.0234692777906145,
    "train_accuracy": 0.3248887708347168,
    "gradient_norm": 0.18417289853096008,
    "learning_rate": 0.001,
    "categorical_accuracy": 0.4165463849888466,
    "ordinal_accuracy": 0.709683768534313,
    "quadratic_weighted_kappa": 0.3733117548193001,
    "mean_absolute_error": 0.9818265319511875,
    "kendall_tau": 0.32485390573964473,
    "spearman_correlation": 0.37694380038904096,
    "cohen_kappa": 0.1853508862402634,
    "cat_0_accuracy": 0.6513761467889908,
    "cat_1_accuracy": 0.0998410174880763,
    "cat_2_accuracy": 0.15528781793842034,
    "cat_3_accuracy": 0.5552016985138004,
    "cat_0_precision": 0.4994974874371859,
    "cat_0_recall": 0.6513761467889908,
    "cat_0_f1": 0.565415244596132,
    "cat_1_precision": 0.21805555555555556,
    "cat_1_recall": 0.0998410174880763,
    "cat_1_f1": 0.13696837513631407,
    "cat_2_precision": 0.2321160580290145,
    "cat_2_recall": 0.15528781793842034,
    "cat_2_f1": 0.1860838179266092,
    "cat_3_precision": 0.4324100868127325,
    "cat_3_recall": 0.5552016985138004,
    "cat_3_f1": 0.48617243783406927,
    "cross_entropy": 1.316161679195783,
    "best_epoch": 1,
    "total_epochs": 1,
    "parameters": 278555,
    "model_type": "DeepGPCM"
  },
  "training_history": [
    {
      "epoch": 1,
      "train_loss": 1.0234692777906145,
      "train_accuracy": 0.3248887708347168,
      "gradient_norm": 0.18417289853096008,
      "learning_rate": 0.001,
      "categorical_accuracy": 0.4165463849888466,
      "ordinal_accuracy": 0.709683768534313,
      "quadratic_weighted_kappa": 0.3733117548193001,
      "mean_absolute_error": 0.9818265319511875,
      "kendall_tau": 0.32485390573964473,
      "spearman_correlation": 0.37694380038904096,
      "cohen_kappa": 0.1853508862402634,
      "cat_0_accuracy": 0.6513761467889908,
      "cat_1_accuracy": 0.0998410174880763,
      "cat_2_accuracy": 0.15528781793842034,
      "cat_3_accuracy": 0.5552016985138004,
      "cat_0_precision": 0.4994974874371859,
      "cat_0_recall": 0.6513761467889908,
      "cat_0_f1": 0.565415244596132,
      "cat_1_precision": 0.21805555555555556,
      "cat_1_recall": 0.0998410174880763,
      "cat_1_f1": 0.13696837513631407,
      "cat_2_precision": 0.2321160580290145,
      "cat_2_recall": 0.15528781793842034,
      "cat_2_f1": 0.1860838179266092,
      "cat_3_precision": 0.4324100868127325,
      "cat_3_recall": 0.5552016985138004,
      "cat_3_f1": 0.48617243783406927,
      "cross_entropy": 1.316161679195783
    }
  ],
  "timestamp": "2025-08-14T00:04:34.761541"
}