{
  "config": {
    "dataset": "synthetic_500_200_4",
    "data_dir": "data",
    "device": "cuda",
    "epochs": 1,
    "batch_size": 64,
    "lr": 0.001,
    "patience": 10,
    "hidden_dim": 128,
    "num_layers": 2,
    "dropout": 0.1,
    "folds": 5,
    "fold": 3,
    "output_dir": null,
    "save_model": true,
    "save_results": true,
    "verbose": false,
    "debug": false,
    "seed": 42,
    "resume": null,
    "validate_only": false,
    "save_freq": 5,
    "datasets": null,
    "all": false,
    "exclude": [],
    "parallel": false,
    "max_workers": 4,
    "model": "deep_gpcm",
    "models": null,
    "no_cv": false,
    "n_folds": 5,
    "cv": false
  },
  "metrics": {
    "epoch": 1,
    "train_loss": 1.033631248133523,
    "train_accuracy": 0.3103105425380307,
    "gradient_norm": 0.23235888885600225,
    "learning_rate": 0.001,
    "categorical_accuracy": 0.4137589214908802,
    "ordinal_accuracy": 0.701097012952683,
    "quadratic_weighted_kappa": 0.358633215142962,
    "mean_absolute_error": 1.004295532646048,
    "kendall_tau": 0.330257277188196,
    "spearman_correlation": 0.3819511473590686,
    "cohen_kappa": 0.17314854340608243,
    "cat_0_accuracy": 0.7697725900583618,
    "cat_1_accuracy": 0.0998330550918197,
    "cat_2_accuracy": 0.1244367417677643,
    "cat_3_accuracy": 0.4151295820686435,
    "cat_0_precision": 0.4408205601014175,
    "cat_0_recall": 0.7697725900583618,
    "cat_0_f1": 0.5606038399530998,
    "cat_1_precision": 0.19466145833333334,
    "cat_1_recall": 0.0998330550918197,
    "cat_1_f1": 0.1319796954314721,
    "cat_2_precision": 0.2331168831168831,
    "cat_2_recall": 0.1244367417677643,
    "cat_2_f1": 0.16225988700564972,
    "cat_3_precision": 0.5261911808227286,
    "cat_3_recall": 0.4151295820686435,
    "cat_3_f1": 0.4641085878360741,
    "cross_entropy": 1.3017051081516289,
    "best_epoch": 1,
    "total_epochs": 1,
    "parameters": 278555,
    "model_type": "DeepGPCM"
  },
  "training_history": [
    {
      "epoch": 1,
      "train_loss": 1.033631248133523,
      "train_accuracy": 0.3103105425380307,
      "gradient_norm": 0.23235888885600225,
      "learning_rate": 0.001,
      "categorical_accuracy": 0.4137589214908802,
      "ordinal_accuracy": 0.701097012952683,
      "quadratic_weighted_kappa": 0.358633215142962,
      "mean_absolute_error": 1.004295532646048,
      "kendall_tau": 0.330257277188196,
      "spearman_correlation": 0.3819511473590686,
      "cohen_kappa": 0.17314854340608243,
      "cat_0_accuracy": 0.7697725900583618,
      "cat_1_accuracy": 0.0998330550918197,
      "cat_2_accuracy": 0.1244367417677643,
      "cat_3_accuracy": 0.4151295820686435,
      "cat_0_precision": 0.4408205601014175,
      "cat_0_recall": 0.7697725900583618,
      "cat_0_f1": 0.5606038399530998,
      "cat_1_precision": 0.19466145833333334,
      "cat_1_recall": 0.0998330550918197,
      "cat_1_f1": 0.1319796954314721,
      "cat_2_precision": 0.2331168831168831,
      "cat_2_recall": 0.1244367417677643,
      "cat_2_f1": 0.16225988700564972,
      "cat_3_precision": 0.5261911808227286,
      "cat_3_recall": 0.4151295820686435,
      "cat_3_f1": 0.4641085878360741,
      "cross_entropy": 1.3017051081516289
    }
  ],
  "timestamp": "2025-08-14T00:04:30.205754"
}