{
  "config": {
    "dataset": "synthetic_500_200_4",
    "data_dir": "data",
    "device": "cuda",
    "epochs": 1,
    "batch_size": 64,
    "lr": 0.001,
    "patience": 10,
    "hidden_dim": 128,
    "num_layers": 2,
    "dropout": 0.1,
    "folds": 5,
    "fold": 5,
    "output_dir": null,
    "save_model": true,
    "save_results": true,
    "verbose": false,
    "debug": false,
    "seed": 42,
    "resume": null,
    "validate_only": false,
    "save_freq": 5,
    "datasets": null,
    "all": false,
    "exclude": [],
    "parallel": false,
    "max_workers": 4,
    "model": "deep_gpcm",
    "models": null,
    "no_cv": false,
    "n_folds": 5,
    "cv": false
  },
  "metrics": {
    "epoch": 1,
    "train_loss": 1.0357229028429304,
    "train_accuracy": 0.3188577137623845,
    "gradient_norm": 0.2690195632832391,
    "learning_rate": 0.001,
    "categorical_accuracy": 0.3803410490825391,
    "ordinal_accuracy": 0.6881929585683719,
    "quadratic_weighted_kappa": 0.33136021714769837,
    "mean_absolute_error": 1.0486935096933152,
    "kendall_tau": 0.2855784881815975,
    "spearman_correlation": 0.334375951761366,
    "cohen_kappa": 0.14867411063303648,
    "cat_0_accuracy": 0.5678985818650623,
    "cat_1_accuracy": 0.13164324984728162,
    "cat_2_accuracy": 0.09516380655226209,
    "cat_3_accuracy": 0.5797202797202797,
    "cat_0_precision": 0.4308770785784154,
    "cat_0_recall": 0.5678985818650623,
    "cat_0_f1": 0.4899888765294772,
    "cat_1_precision": 0.22483046426708397,
    "cat_1_recall": 0.13164324984728162,
    "cat_1_f1": 0.16605663648622615,
    "cat_2_precision": 0.19242902208201892,
    "cat_2_recall": 0.09516380655226209,
    "cat_2_f1": 0.12734864300626306,
    "cat_3_precision": 0.4297563504406428,
    "cat_3_recall": 0.5797202797202797,
    "cat_3_f1": 0.4935992855016374,
    "cross_entropy": 1.3348627999640712,
    "best_epoch": 1,
    "total_epochs": 1,
    "parameters": 278555,
    "model_type": "DeepGPCM"
  },
  "training_history": [
    {
      "epoch": 1,
      "train_loss": 1.0357229028429304,
      "train_accuracy": 0.3188577137623845,
      "gradient_norm": 0.2690195632832391,
      "learning_rate": 0.001,
      "categorical_accuracy": 0.3803410490825391,
      "ordinal_accuracy": 0.6881929585683719,
      "quadratic_weighted_kappa": 0.33136021714769837,
      "mean_absolute_error": 1.0486935096933152,
      "kendall_tau": 0.2855784881815975,
      "spearman_correlation": 0.334375951761366,
      "cohen_kappa": 0.14867411063303648,
      "cat_0_accuracy": 0.5678985818650623,
      "cat_1_accuracy": 0.13164324984728162,
      "cat_2_accuracy": 0.09516380655226209,
      "cat_3_accuracy": 0.5797202797202797,
      "cat_0_precision": 0.4308770785784154,
      "cat_0_recall": 0.5678985818650623,
      "cat_0_f1": 0.4899888765294772,
      "cat_1_precision": 0.22483046426708397,
      "cat_1_recall": 0.13164324984728162,
      "cat_1_f1": 0.16605663648622615,
      "cat_2_precision": 0.19242902208201892,
      "cat_2_recall": 0.09516380655226209,
      "cat_2_f1": 0.12734864300626306,
      "cat_3_precision": 0.4297563504406428,
      "cat_3_recall": 0.5797202797202797,
      "cat_3_f1": 0.4935992855016374,
      "cross_entropy": 1.3348627999640712
    }
  ],
  "timestamp": "2025-08-14T00:04:39.744735"
}