{
  "config": {
    "dataset": "synthetic_500_200_4",
    "data_dir": "data",
    "device": "cuda",
    "epochs": 1,
    "batch_size": 64,
    "lr": 0.001,
    "patience": 10,
    "hidden_dim": 128,
    "num_layers": 2,
    "dropout": 0.1,
    "folds": 5,
    "fold": 1,
    "output_dir": null,
    "save_model": true,
    "save_results": true,
    "verbose": false,
    "debug": false,
    "seed": 42,
    "resume": null,
    "validate_only": false,
    "save_freq": 5,
    "datasets": null,
    "all": false,
    "exclude": [],
    "parallel": false,
    "max_workers": 4,
    "model": "deep_gpcm",
    "models": null,
    "no_cv": false,
    "n_folds": 5,
    "cv": false
  },
  "metrics": {
    "epoch": 1,
    "train_loss": 1.0338496821267265,
    "train_accuracy": 0.3107035358713988,
    "gradient_norm": 0.26771694847515654,
    "learning_rate": 0.001,
    "categorical_accuracy": 0.37063682387423397,
    "ordinal_accuracy": 0.6704636290967226,
    "quadratic_weighted_kappa": 0.2549008655873186,
    "mean_absolute_error": 1.0944577671196376,
    "kendall_tau": 0.25486306211908755,
    "spearman_correlation": 0.2943919364865028,
    "cohen_kappa": 0.12246407558743644,
    "cat_0_accuracy": 0.7680336487907465,
    "cat_1_accuracy": 0.14974457215836526,
    "cat_2_accuracy": 0.12195913071683426,
    "cat_3_accuracy": 0.2639782285997031,
    "cat_0_precision": 0.4022912535800837,
    "cat_0_recall": 0.7680336487907465,
    "cat_0_f1": 0.5280127231981494,
    "cat_1_precision": 0.22386634844868736,
    "cat_1_recall": 0.14974457215836526,
    "cat_1_f1": 0.17945284101779224,
    "cat_2_precision": 0.23857868020304568,
    "cat_2_recall": 0.12195913071683426,
    "cat_2_f1": 0.1614080274737068,
    "cat_3_precision": 0.47149801148917364,
    "cat_3_recall": 0.2639782285997031,
    "cat_3_f1": 0.3384615384615385,
    "cross_entropy": 1.3326790713984147,
    "best_epoch": 1,
    "total_epochs": 1,
    "parameters": 278555,
    "model_type": "DeepGPCM"
  },
  "training_history": [
    {
      "epoch": 1,
      "train_loss": 1.0338496821267265,
      "train_accuracy": 0.3107035358713988,
      "gradient_norm": 0.26771694847515654,
      "learning_rate": 0.001,
      "categorical_accuracy": 0.37063682387423397,
      "ordinal_accuracy": 0.6704636290967226,
      "quadratic_weighted_kappa": 0.2549008655873186,
      "mean_absolute_error": 1.0944577671196376,
      "kendall_tau": 0.25486306211908755,
      "spearman_correlation": 0.2943919364865028,
      "cohen_kappa": 0.12246407558743644,
      "cat_0_accuracy": 0.7680336487907465,
      "cat_1_accuracy": 0.14974457215836526,
      "cat_2_accuracy": 0.12195913071683426,
      "cat_3_accuracy": 0.2639782285997031,
      "cat_0_precision": 0.4022912535800837,
      "cat_0_recall": 0.7680336487907465,
      "cat_0_f1": 0.5280127231981494,
      "cat_1_precision": 0.22386634844868736,
      "cat_1_recall": 0.14974457215836526,
      "cat_1_f1": 0.17945284101779224,
      "cat_2_precision": 0.23857868020304568,
      "cat_2_recall": 0.12195913071683426,
      "cat_2_f1": 0.1614080274737068,
      "cat_3_precision": 0.47149801148917364,
      "cat_3_recall": 0.2639782285997031,
      "cat_3_f1": 0.3384615384615385,
      "cross_entropy": 1.3326790713984147
    }
  ],
  "timestamp": "2025-08-14T00:04:20.857804"
}