{
  "config": {
    "dataset": "synthetic_500_200_4",
    "data_dir": "data",
    "device": "cuda",
    "epochs": 1,
    "batch_size": 64,
    "lr": 0.001,
    "patience": 10,
    "hidden_dim": 128,
    "num_layers": 2,
    "dropout": 0.1,
    "folds": 5,
    "fold": 2,
    "output_dir": null,
    "save_model": true,
    "save_results": true,
    "verbose": false,
    "debug": false,
    "seed": 42,
    "resume": null,
    "validate_only": false,
    "save_freq": 5,
    "datasets": null,
    "all": false,
    "exclude": [],
    "parallel": false,
    "max_workers": 4,
    "model": "deep_gpcm",
    "models": null,
    "no_cv": false,
    "n_folds": 5,
    "cv": false
  },
  "metrics": {
    "epoch": 1,
    "train_loss": 1.0449138113430567,
    "train_accuracy": 0.3025538982716374,
    "gradient_norm": 0.28856135266167776,
    "learning_rate": 0.001,
    "categorical_accuracy": 0.38114390892358035,
    "ordinal_accuracy": 0.6858681573386052,
    "quadratic_weighted_kappa": 0.2918623080640286,
    "mean_absolute_error": 1.0548094621310247,
    "kendall_tau": 0.25518571281123803,
    "spearman_correlation": 0.2978148282775058,
    "cohen_kappa": 0.1333323345392361,
    "cat_0_accuracy": 0.6847935548841894,
    "cat_1_accuracy": 0.11832427246562201,
    "cat_2_accuracy": 0.15510761872224121,
    "cat_3_accuracy": 0.3745205479452055,
    "cat_0_precision": 0.43656908063687727,
    "cat_0_recall": 0.6847935548841894,
    "cat_0_f1": 0.533207872657414,
    "cat_1_precision": 0.23506988564167725,
    "cat_1_recall": 0.11832427246562201,
    "cat_1_f1": 0.1574133163156775,
    "cat_2_precision": 0.22917718324078748,
    "cat_2_recall": 0.15510761872224121,
    "cat_2_f1": 0.1850040749796251,
    "cat_3_precision": 0.41100420926037284,
    "cat_3_recall": 0.3745205479452055,
    "cat_3_f1": 0.3919151376146789,
    "cross_entropy": 1.331794615970131,
    "best_epoch": 1,
    "total_epochs": 1,
    "parameters": 278555,
    "model_type": "DeepGPCM"
  },
  "training_history": [
    {
      "epoch": 1,
      "train_loss": 1.0449138113430567,
      "train_accuracy": 0.3025538982716374,
      "gradient_norm": 0.28856135266167776,
      "learning_rate": 0.001,
      "categorical_accuracy": 0.38114390892358035,
      "ordinal_accuracy": 0.6858681573386052,
      "quadratic_weighted_kappa": 0.2918623080640286,
      "mean_absolute_error": 1.0548094621310247,
      "kendall_tau": 0.25518571281123803,
      "spearman_correlation": 0.2978148282775058,
      "cohen_kappa": 0.1333323345392361,
      "cat_0_accuracy": 0.6847935548841894,
      "cat_1_accuracy": 0.11832427246562201,
      "cat_2_accuracy": 0.15510761872224121,
      "cat_3_accuracy": 0.3745205479452055,
      "cat_0_precision": 0.43656908063687727,
      "cat_0_recall": 0.6847935548841894,
      "cat_0_f1": 0.533207872657414,
      "cat_1_precision": 0.23506988564167725,
      "cat_1_recall": 0.11832427246562201,
      "cat_1_f1": 0.1574133163156775,
      "cat_2_precision": 0.22917718324078748,
      "cat_2_recall": 0.15510761872224121,
      "cat_2_f1": 0.1850040749796251,
      "cat_3_precision": 0.41100420926037284,
      "cat_3_recall": 0.3745205479452055,
      "cat_3_f1": 0.3919151376146789,
      "cross_entropy": 1.331794615970131
    }
  ],
  "timestamp": "2025-08-14T00:04:25.605167"
}