{
  "theta_correlation": -0.09876479837858576,
  "theta_mse": 0.8944787146456099,
  "alpha_correlation": 0.263742867603231,
  "alpha_mse": 0.24838879259015867,
  "alpha_mean_ratio": 0.8384398122593847,
  "beta_correlation": 0.37013450589487706,
  "beta_mse": 2.711033982959643,
  "theta_kl_divergence": 1.835152773364887,
  "alpha_kl_divergence": 0.9941994712768486
}