{
  "best_qwk": 0.015122938002629982,
  "total_epochs": 1,
  "metrics_history": [
    {
      "loss": 0.7190845097814288,
      "categorical_accuracy": 0.49808080808080807,
      "ordinal_accuracy": 0.6594949494949495,
      "quadratic_weighted_kappa": 0.015122938002629982,
      "mean_absolute_error": 1.0334848484848485,
      "kendall_tau": 0.06029758505384529,
      "spearman_correlation": 0.06514916684065925,
      "cohen_kappa": 0.011963034983769494,
      "cat_0_accuracy": 0.9860591978987776,
      "cat_1_accuracy": 0.016329196603527107,
      "cat_2_accuracy": 0.007820469228153689,
      "cat_3_accuracy": 0.007183170856849667,
      "cat_0_true_count": "9899",
      "cat_0_pred_count": "19335",
      "cat_1_true_count": "3062",
      "cat_1_pred_count": "283",
      "cat_2_true_count": "2941",
      "cat_2_pred_count": "92",
      "cat_3_true_count": "3898",
      "cat_3_pred_count": "90",
      "cat_0_precision": 0.5048357900181019,
      "cat_0_recall": 0.9860591978987776,
      "cat_0_f1": 0.6677840870219607,
      "cat_1_precision": 0.17667844522968199,
      "cat_1_recall": 0.016329196603527107,
      "cat_1_f1": 0.029895366218236172,
      "cat_2_precision": 0.25,
      "cat_2_recall": 0.007820469228153689,
      "cat_2_f1": 0.015166501813386087,
      "cat_3_precision": 0.3111111111111111,
      "cat_3_recall": 0.007183170856849667,
      "cat_3_f1": 0.014042126379137413,
      "cross_entropy": 1.4102377960466428,
      "mean_confidence": "0.6638976"
    }
  ],
  "fold": null,
  "type": "single_run",
  "timestamp": "2025-08-03T01:16:03.686753"
}