{
  "best_qwk": 0.42053517852543987,
  "total_epochs": 5,
  "metrics_history": [
    {
      "loss": 0.6388333256428058,
      "categorical_accuracy": 0.5414989939637826,
      "ordinal_accuracy": 0.7366700201207244,
      "quadratic_weighted_kappa": 0.03157257560438531,
      "mean_absolute_error": 0.8631790744466801,
      "kendall_tau": 0.05767584941847971,
      "spearman_correlation": 0.06169357807720854,
      "cohen_kappa": 0.013649357540010287,
      "cat_0_accuracy": 0.9770957398076042,
      "cat_1_accuracy": 0.0,
      "cat_2_accuracy": 0.0,
      "cat_3_accuracy": 0.03759398496240601,
      "cat_0_true_count": "2183",
      "cat_0_pred_count": "3843",
      "cat_1_true_count": "777",
      "cat_1_pred_count": "0",
      "cat_2_true_count": "484",
      "cat_2_pred_count": "0",
      "cat_3_true_count": "532",
      "cat_3_pred_count": "133",
      "cat_0_precision": 0.5550351288056206,
      "cat_0_recall": 0.9770957398076042,
      "cat_0_f1": 0.7079322933952871,
      "cat_1_precision": 0.0,
      "cat_1_recall": 0.0,
      "cat_1_f1": 0.0,
      "cat_2_precision": 0.0,
      "cat_2_recall": 0.0,
      "cat_2_f1": 0.0,
      "cat_3_precision": 0.15037593984962405,
      "cat_3_recall": 0.03759398496240601,
      "cat_3_f1": 0.06015037593984962,
      "cross_entropy": 0.9967150590895518,
      "mean_confidence": "0.6000614"
    },
    {
      "loss": 0.5919712094160227,
      "categorical_accuracy": 0.488682092555332,
      "ordinal_accuracy": 0.6184607645875252,
      "quadratic_weighted_kappa": 0.38894812392809297,
      "mean_absolute_error": 1.0870221327967806,
      "kendall_tau": 0.5414851437830285,
      "spearman_correlation": 0.5792052710527262,
      "cohen_kappa": 0.2737029083752578,
      "cat_0_accuracy": 0.6568941823179111,
      "cat_1_accuracy": 0.0,
      "cat_2_accuracy": 0.0,
      "cat_3_accuracy": 0.956766917293233,
      "cat_0_true_count": "2183",
      "cat_0_pred_count": "1553",
      "cat_1_true_count": "777",
      "cat_1_pred_count": "0",
      "cat_2_true_count": "484",
      "cat_2_pred_count": "0",
      "cat_3_true_count": "532",
      "cat_3_pred_count": "2423",
      "cat_0_precision": 0.9233741146168706,
      "cat_0_recall": 0.6568941823179111,
      "cat_0_f1": 0.7676659528907923,
      "cat_1_precision": 0.0,
      "cat_1_recall": 0.0,
      "cat_1_f1": 0.0,
      "cat_2_precision": 0.0,
      "cat_2_recall": 0.0,
      "cat_2_f1": 0.0,
      "cat_3_precision": 0.2100701609574907,
      "cat_3_recall": 0.956766917293233,
      "cat_3_f1": 0.3445008460236887,
      "cross_entropy": 1.0823469814154927,
      "mean_confidence": "0.6215365"
    },
    {
      "loss": 0.5479280352592468,
      "categorical_accuracy": 0.516851106639839,
      "ordinal_accuracy": 0.6561871227364185,
      "quadratic_weighted_kappa": 0.392711841884716,
      "mean_absolute_error": 0.9929577464788732,
      "kendall_tau": 0.47319767921751593,
      "spearman_correlation": 0.5061608673838792,
      "cohen_kappa": 0.26579172482752644,
      "cat_0_accuracy": 0.7366010077874484,
      "cat_1_accuracy": 0.0,
      "cat_2_accuracy": 0.0,
      "cat_3_accuracy": 0.8402255639097744,
      "cat_0_true_count": "2183",
      "cat_0_pred_count": "1993",
      "cat_1_true_count": "777",
      "cat_1_pred_count": "0",
      "cat_2_true_count": "484",
      "cat_2_pred_count": "0",
      "cat_3_true_count": "532",
      "cat_3_pred_count": "1983",
      "cat_0_precision": 0.806823883592574,
      "cat_0_recall": 0.7366010077874484,
      "cat_0_f1": 0.7701149425287356,
      "cat_1_precision": 0.0,
      "cat_1_recall": 0.0,
      "cat_1_f1": 0.0,
      "cat_2_precision": 0.0,
      "cat_2_recall": 0.0,
      "cat_2_f1": 0.0,
      "cat_3_precision": 0.2254160363086233,
      "cat_3_recall": 0.8402255639097744,
      "cat_3_f1": 0.3554671968190855,
      "cross_entropy": 1.0022319463338782,
      "mean_confidence": "0.62039423"
    },
    {
      "loss": 0.5551915214611933,
      "categorical_accuracy": 0.4977364185110664,
      "ordinal_accuracy": 0.6287726358148893,
      "quadratic_weighted_kappa": 0.3963399620304371,
      "mean_absolute_error": 1.0586016096579476,
      "kendall_tau": 0.5329050304920983,
      "spearman_correlation": 0.570027462757532,
      "cohen_kappa": 0.2770186339928188,
      "cat_0_accuracy": 0.6761337608795236,
      "cat_1_accuracy": 0.0,
      "cat_2_accuracy": 0.0,
      "cat_3_accuracy": 0.9454887218045113,
      "cat_0_true_count": "2183",
      "cat_0_pred_count": "1642",
      "cat_1_true_count": "777",
      "cat_1_pred_count": "0",
      "cat_2_true_count": "484",
      "cat_2_pred_count": "0",
      "cat_3_true_count": "532",
      "cat_3_pred_count": "2334",
      "cat_0_precision": 0.8989037758830695,
      "cat_0_recall": 0.6761337608795236,
      "cat_0_f1": 0.7717647058823529,
      "cat_1_precision": 0.0,
      "cat_1_recall": 0.0,
      "cat_1_f1": 0.0,
      "cat_2_precision": 0.0,
      "cat_2_recall": 0.0,
      "cat_2_f1": 0.0,
      "cat_3_precision": 0.21550985432733505,
      "cat_3_recall": 0.9454887218045113,
      "cat_3_f1": 0.35101186322400557,
      "cross_entropy": 1.0240410836426472,
      "mean_confidence": "0.63942075"
    },
    {
      "loss": 0.5496320311839764,
      "categorical_accuracy": 0.5326961770623743,
      "ordinal_accuracy": 0.6753018108651911,
      "quadratic_weighted_kappa": 0.42053517852543987,
      "mean_absolute_error": 0.9421529175050302,
      "kendall_tau": 0.4918241869775574,
      "spearman_correlation": 0.5260849070362829,
      "cohen_kappa": 0.28096948031476754,
      "cat_0_accuracy": 0.7622537792029317,
      "cat_1_accuracy": 0.0,
      "cat_2_accuracy": 0.0,
      "cat_3_accuracy": 0.8533834586466166,
      "cat_0_true_count": "2183",
      "cat_0_pred_count": "2071",
      "cat_1_true_count": "777",
      "cat_1_pred_count": "0",
      "cat_2_true_count": "484",
      "cat_2_pred_count": "0",
      "cat_3_true_count": "532",
      "cat_3_pred_count": "1905",
      "cat_0_precision": 0.803476581361661,
      "cat_0_recall": 0.7622537792029317,
      "cat_0_f1": 0.7823225199811942,
      "cat_1_precision": 0.0,
      "cat_1_recall": 0.0,
      "cat_1_f1": 0.0,
      "cat_2_precision": 0.0,
      "cat_2_recall": 0.0,
      "cat_2_f1": 0.0,
      "cat_3_precision": 0.23832020997375328,
      "cat_3_recall": 0.8533834586466166,
      "cat_3_f1": 0.3725892490767337,
      "cross_entropy": 1.0180820791708876,
      "mean_confidence": "0.6420792"
    }
  ],
  "fold": null,
  "type": "single_run",
  "timestamp": "2025-08-03T00:54:52.859381"
}