{
  "assist2009": {
    "dataset": "assist2009",
    "students": 4217,
    "questions": 124,
    "interactions": 525534,
    "avg_sequence_length": 124.62271757173346,
    "max_sequence_length": 8214,
    "response_categories": 2,
    "response_distribution": {
      "1": 0.6794707859053839,
      "0": 0.32052921409461615
    },
    "binary_responses": true
  },
  "assist2009_updated": {
    "dataset": "assist2009_updated",
    "students": 4151,
    "questions": 110,
    "interactions": 325637,
    "avg_sequence_length": 78.44784389303783,
    "max_sequence_length": 1261,
    "correct_rate": 0.6584540454555226
  },
  "assist2015": {
    "lines": 47616,
    "format": "text"
  },
  "assist2017": {
    "lines": 4104,
    "format": "text"
  },
  "kddcup2010": {
    "lines": 6462,
    "format": "text"
  },
  "statics2011": {
    "lines": 801,
    "format": "text"
  }
}