{
  "config": {
    "model": "attn_gpcm_learn",
    "models": null,
    "dataset": "synthetic_500_200_4",
    "epochs": 5,
    "batch_size": 64,
    "lr": 0.001,
    "n_folds": 0,
    "no_cv": false,
    "cv": false,
    "seed": 42,
    "device": null,
    "enable_threshold_coupling": false,
    "coupling_type": "linear",
    "threshold_gpcm_weight": 0.7,
    "threshold_coral_weight": 0.3
  },
  "metrics": {
    "epoch": 5,
    "train_loss": 0.8650085840906415,
    "train_accuracy": 0.4618352847655797,
    "gradient_norm": 0.20284113713673182,
    "learning_rate": 0.001,
    "categorical_accuracy": 0.4910235177210997,
    "ordinal_accuracy": 0.7440211990725406,
    "quadratic_weighted_kappa": 0.49820766842830444,
    "mean_absolute_error": 0.8659158661808546,
    "kendall_tau": 0.4576618420633875,
    "spearman_correlation": 0.5078259861703986,
    "cohen_kappa": 0.269617878557854,
    "cat_0_accuracy": 0.8344243357720447,
    "cat_1_accuracy": 0.032658393207054215,
    "cat_2_accuracy": 0.02754165249914995,
    "cat_3_accuracy": 0.7432016418676244,
    "cat_0_precision": 0.517863544031545,
    "cat_0_recall": 0.8344243357720447,
    "cat_0_f1": 0.6390916463909164,
    "cat_1_precision": 0.2564102564102564,
    "cat_1_recall": 0.032658393207054215,
    "cat_1_f1": 0.05793742757821553,
    "cat_2_precision": 0.2691029900332226,
    "cat_2_recall": 0.02754165249914995,
    "cat_2_f1": 0.0499691548426897,
    "cat_3_precision": 0.48003314001657,
    "cat_3_recall": 0.7432016418676244,
    "cat_3_f1": 0.5833081647035135,
    "cross_entropy": 1.166978206928899,
    "best_epoch": 5,
    "total_epochs": 5,
    "parameters": 194464,
    "model_type": "EnhancedAttentionGPCM"
  },
  "training_history": [
    {
      "epoch": 1,
      "train_loss": 0.9612078581537519,
      "train_accuracy": 0.3963201563353924,
      "gradient_norm": 0.9306527078151703,
      "learning_rate": 0.001,
      "categorical_accuracy": 0.46810202053660155,
      "ordinal_accuracy": 0.7209672076846638,
      "quadratic_weighted_kappa": 0.453092086427199,
      "mean_absolute_error": 0.9274594236502153,
      "kendall_tau": 0.41571937858156904,
      "spearman_correlation": 0.4643216174319001,
      "cohen_kappa": 0.2455544092584091,
      "cat_0_accuracy": 0.735656526761648,
      "cat_1_accuracy": 0.038536903984323974,
      "cat_2_accuracy": 0.03706222373342401,
      "cat_3_accuracy": 0.7742432016418677,
      "cat_0_precision": 0.5347047299188357,
      "cat_0_recall": 0.735656526761648,
      "cat_0_f1": 0.6192868719611021,
      "cat_1_precision": 0.23742454728370221,
      "cat_1_recall": 0.038536903984323974,
      "cat_1_f1": 0.06631076144984546,
      "cat_2_precision": 0.2210953346855984,
      "cat_2_recall": 0.03706222373342401,
      "cat_2_f1": 0.0634828188701223,
      "cat_3_precision": 0.4336830004310964,
      "cat_3_recall": 0.7742432016418677,
      "cat_3_f1": 0.555954683614258,
      "cross_entropy": 1.2635530801829538
    },
    {
      "epoch": 2,
      "train_loss": 0.8985236542565482,
      "train_accuracy": 0.4458374045675107,
      "gradient_norm": 0.44498889573982786,
      "learning_rate": 0.001,
      "categorical_accuracy": 0.47466048360384233,
      "ordinal_accuracy": 0.7191785359390527,
      "quadratic_weighted_kappa": 0.44537132119651623,
      "mean_absolute_error": 0.9235508446505465,
      "kendall_tau": 0.4161877978271201,
      "spearman_correlation": 0.46072836636115455,
      "cohen_kappa": 0.23886711854015918,
      "cat_0_accuracy": 0.8648440508278783,
      "cat_1_accuracy": 0.022534291312867407,
      "cat_2_accuracy": 0.019381162869772185,
      "cat_3_accuracy": 0.6534120061570036,
      "cat_0_precision": 0.4771109930961232,
      "cat_0_recall": 0.8648440508278783,
      "cat_0_f1": 0.6149633787391334,
      "cat_1_precision": 0.23875432525951557,
      "cat_1_recall": 0.022534291312867407,
      "cat_1_f1": 0.04118173679498657,
      "cat_2_precision": 0.2579185520361991,
      "cat_2_recall": 0.019381162869772185,
      "cat_2_f1": 0.036053130929791274,
      "cat_3_precision": 0.4926499032882012,
      "cat_3_recall": 0.6534120061570036,
      "cat_3_f1": 0.5617556241729158,
      "cross_entropy": 1.224541218150559
    },
    {
      "epoch": 3,
      "train_loss": 0.8819632189614433,
      "train_accuracy": 0.452031200834672,
      "gradient_norm": 0.23046227650982992,
      "learning_rate": 0.001,
      "categorical_accuracy": 0.4779065915866181,
      "ordinal_accuracy": 0.7240145743623716,
      "quadratic_weighted_kappa": 0.45695374949212175,
      "mean_absolute_error": 0.9128188141768797,
      "kendall_tau": 0.4257687819160138,
      "spearman_correlation": 0.470684610444309,
      "cohen_kappa": 0.24489011315239329,
      "cat_0_accuracy": 0.8577204466692337,
      "cat_1_accuracy": 0.016329196603527107,
      "cat_2_accuracy": 0.01870112206732404,
      "cat_3_accuracy": 0.680861980502822,
      "cat_0_precision": 0.4853469876892908,
      "cat_0_recall": 0.8577204466692337,
      "cat_0_f1": 0.6199123356293049,
      "cat_1_precision": 0.1865671641791045,
      "cat_1_recall": 0.016329196603527107,
      "cat_1_f1": 0.03003003003003003,
      "cat_2_precision": 0.26570048309178745,
      "cat_2_recall": 0.01870112206732404,
      "cat_2_f1": 0.0349428208386277,
      "cat_3_precision": 0.48777798198860506,
      "cat_3_recall": 0.680861980502822,
      "cat_3_f1": 0.5683692044116072,
      "cross_entropy": 1.193138220251372
    },
    {
      "epoch": 4,
      "train_loss": 0.86924980367933,
      "train_accuracy": 0.4554758789725585,
      "gradient_norm": 0.14724602018083846,
      "learning_rate": 0.001,
      "categorical_accuracy": 0.482941371315005,
      "ordinal_accuracy": 0.7311030142431268,
      "quadratic_weighted_kappa": 0.47252615104287654,
      "mean_absolute_error": 0.8959920503477973,
      "kendall_tau": 0.437832258796066,
      "spearman_correlation": 0.48409023994360023,
      "cohen_kappa": 0.2535464179309065,
      "cat_0_accuracy": 0.8530997304582211,
      "cat_1_accuracy": 0.018615284128020902,
      "cat_2_accuracy": 0.019041142468548114,
      "cat_3_accuracy": 0.7044638276038995,
      "cat_0_precision": 0.4944208881945994,
      "cat_0_recall": 0.8530997304582211,
      "cat_0_f1": 0.6260243006499011,
      "cat_1_precision": 0.21428571428571427,
      "cat_1_recall": 0.018615284128020902,
      "cat_1_f1": 0.034254807692307696,
      "cat_2_precision": 0.25688073394495414,
      "cat_2_recall": 0.019041142468548114,
      "cat_2_f1": 0.035454257676479896,
      "cat_3_precision": 0.48610373517436717,
      "cat_3_recall": 0.7044638276038995,
      "cat_3_f1": 0.5752592437414895,
      "cross_entropy": 1.1843090591755134
    },
    {
      "epoch": 5,
      "train_loss": 0.8650085840906415,
      "train_accuracy": 0.4618352847655797,
      "gradient_norm": 0.20284113713673182,
      "learning_rate": 0.001,
      "categorical_accuracy": 0.4910235177210997,
      "ordinal_accuracy": 0.7440211990725406,
      "quadratic_weighted_kappa": 0.49820766842830444,
      "mean_absolute_error": 0.8659158661808546,
      "kendall_tau": 0.4576618420633875,
      "spearman_correlation": 0.5078259861703986,
      "cohen_kappa": 0.269617878557854,
      "cat_0_accuracy": 0.8344243357720447,
      "cat_1_accuracy": 0.032658393207054215,
      "cat_2_accuracy": 0.02754165249914995,
      "cat_3_accuracy": 0.7432016418676244,
      "cat_0_precision": 0.517863544031545,
      "cat_0_recall": 0.8344243357720447,
      "cat_0_f1": 0.6390916463909164,
      "cat_1_precision": 0.2564102564102564,
      "cat_1_recall": 0.032658393207054215,
      "cat_1_f1": 0.05793742757821553,
      "cat_2_precision": 0.2691029900332226,
      "cat_2_recall": 0.02754165249914995,
      "cat_2_f1": 0.0499691548426897,
      "cat_3_precision": 0.48003314001657,
      "cat_3_recall": 0.7432016418676244,
      "cat_3_f1": 0.5833081647035135,
      "cross_entropy": 1.166978206928899
    }
  ],