Strategy,categorical_acc,ordinal_acc,prediction_consistency_acc,ordinal_ranking_acc,mae
ordered,0.22735191881656647,0.7752613425254822,0.22386759519577026,0.23533757271899103,1.0034843683242798
linear_decay,0.2142857164144516,0.7421602606773376,0.20818814635276794,0.2232736931476559,1.0452961921691895
