Strategy,prediction_consistency_acc,distribution_consistency,categorical_acc,learning_rate,qwk,ordinal_ranking_acc,mae,ordinal_acc
ordered,0.22386759519577026,0.5594930287697174,0.22735191881656647,0.001,0.17938066465256786,0.23533757271899103,1.0034843683242798,0.7752613425254822
linear_decay,0.20818814635276794,0.5587585558043955,0.2142857164144516,0.001,0.11323656637508406,0.2232736931476559,1.0452961921691895,0.7421602606773376
