Strategy,ordinal_ranking_acc,prediction_consistency_acc,distribution_consistency,mae,qwk,ordinal_acc,categorical_acc
ordered,0.23533757271899103,0.22386759519577026,0.5594930287697174,1.0034843683242798,0.17938066465256786,0.7752613425254822,0.22735191881656647
linear_decay,0.2232736931476559,0.20818814635276794,0.5587585558043955,1.0452961921691895,0.11323656637508406,0.7421602606773376,0.2142857164144516
