Strategy,categorical_acc,ordinal_acc,prediction_consistency_acc,ordinal_ranking_acc,mae
ordered,0.4843205511569977,0.7691637873649597,0.3736933767795563,0.6255043121600162,0.845818817615509
unordered,0.49390244483947754,0.7778745889663696,0.3745644688606262,0.6232134526228287,0.8275261521339417
linear_decay,0.5017421841621399,0.7865853905677795,0.37979093194007874,0.6371404559095977,0.8074913024902344
