Strategy,categorical_acc,ordinal_acc,prediction_consistency_acc,ordinal_ranking_acc,mae
ordered,0.2482578456401825,0.8266550302505493,0.24390244483947754,0.40821779900115235,0.9268292784690857
linear_decay,0.24564459919929504,0.7918118238449097,0.2412891983985901,0.4021377546522097,0.9651567935943604
