{
  "config": {
    "dataset": "synthetic_500_200_4",
    "data_dir": "data",
    "device": "cuda",
    "epochs": 5,
    "batch_size": 64,
    "lr": 0.001,
    "patience": 10,
    "hidden_dim": 128,
    "num_layers": 2,
    "dropout": 0.1,
    "folds": 5,
    "fold": 5,
    "output_dir": null,
    "save_model": true,
    "save_results": true,
    "verbose": false,
    "debug": false,
    "seed": 42,
    "resume": null,
    "validate_only": false,
    "save_freq": 5,
    "datasets": null,
    "all": false,
    "exclude": [],
    "parallel": false,
    "max_workers": 4,
    "model": "deep_gpcm",
    "models": null,
    "no_cv": false,
    "n_folds": 5,
    "cv": false
  },
  "metrics": {
    "epoch": 5,
    "train_loss": 0.7966418095997402,
    "train_accuracy": 0.49561235534093745,
    "gradient_norm": 0.1826160443680627,
    "learning_rate": 0.001,
    "categorical_accuracy": 0.4814238475004863,
    "ordinal_accuracy": 0.7660636711405044,
    "quadratic_weighted_kappa": 0.5363348191399047,
    "mean_absolute_error": 0.8333009142190235,
    "kendall_tau": 0.4868273087234077,
    "spearman_correlation": 0.5469391816619301,
    "cohen_kappa": 0.27616415705377384,
    "cat_0_accuracy": 0.7913622690159003,
    "cat_1_accuracy": 0.0516188149053146,
    "cat_2_accuracy": 0.047113884555382214,
    "cat_3_accuracy": 0.7976689976689977,
    "cat_0_precision": 0.5219671201814059,
    "cat_0_recall": 0.7913622690159003,
    "cat_0_f1": 0.6290350128095644,
    "cat_1_precision": 0.30505415162454874,
    "cat_1_recall": 0.0516188149053146,
    "cat_1_f1": 0.08829676071055381,
    "cat_2_precision": 0.22844175491679275,
    "cat_2_recall": 0.047113884555382214,
    "cat_2_f1": 0.07811691670977755,
    "cat_3_precision": 0.4784675615212528,
    "cat_3_recall": 0.7976689976689977,
    "cat_3_f1": 0.5981471770669463,
    "cross_entropy": 1.1662223413330826,
    "best_epoch": 5,
    "total_epochs": 5,
    "parameters": 278555,
    "model_type": "DeepGPCM"
  },
  "training_history": [
    {
      "epoch": 1,
      "train_loss": 1.0377685342516219,
      "train_accuracy": 0.31479477145949547,
      "gradient_norm": 0.33995882102421354,
      "learning_rate": 0.001,
      "categorical_accuracy": 0.37800687285223367,
      "ordinal_accuracy": 0.6849510471373922,
      "quadratic_weighted_kappa": 0.31981559683583705,
      "mean_absolute_error": 1.0564092588990468,
      "kendall_tau": 0.275715161664782,
      "spearman_correlation": 0.32276680095367716,
      "cohen_kappa": 0.14445681393966803,
      "cat_0_accuracy": 0.6136656639449936,
      "cat_1_accuracy": 0.1356139279169212,
      "cat_2_accuracy": 0.10140405616224649,
      "cat_3_accuracy": 0.513986013986014,
      "cat_0_precision": 0.41469435167707275,
      "cat_0_recall": 0.6136656639449936,
      "cat_0_f1": 0.494931115154666,
      "cat_1_precision": 0.22100547536087606,
      "cat_1_recall": 0.1356139279169212,
      "cat_1_f1": 0.16808631459398068,
      "cat_2_precision": 0.20793346129238643,
      "cat_2_recall": 0.10140405616224649,
      "cat_2_f1": 0.1363255033557047,
      "cat_3_precision": 0.4441982272360999,
      "cat_3_recall": 0.513986013986014,
      "cat_3_f1": 0.47655068078668683,
      "cross_entropy": 1.338684248656028
    },
    {
      "epoch": 2,
      "train_loss": 0.9030203563826424,
      "train_accuracy": 0.4286071101490301,
      "gradient_norm": 0.16552734694310597,
      "learning_rate": 0.001,
      "categorical_accuracy": 0.4381119107825974,
      "ordinal_accuracy": 0.7160733968747974,
      "quadratic_weighted_kappa": 0.4287648349729487,
      "mean_absolute_error": 0.9549374311093821,
      "kendall_tau": 0.39055165897934074,
      "spearman_correlation": 0.44331619786529797,
      "cohen_kappa": 0.21541362792116192,
      "cat_0_accuracy": 0.7958745165449076,
      "cat_1_accuracy": 0.056200366524129505,
      "cat_2_accuracy": 0.056162246489859596,
      "cat_3_accuracy": 0.6268065268065268,
      "cat_0_precision": 0.4431682220626944,
      "cat_0_recall": 0.7958745165449076,
      "cat_0_f1": 0.5693206271134338,
      "cat_1_precision": 0.2271604938271605,
      "cat_1_recall": 0.056200366524129505,
      "cat_1_f1": 0.0901077375122429,
      "cat_2_precision": 0.22528160200250313,
      "cat_2_recall": 0.056162246489859596,
      "cat_2_f1": 0.0899100899100899,
      "cat_3_precision": 0.4928519061583578,
      "cat_3_recall": 0.6268065268065268,
      "cat_3_f1": 0.5518161296942335,
      "cross_entropy": 1.2514451842770904
    },
    {
      "epoch": 3,
      "train_loss": 0.8566805294581822,
      "train_accuracy": 0.46897011073182915,
      "gradient_norm": 0.22239272722176143,
      "learning_rate": 0.001,
      "categorical_accuracy": 0.4545808208519743,
      "ordinal_accuracy": 0.7256046164818777,
      "quadratic_weighted_kappa": 0.4592244643330975,
      "mean_absolute_error": 0.9253711988588472,
      "kendall_tau": 0.41985748173463844,
      "spearman_correlation": 0.4715043710426647,
      "cohen_kappa": 0.23616484304536178,
      "cat_0_accuracy": 0.8066179630425441,
      "cat_1_accuracy": 0.037874160048869884,
      "cat_2_accuracy": 0.04336973478939157,
      "cat_3_accuracy": 0.6979020979020979,
      "cat_0_precision": 0.45909257673963555,
      "cat_0_recall": 0.8066179630425441,
      "cat_0_f1": 0.5851453511027979,
      "cat_1_precision": 0.24124513618677043,
      "cat_1_recall": 0.037874160048869884,
      "cat_1_f1": 0.06546990496304118,
      "cat_2_precision": 0.2509025270758123,
      "cat_2_recall": 0.04336973478939157,
      "cat_2_f1": 0.0739558393189678,
      "cat_3_precision": 0.48462285529297505,
      "cat_3_recall": 0.6979020979020979,
      "cat_3_f1": 0.5720290408865113,
      "cross_entropy": 1.2189474480762457
    },
    {
      "epoch": 4,
      "train_loss": 0.8215873922620501,
      "train_accuracy": 0.4823411872450254,
      "gradient_norm": 0.32383387642247335,
      "learning_rate": 0.001,
      "categorical_accuracy": 0.46878039291966545,
      "ordinal_accuracy": 0.7496595992997471,
      "quadratic_weighted_kappa": 0.5026801186207597,
      "mean_absolute_error": 0.8720093367049212,
      "kendall_tau": 0.45827743145546745,
      "spearman_correlation": 0.5155596487806653,
      "cohen_kappa": 0.25675200858577674,
      "cat_0_accuracy": 0.8311130210571551,
      "cat_1_accuracy": 0.04673182651191203,
      "cat_2_accuracy": 0.047113884555382214,
      "cat_3_accuracy": 0.7128205128205128,
      "cat_0_precision": 0.47431023911710607,
      "cat_0_recall": 0.8311130210571551,
      "cat_0_f1": 0.603950347411976,
      "cat_1_precision": 0.2751798561151079,
      "cat_1_recall": 0.04673182651191203,
      "cat_1_f1": 0.07989556135770234,
      "cat_2_precision": 0.23053435114503817,
      "cat_2_recall": 0.047113884555382214,
      "cat_2_f1": 0.07823834196891191,
      "cat_3_precision": 0.5048703978867426,
      "cat_3_recall": 0.7128205128205128,
      "cat_3_f1": 0.5910892046003673,
      "cross_entropy": 1.1932570472000772
    },
    {
      "epoch": 5,
      "train_loss": 0.7966418095997402,
      "train_accuracy": 0.49561235534093745,
      "gradient_norm": 0.1826160443680627,
      "learning_rate": 0.001,
      "categorical_accuracy": 0.4814238475004863,
      "ordinal_accuracy": 0.7660636711405044,
      "quadratic_weighted_kappa": 0.5363348191399047,
      "mean_absolute_error": 0.8333009142190235,
      "kendall_tau": 0.4868273087234077,
      "spearman_correlation": 0.5469391816619301,
      "cohen_kappa": 0.27616415705377384,
      "cat_0_accuracy": 0.7913622690159003,
      "cat_1_accuracy": 0.0516188149053146,
      "cat_2_accuracy": 0.047113884555382214,
      "cat_3_accuracy": 0.7976689976689977,
      "cat_0_precision": 0.5219671201814059,
      "cat_0_recall": 0.7913622690159003,
      "cat_0_f1": 0.6290350128095644,
      "cat_1_precision": 0.30505415162454874,
      "cat_1_recall": 0.0516188149053146,
      "cat_1_f1": 0.08829676071055381,
      "cat_2_precision": 0.22844175491679275,