{
  "config": {
    "dataset": "synthetic_500_200_4",
    "data_dir": "data",
    "device": "cuda",
    "epochs": 1,
    "batch_size": 64,
    "lr": 0.001,
    "patience": 10,
    "hidden_dim": 128,
    "num_layers": 2,
    "dropout": 0.1,
    "n_folds": 3,
    "fold": 2,
    "hyperopt": false,
    "hyperopt_trials": 50,
    "hyperopt_metric": "quadratic_weighted_kappa",
    "output_dir": null,
    "save_model": true,
    "save_results": true,
    "verbose": false,
    "debug": false,
    "seed": 42,
    "resume": null,
    "validate_only": false,
    "save_freq": 5,
    "datasets": null,
    "all": false,
    "exclude": [],
    "parallel": false,
    "max_workers": 4,
    "model": "deep_gpcm",
    "models": null,
    "loss": "factory",
    "no_cv": false,
    "cv": false
  },
  "metrics": {
    "epoch": 1,
    "train_loss": 1.056191086769104,
    "train_accuracy": 0.29509214743589746,
    "gradient_norm": 0.20113776996731758,
    "learning_rate": 0.001,
    "categorical_accuracy": 0.3828155567728304,
    "ordinal_accuracy": 0.6802566711010252,
    "quadratic_weighted_kappa": 0.29193367700846107,
    "mean_absolute_error": 1.0663588700211284,
    "kendall_tau": 0.25788075827596113,
    "spearman_correlation": 0.3007776943456021,
    "cohen_kappa": 0.13823178287077542,
    "cat_0_accuracy": 0.6808256771268345,
    "cat_1_accuracy": 0.12271590690517407,
    "cat_2_accuracy": 0.15732586068855084,
    "cat_3_accuracy": 0.3801203093669436,
    "cat_0_precision": 0.4255668257756563,
    "cat_0_recall": 0.6808256771268345,
    "cat_0_f1": 0.5237505163155721,
    "cat_1_precision": 0.2252824858757062,
    "cat_1_recall": 0.12271590690517407,
    "cat_1_f1": 0.15888432324741625,
    "cat_2_precision": 0.23083700440528634,
    "cat_2_recall": 0.15732586068855084,
    "cat_2_f1": 0.1871205808832282,
    "cat_3_precision": 0.44884153559952644,
    "cat_3_recall": 0.3801203093669436,
    "cat_3_f1": 0.41163241566498643,
    "cross_entropy": 1.3346629134258818,
    "best_epoch": 1,
    "total_epochs": 1,
    "parameters": 278555,
    "model_type": "DeepGPCM"
  },
  "training_history": [
    {
      "epoch": 1,
      "train_loss": 1.056191086769104,
      "train_accuracy": 0.29509214743589746,
      "gradient_norm": 0.20113776996731758,
      "learning_rate": 0.001,
      "categorical_accuracy": 0.3828155567728304,
      "ordinal_accuracy": 0.6802566711010252,
      "quadratic_weighted_kappa": 0.29193367700846107,
      "mean_absolute_error": 1.0663588700211284,
      "kendall_tau": 0.25788075827596113,
      "spearman_correlation": 0.3007776943456021,
      "cohen_kappa": 0.13823178287077542,
      "cat_0_accuracy": 0.6808256771268345,
      "cat_1_accuracy": 0.12271590690517407,
      "cat_2_accuracy": 0.15732586068855084,
      "cat_3_accuracy": 0.3801203093669436,
      "cat_0_precision": 0.4255668257756563,
      "cat_0_recall": 0.6808256771268345,
      "cat_0_f1": 0.5237505163155721,
      "cat_1_precision": 0.2252824858757062,
      "cat_1_recall": 0.12271590690517407,
      "cat_1_f1": 0.15888432324741625,
      "cat_2_precision": 0.23083700440528634,
      "cat_2_recall": 0.15732586068855084,
      "cat_2_f1": 0.1871205808832282,
      "cat_3_precision": 0.44884153559952644,
      "cat_3_recall": 0.3801203093669436,
      "cat_3_f1": 0.41163241566498643,
      "cross_entropy": 1.3346629134258818
    }
  ],
  "timestamp": "2025-08-14T00:30:01.125076"
}