{
  "config": {
    "dataset": "synthetic_500_200_4",
    "data_dir": "data",
    "device": "cuda",
    "epochs": 5,
    "batch_size": 64,
    "lr": 0.001,
    "patience": 10,
    "hidden_dim": 128,
    "num_layers": 2,
    "dropout": 0.1,
    "folds": 5,
    "fold": 4,
    "output_dir": null,
    "save_model": true,
    "save_results": true,
    "verbose": false,
    "debug": false,
    "seed": 42,
    "resume": null,
    "validate_only": false,
    "save_freq": 5,
    "datasets": null,
    "all": false,
    "exclude": [],
    "parallel": false,
    "max_workers": 4,
    "model": "deep_gpcm",
    "models": null,
    "no_cv": false,
    "n_folds": 5,
    "cv": false
  },
  "metrics": {
    "epoch": 5,
    "train_loss": 0.8069514547075544,
    "train_accuracy": 0.48721694667640614,
    "gradient_norm": 0.14844205656221934,
    "learning_rate": 0.001,
    "categorical_accuracy": 0.495604251410576,
    "ordinal_accuracy": 0.7668941083847264,
    "quadratic_weighted_kappa": 0.5324237466979707,
    "mean_absolute_error": 0.8212832961553602,
    "kendall_tau": 0.48269056732393,
    "spearman_correlation": 0.5406954256557279,
    "cohen_kappa": 0.2801189407049727,
    "cat_0_accuracy": 0.8305560756412657,
    "cat_1_accuracy": 0.0356120826709062,
    "cat_2_accuracy": 0.06258366800535475,
    "cat_3_accuracy": 0.7481422505307855,
    "cat_0_precision": 0.5392001944815851,
    "cat_0_recall": 0.8305560756412657,
    "cat_0_f1": 0.6538915094339622,
    "cat_1_precision": 0.23628691983122363,
    "cat_1_recall": 0.0356120826709062,
    "cat_1_f1": 0.061895551257253385,
    "cat_2_precision": 0.27180232558139533,
    "cat_2_recall": 0.06258366800535475,
    "cat_2_f1": 0.10174102285092491,
    "cat_3_precision": 0.48163335041858873,
    "cat_3_recall": 0.7481422505307855,
    "cat_3_f1": 0.5860097702941482,
    "cross_entropy": 1.1441622958733304,
    "best_epoch": 5,
    "total_epochs": 5,
    "parameters": 278555,
    "model_type": "DeepGPCM"
  },
  "training_history": [
    {
      "epoch": 1,
      "train_loss": 1.029951810836792,
      "train_accuracy": 0.3203399960156717,
      "gradient_norm": 0.19859656052930014,
      "learning_rate": 0.001,
      "categorical_accuracy": 0.41031360713817083,
      "ordinal_accuracy": 0.7027949088046188,
      "quadratic_weighted_kappa": 0.3428854638259563,
      "mean_absolute_error": 0.9981629707387482,
      "kendall_tau": 0.3076226865618229,
      "spearman_correlation": 0.35591325021481257,
      "cohen_kappa": 0.16299226362713726,
      "cat_0_accuracy": 0.7427448043437559,
      "cat_1_accuracy": 0.08998410174880764,
      "cat_2_accuracy": 0.14223560910307897,
      "cat_3_accuracy": 0.4190552016985138,
      "cat_0_precision": 0.46042246982358404,
      "cat_0_recall": 0.7427448043437559,
      "cat_0_f1": 0.5684602708318407,
      "cat_1_precision": 0.19396847155586017,
      "cat_1_recall": 0.08998410174880764,
      "cat_1_f1": 0.12293657688966117,
      "cat_2_precision": 0.23186033824331698,
      "cat_2_recall": 0.14223560910307897,
      "cat_2_f1": 0.1763119684712715,
      "cat_3_precision": 0.47360527894421117,
      "cat_3_recall": 0.4190552016985138,
      "cat_3_f1": 0.44466347507744297,
      "cross_entropy": 1.312201160152381
    },
    {
      "epoch": 2,
      "train_loss": 0.9091989908899579,
      "train_accuracy": 0.4304900723819643,
      "gradient_norm": 0.16146034002304077,
      "learning_rate": 0.001,
      "categorical_accuracy": 0.4704107072562656,
      "ordinal_accuracy": 0.7362550846345624,
      "quadratic_weighted_kappa": 0.46730989171350634,
      "mean_absolute_error": 0.8937803437869046,
      "kendall_tau": 0.4218678429499612,
      "spearman_correlation": 0.47577656442057253,
      "cohen_kappa": 0.24476638529887185,
      "cat_0_accuracy": 0.798726830181614,
      "cat_1_accuracy": 0.03847376788553259,
      "cat_2_accuracy": 0.07563587684069611,
      "cat_3_accuracy": 0.6786093418259024,
      "cat_0_precision": 0.515778019586507,
      "cat_0_recall": 0.798726830181614,
      "cat_0_f1": 0.6267998824566559,
      "cat_1_precision": 0.20336134453781513,
      "cat_1_recall": 0.03847376788553259,
      "cat_1_f1": 0.06470588235294118,
      "cat_2_precision": 0.2668240850059032,
      "cat_2_recall": 0.07563587684069611,
      "cat_2_f1": 0.11786179921773142,
      "cat_3_precision": 0.4624706095134744,
      "cat_3_recall": 0.6786093418259024,
      "cat_3_f1": 0.5500699150263526,
      "cross_entropy": 1.2152317499507428
    },
    {
      "epoch": 3,
      "train_loss": 0.8628276416233608,
      "train_accuracy": 0.46307855767315226,
      "gradient_norm": 0.15579587646893092,
      "learning_rate": 0.001,
      "categorical_accuracy": 0.47966146175042645,
      "ordinal_accuracy": 0.7409788741634956,
      "quadratic_weighted_kappa": 0.4848806935776381,
      "mean_absolute_error": 0.8788872851331846,
      "kendall_tau": 0.44076867817369125,
      "spearman_correlation": 0.4940822106893955,
      "cohen_kappa": 0.25873657740393574,
      "cat_0_accuracy": 0.799475753604194,
      "cat_1_accuracy": 0.03465818759936407,
      "cat_2_accuracy": 0.0645917001338688,
      "cat_3_accuracy": 0.7269108280254777,
      "cat_0_precision": 0.5318221447253705,
      "cat_0_recall": 0.799475753604194,
      "cat_0_f1": 0.6387434554973822,
      "cat_1_precision": 0.2294736842105263,
      "cat_1_recall": 0.03465818759936407,
      "cat_1_f1": 0.06022099447513812,
      "cat_2_precision": 0.28635014836795253,
      "cat_2_recall": 0.0645917001338688,
      "cat_2_f1": 0.10540688148552703,
      "cat_3_precision": 0.4516820580474934,
      "cat_3_recall": 0.7269108280254777,
      "cat_3_f1": 0.557160292921074,
      "cross_entropy": 1.1897959620218703
    },
    {
      "epoch": 4,
      "train_loss": 0.8339867421558925,
      "train_accuracy": 0.47551298226973904,
      "gradient_norm": 0.1978333815932274,
      "learning_rate": 0.001,
      "categorical_accuracy": 0.48812491798976515,
      "ordinal_accuracy": 0.7586274767090933,
      "quadratic_weighted_kappa": 0.5145590819337975,
      "mean_absolute_error": 0.8418842671565412,
      "kendall_tau": 0.46564019132325934,
      "spearman_correlation": 0.5231890758581598,
      "cohen_kappa": 0.27155369637447446,
      "cat_0_accuracy": 0.8110840666541846,
      "cat_1_accuracy": 0.03815580286168521,
      "cat_2_accuracy": 0.07329317269076305,
      "cat_3_accuracy": 0.7348726114649682,
      "cat_0_precision": 0.5415,
      "cat_0_recall": 0.8110840666541846,
      "cat_0_f1": 0.649426579716663,
      "cat_1_precision": 0.22388059701492538,
      "cat_1_recall": 0.03815580286168521,
      "cat_1_f1": 0.06519967400162999,
      "cat_2_precision": 0.2789808917197452,
      "cat_2_recall": 0.07329317269076305,
      "cat_2_f1": 0.11608799363901405,
      "cat_3_precision": 0.46765749028880255,
      "cat_3_recall": 0.7348726114649682,
      "cat_3_f1": 0.5715760140365362,
      "cross_entropy": 1.1775114962547826
    },
    {
      "epoch": 5,
      "train_loss": 0.8069514547075544,
      "train_accuracy": 0.48721694667640614,
      "gradient_norm": 0.14844205656221934,
      "learning_rate": 0.001,
      "categorical_accuracy": 0.495604251410576,
      "ordinal_accuracy": 0.7668941083847264,
      "quadratic_weighted_kappa": 0.5324237466979707,
      "mean_absolute_error": 0.8212832961553602,
      "kendall_tau": 0.48269056732393,
      "spearman_correlation": 0.5406954256557279,
      "cohen_kappa": 0.2801189407049727,
      "cat_0_accuracy": 0.8305560756412657,
      "cat_1_accuracy": 0.0356120826709062,
      "cat_2_accuracy": 0.06258366800535475,
      "cat_3_accuracy": 0.7481422505307855,
      "cat_0_precision": 0.5392001944815851,
      "cat_0_recall": 0.8305560756412657,
      "cat_0_f1": 0.6538915094339622,
      "cat_1_precision": 0.23628691983122363,
      "cat_1_recall": 0.0356120826709062,
      "cat_1_f1": 0.061895551257253385,
      "cat_2_precision": 0.27180232558139533,
      "cat_2_recall": 0.06258366800535475,