{
  "model_type": "akvmn",
  "dataset": "synthetic_OC",
  "config": {
    "model_type": "akvmn",
    "dataset_name": "synthetic_OC",
    "n_questions": 29,
    "n_cats": 4,
    "memory_size": 50,
    "key_dim": 50,
    "value_dim": 200,
    "final_fc_dim": 50,
    "embedding_strategy": "linear_decay",
    "prediction_method": "cumulative",
    "batch_size": 32,
    "learning_rate": 0.001,
    "epochs": 3,
    "loss_type": "crossentropy",
    "device": "auto",
    "save_dir": "save_models",
    "results_dir": "results",
    "embed_dim": 64,
    "n_cycles": 2,
    "adaptive_cycles": false
  },
  "training_history": [
    {
      "epoch": 1,
      "train_loss": 1.3772296667099,
      "train_accuracy": 0.30865529894237,
      "argmax": {
        "method": "argmax",
        "categorical_accuracy": 0.3031359016895294,
        "ordinal_accuracy": 0.5017421841621399,
        "mean_absolute_error": 1.5008710622787476,
        "quadratic_weighted_kappa": 0.01781948308355008,
        "prediction_consistency": 0.3031359016895294,
        "ordinal_ranking": 0.2701399377524845,
        "distribution_consistency": 0.5538835813411437,
        "cat_0_acc": 1.0,
        "cat_1_acc": 0.0,
        "cat_2_acc": 0.0,
        "cat_3_acc": 0.022284122183918953
      },
      "cumulative": {
        "method": "cumulative",
        "categorical_accuracy": 0.2125435471534729,
        "ordinal_accuracy": 0.7212543487548828,
        "mean_absolute_error": 1.0749129056930542,
        "quadratic_weighted_kappa": 0.09907696546656874,
        "prediction_consistency": 0.20034843683242798,
        "ordinal_ranking": 0.2701399377524845,
        "distribution_consistency": 0.5538835813411437,
        "cat_0_acc": 0.0882352963089943,
        "cat_1_acc": 0.9288889169692993,
        "cat_2_acc": 0.0223214291036129,
        "cat_3_acc": 0.0
      },
      "expected": {
        "method": "expected",
        "categorical_accuracy": 0.19860626757144928,
        "ordinal_accuracy": 0.7081881761550903,
        "mean_absolute_error": 1.0932055711746216,
        "quadratic_weighted_kappa": 0.036818725439945243,
        "prediction_consistency": 0.19860626757144928,
        "ordinal_ranking": 0.2701399377524845,
        "distribution_consistency": 0.5538835813411437,
        "cat_0_acc": 0.0,
        "cat_1_acc": 1.0,
        "cat_2_acc": 0.013392857275903225,
        "cat_3_acc": 0.0
      },
      "improvement_analysis": {
        "categorical_accuracy_improvement": -0.09059235453605652,
        "categorical_accuracy_improvement_pct": -29.885062782448262,
        "prediction_consistency_improvement": -0.10278746485710144,
        "prediction_consistency_improvement_pct": -33.90804727655649,
        "ordinal_accuracy_improvement": 0.21951216459274292,
        "mae_improvement": 0.42595815658569336
      },
      "test_loss": 1.3631522059440613,
      "avg_inference_time": 0.030800580978393555
    },
    {
      "epoch": 2,
      "train_loss": 1.338055181503296,
      "train_accuracy": 0.3906755881718109,
      "argmax": {
        "method": "argmax",
        "categorical_accuracy": 0.3336237072944641,
        "ordinal_accuracy": 0.5322299599647522,
        "mean_absolute_error": 1.409407615661621,
        "quadratic_weighted_kappa": 0.0894617474681697,
        "prediction_consistency": 0.3336237072944641,
        "ordinal_ranking": 0.3658015767827483,
        "distribution_consistency": 0.5662873405508879,
        "cat_0_acc": 0.9941176176071167,
        "cat_1_acc": 0.0,
        "cat_2_acc": 0.0,
        "cat_3_acc": 0.12534819543361664
      },
      "cumulative": {
        "method": "cumulative",
        "categorical_accuracy": 0.28484320640563965,
        "ordinal_accuracy": 0.6132404208183289,
        "mean_absolute_error": 1.2369338274002075,
        "quadratic_weighted_kappa": 0.1451399273659475,
        "prediction_consistency": 0.19860626757144928,
        "ordinal_ranking": 0.3658015767827483,
        "distribution_consistency": 0.5662873405508879,
        "cat_0_acc": 0.7382352948188782,
        "cat_1_acc": 0.324444442987442,
        "cat_2_acc": 0.013392857275903225,
        "cat_3_acc": 0.0
      },
      "expected": {
        "method": "expected",
        "categorical_accuracy": 0.21864111721515656,
        "ordinal_accuracy": 0.7221254110336304,
        "mean_absolute_error": 1.0609755516052246,
        "quadratic_weighted_kappa": 0.11917385090590582,
        "prediction_consistency": 0.21864111721515656,
        "ordinal_ranking": 0.3658015767827483,
        "distribution_consistency": 0.5662873405508879,
        "cat_0_acc": 0.10588235408067703,
        "cat_1_acc": 0.9422222375869751,
        "cat_2_acc": 0.013392857275903225,
        "cat_3_acc": 0.0
      },
      "improvement_analysis": {
        "categorical_accuracy_improvement": -0.04878050088882446,
        "categorical_accuracy_improvement_pct": -14.621413233613417,
        "prediction_consistency_improvement": -0.13501743972301483,
        "prediction_consistency_improvement_pct": -40.46997763376728,
        "ordinal_accuracy_improvement": 0.08101046085357666,
        "mae_improvement": 0.17247378826141357
      },
      "test_loss": 1.342298686504364,
      "avg_inference_time": 0.02392292022705078
    },
    {
      "epoch": 3,
      "train_loss": 1.308414673805237,
      "train_accuracy": 0.4183034750701489,
      "argmax": {
        "method": "argmax",
        "categorical_accuracy": 0.39721253514289856,
        "ordinal_accuracy": 0.6097561120986938,
        "mean_absolute_error": 1.2047038078308105,
        "quadratic_weighted_kappa": 0.24876852843374841,
        "prediction_consistency": 0.39721253514289856,
        "ordinal_ranking": 0.46508694101104847,
        "distribution_consistency": 0.5881888006362765,
        "cat_0_acc": 0.9735293984413147,
        "cat_1_acc": 0.0,
        "cat_2_acc": 0.0,
        "cat_3_acc": 0.34818941354751587
      },
      "cumulative": {
        "method": "cumulative",
        "categorical_accuracy": 0.37020906805992126,
        "ordinal_accuracy": 0.6698606014251709,
        "mean_absolute_error": 1.1036585569381714,
        "quadratic_weighted_kappa": 0.2839441127112361,
        "prediction_consistency": 0.2717770040035248,
        "ordinal_ranking": 0.46508694101104847,
        "distribution_consistency": 0.5881888006362765,
        "cat_0_acc": 0.8705882430076599,
        "cat_1_acc": 0.14222222566604614,
        "cat_2_acc": 0.1383928507566452,
        "cat_3_acc": 0.18384401500225067
      },
      "expected": {
        "method": "expected",
        "categorical_accuracy": 0.2717770040035248,
        "ordinal_accuracy": 0.7813588976860046,
        "mean_absolute_error": 0.9625435471534729,
        "quadratic_weighted_kappa": 0.29109426811937467,
        "prediction_consistency": 0.2717770040035248,
        "ordinal_ranking": 0.46508694101104847,
        "distribution_consistency": 0.5881888006362765,
        "cat_0_acc": 0.3235294222831726,
        "cat_1_acc": 0.7688888907432556,
        "cat_2_acc": 0.1294642835855484,
        "cat_3_acc": 0.0
      },
      "improvement_analysis": {
        "categorical_accuracy_improvement": -0.027003467082977295,
        "categorical_accuracy_improvement_pct": -6.798241418353705,
        "prediction_consistency_improvement": -0.12543553113937378,
        "prediction_consistency_improvement_pct": -31.578945788870417,
        "ordinal_accuracy_improvement": 0.06010448932647705,
        "mae_improvement": 0.10104525089263916
      },
      "test_loss": 1.3159667253494263,
      "avg_inference_time": 0.020077228546142578
    }
  ],
  "best_metrics": {
    "argmax": {
      "method": "argmax",
      "categorical_accuracy": 0.39721253514289856,
      "ordinal_accuracy": 0.6097561120986938,
      "mean_absolute_error": 1.2047038078308105,
      "quadratic_weighted_kappa": 0.24876852843374841,
      "prediction_consistency": 0.39721253514289856,
      "ordinal_ranking": 0.46508694101104847,