{
  "theta_correlation": 0.07148454817940217,
  "theta_mse": 0.871400223954026,
  "alpha_correlation": 0.26165735096001175,
  "alpha_mse": 0.28954046068794204,
  "alpha_mean_ratio": 0.7614934302871097,
  "beta_correlation": 0.5983832844645707,
  "beta_mse": 2.195313637137293,
  "theta_kl_divergence": 2.030547574265208,
  "alpha_kl_divergence": 1.0353328416004834
}