{
  "config": {
    "model": "deep_gpcm",
    "models": null,
    "dataset": "synthetic_5000_200_4",
    "epochs": 5,
    "batch_size": 64,
    "lr": 0.001,
    "n_folds": 0,
    "no_cv": false,
    "cv": false,
    "seed": 42,
    "device": null,
    "enable_threshold_coupling": false,
    "coupling_type": "linear",
    "threshold_gpcm_weight": 0.7,
    "threshold_coral_weight": 0.3
  },
  "metrics": {
    "epoch": 5,
    "train_loss": 0.49964618730166604,
    "train_accuracy": 0.5559223486431308,
    "gradient_norm": 0.17365819594216725,
    "learning_rate": 0.001,
    "categorical_accuracy": 0.5501249813769471,
    "ordinal_accuracy": 0.8712774586568227,
    "quadratic_weighted_kappa": 0.6931285703007228,
    "mean_absolute_error": 0.6020791603900081,
    "kendall_tau": 0.6110488798875747,
    "spearman_correlation": 0.6959940470733984,
    "cohen_kappa": 0.3817655974009281,
    "cat_0_accuracy": 0.7221640793069365,
    "cat_1_accuracy": 0.21770718932161864,
    "cat_2_accuracy": 0.2564669023136247,
    "cat_3_accuracy": 0.7948480845442536,
    "cat_0_precision": 0.6612980513257374,
    "cat_0_recall": 0.7221640793069365,
    "cat_0_f1": 0.6903921514132458,
    "cat_1_precision": 0.335546875,
    "cat_1_recall": 0.21770718932161864,
    "cat_1_f1": 0.2640774709227853,
    "cat_2_precision": 0.3302472328540395,
    "cat_2_recall": 0.2564669023136247,
    "cat_2_f1": 0.2887180646619941,
    "cat_3_precision": 0.6195428336079077,
    "cat_3_recall": 0.7948480845442536,
    "cat_3_f1": 0.6963314431200093,
    "cross_entropy": 1.0290438236879147,
    "best_epoch": 5,
    "total_epochs": 5,
    "parameters": 278555,
    "model_type": "DeepGPCM"
  },
  "training_history": [
    {
      "epoch": 1,
      "train_loss": 0.6368175338185023,
      "train_accuracy": 0.46711398178106234,
      "gradient_norm": 0.2289663493515007,
      "learning_rate": 0.001,
      "categorical_accuracy": 0.5227118475723816,
      "ordinal_accuracy": 0.8012216722673774,
      "quadratic_weighted_kappa": 0.604712939816771,
      "mean_absolute_error": 0.7390868910261716,
      "kendall_tau": 0.5479736098769804,
      "spearman_correlation": 0.6137636595586491,
      "cohen_kappa": 0.3267532152153946,
      "cat_0_accuracy": 0.8194081051223908,
      "cat_1_accuracy": 0.0593900481540931,
      "cat_2_accuracy": 0.07137692802056556,
      "cat_3_accuracy": 0.8397357992073976,
      "cat_0_precision": 0.5380650580329872,
      "cat_0_recall": 0.8194081051223908,
      "cat_0_f1": 0.6495817104929593,
      "cat_1_precision": 0.2951301427371956,
      "cat_1_recall": 0.0593900481540931,
      "cat_1_f1": 0.0988817779028061,
      "cat_2_precision": 0.3031905818119775,
      "cat_2_recall": 0.07137692802056556,
      "cat_2_f1": 0.11555093149526936,
      "cat_3_precision": 0.5498105831271948,
      "cat_3_recall": 0.8397357992073976,
      "cat_3_f1": 0.66452712238263,
      "cross_entropy": 1.099288056504069
    },
    {
      "epoch": 2,
      "train_loss": 0.5360397526196071,
      "train_accuracy": 0.5378088722803918,
      "gradient_norm": 0.11496144556809985,
      "learning_rate": 0.001,
      "categorical_accuracy": 0.5380655200384049,
      "ordinal_accuracy": 0.830017050439504,
      "quadratic_weighted_kappa": 0.6457664234795484,
      "mean_absolute_error": 0.6773080170173319,
      "kendall_tau": 0.577696579946074,
      "spearman_correlation": 0.6524422774727527,
      "cohen_kappa": 0.35368166278388846,
      "cat_0_accuracy": 0.8029245886388744,
      "cat_1_accuracy": 0.10610796654557743,
      "cat_2_accuracy": 0.13371625964010284,
      "cat_3_accuracy": 0.8335006605019815,
      "cat_0_precision": 0.5828514751192335,
      "cat_0_recall": 0.8029245886388744,
      "cat_0_f1": 0.6754132837718869,
      "cat_1_precision": 0.32670048120691897,
      "cat_1_recall": 0.10610796654557743,
      "cat_1_f1": 0.16018875745304978,
      "cat_2_precision": 0.31683639478442943,
      "cat_2_recall": 0.13371625964010284,
      "cat_2_f1": 0.18806315848939356,
      "cat_3_precision": 0.5711492504888116,
      "cat_3_recall": 0.8335006605019815,
      "cat_3_f1": 0.6778248071675654,
      "cross_entropy": 1.0615214477887585
    },
    {
      "epoch": 3,
      "train_loss": 0.5169593029552035,
      "train_accuracy": 0.5485977626284937,
      "gradient_norm": 0.15714182349897565,
      "learning_rate": 0.001,
      "categorical_accuracy": 0.5481385224056018,
      "ordinal_accuracy": 0.8576619377907265,
      "quadratic_weighted_kappa": 0.6799909892834358,
      "mean_absolute_error": 0.6248986078233376,
      "kendall_tau": 0.6010119194117439,
      "spearman_correlation": 0.6830762106159649,
      "cohen_kappa": 0.374860554637801,
      "cat_0_accuracy": 0.781557067271353,
      "cat_1_accuracy": 0.16537129340204443,
      "cat_2_accuracy": 0.21264460154241646,
      "cat_3_accuracy": 0.7960898282694848,
      "cat_0_precision": 0.6143931256713212,
      "cat_0_recall": 0.781557067271353,
      "cat_0_f1": 0.6879662209711471,
      "cat_1_precision": 0.3302682638771723,
      "cat_1_recall": 0.16537129340204443,
      "cat_1_f1": 0.2203895519027246,
      "cat_2_precision": 0.32996758912989277,
      "cat_2_recall": 0.21264460154241646,
      "cat_2_f1": 0.25862237420615536,
      "cat_3_precision": 0.61289994508065,
      "cat_3_recall": 0.7960898282694848,
      "cat_3_f1": 0.692586165285647,
      "cross_entropy": 1.0370648462902132
    },
    {
      "epoch": 4,
      "train_loss": 0.5039610148422302,
      "train_accuracy": 0.5542648153233284,
      "gradient_norm": 0.17550562109266007,
      "learning_rate": 0.001,
      "categorical_accuracy": 0.5503981194855071,
      "ordinal_accuracy": 0.8703835521197173,
      "quadratic_weighted_kappa": 0.6929052177673743,
      "mean_absolute_error": 0.6036848813918456,
      "kendall_tau": 0.6090478666283234,
      "spearman_correlation": 0.6937938011138284,
      "cohen_kappa": 0.3822348443616602,
      "cat_0_accuracy": 0.7642014070585499,
      "cat_1_accuracy": 0.20410577004308525,
      "cat_2_accuracy": 0.2598007712082262,
      "cat_3_accuracy": 0.7638309114927345,
      "cat_0_precision": 0.6345838161452299,
      "cat_0_recall": 0.7642014070585499,
      "cat_0_f1": 0.6933871435731054,
      "cat_1_precision": 0.33175420528664606,
      "cat_1_recall": 0.20410577004308525,
      "cat_1_f1": 0.25272627422265226,
      "cat_2_precision": 0.3351295336787565,
      "cat_2_recall": 0.2598007712082262,
      "cat_2_f1": 0.2926961715992398,
      "cat_3_precision": 0.635001866941949,
      "cat_3_recall": 0.7638309114927345,
      "cat_3_f1": 0.6934839707840104,
      "cross_entropy": 1.0310070507675295
    },
    {
      "epoch": 5,
      "train_loss": 0.49964618730166604,
      "train_accuracy": 0.5559223486431308,
      "gradient_norm": 0.17365819594216725,
      "learning_rate": 0.001,
      "categorical_accuracy": 0.5501249813769471,
      "ordinal_accuracy": 0.8712774586568227,
      "quadratic_weighted_kappa": 0.6931285703007228,
      "mean_absolute_error": 0.6020791603900081,
      "kendall_tau": 0.6110488798875747,
      "spearman_correlation": 0.6959940470733984,
      "cohen_kappa": 0.3817655974009281,
      "cat_0_accuracy": 0.7221640793069365,
      "cat_1_accuracy": 0.21770718932161864,
      "cat_2_accuracy": 0.2564669023136247,
      "cat_3_accuracy": 0.7948480845442536,
      "cat_0_precision": 0.6612980513257374,
      "cat_0_recall": 0.7221640793069365,
      "cat_0_f1": 0.6903921514132458,
      "cat_1_precision": 0.335546875,
      "cat_1_recall": 0.21770718932161864,
      "cat_1_f1": 0.2640774709227853,
      "cat_2_precision": 0.3302472328540395,
      "cat_2_recall": 0.2564669023136247,
      "cat_2_f1": 0.2887180646619941,
      "cat_3_precision": 0.6195428336079077,
      "cat_3_recall": 0.7948480845442536,
      "cat_3_f1": 0.6963314431200093,
      "cross_entropy": 1.0290438236879147
    }
  ],
  "timestamp": "2025-08-11T12:43:15.975184"
}