{
  "config": {
    "model": "attn_gpcm_learn",
    "models": null,
    "dataset": "synthetic_5000_200_4",
    "epochs": 5,
    "batch_size": 64,
    "lr": 0.001,
    "n_folds": 0,
    "no_cv": false,
    "cv": false,
    "seed": 42,
    "device": null,
    "enable_threshold_coupling": false,
    "coupling_type": "linear",
    "threshold_gpcm_weight": 0.7,
    "threshold_coral_weight": 0.3
  },
  "metrics": {
    "epoch": 5,
    "train_loss": 0.7563156343641735,
    "train_accuracy": 0.5600452886654966,
    "gradient_norm": 0.35868078139093185,
    "learning_rate": 0.001,
    "categorical_accuracy": 0.5569037726166631,
    "ordinal_accuracy": 0.8652766971808836,
    "quadratic_weighted_kappa": 0.6941395525868828,
    "mean_absolute_error": 0.6059527553841315,
    "kendall_tau": 0.6164549159190846,
    "spearman_correlation": 0.6985577948679258,
    "cohen_kappa": 0.38622809548370507,
    "cat_0_accuracy": 0.7729519158090586,
    "cat_1_accuracy": 0.1744107459660387,
    "cat_2_accuracy": 0.20834672236503857,
    "cat_3_accuracy": 0.8290620871862615,
    "cat_0_precision": 0.6341952103806888,
    "cat_0_recall": 0.7729519158090586,
    "cat_0_f1": 0.6967322659259453,
    "cat_1_precision": 0.3466834592779177,
    "cat_1_recall": 0.1744107459660387,
    "cat_1_f1": 0.23207059352517986,
    "cat_2_precision": 0.3354242110708743,
    "cat_2_recall": 0.20834672236503857,
    "cat_2_f1": 0.2570366699702676,
    "cat_3_precision": 0.609083850931677,
    "cat_3_recall": 0.8290620871862615,
    "cat_3_f1": 0.7022490768714333,
    "cross_entropy": 0.9870616249773163,
    "best_epoch": 5,
    "total_epochs": 5,
    "parameters": 194464,
    "model_type": "EnhancedAttentionGPCM"
  },
  "training_history": [
    {
      "epoch": 1,
      "train_loss": 0.9491424503780547,
      "train_accuracy": 0.4756662965571859,
      "gradient_norm": 0.41721625519650324,
      "learning_rate": 0.001,
      "categorical_accuracy": 0.5311129136386962,
      "ordinal_accuracy": 0.806328527206211,
      "quadratic_weighted_kappa": 0.6187435594190103,
      "mean_absolute_error": 0.7228144812859011,
      "kendall_tau": 0.5646760044536728,
      "spearman_correlation": 0.6291091408326039,
      "cohen_kappa": 0.3372235575183433,
      "cat_0_accuracy": 0.8396418396418397,
      "cat_1_accuracy": 0.06716228774182648,
      "cat_2_accuracy": 0.04683483290488432,
      "cat_3_accuracy": 0.859445178335535,
      "cat_0_precision": 0.54480976364288,
      "cat_0_recall": 0.8396418396418397,
      "cat_0_f1": 0.6608321607120385,
      "cat_1_precision": 0.3201127441111335,
      "cat_1_recall": 0.06716228774182648,
      "cat_1_f1": 0.11102964281973395,
      "cat_2_precision": 0.30619747899159666,
      "cat_2_recall": 0.04683483290488432,
      "cat_2_f1": 0.08124303232998885,
      "cat_3_precision": 0.5510757242080299,
      "cat_3_recall": 0.859445178335535,
      "cat_3_f1": 0.671552436003303,
      "cross_entropy": 1.0665204771937606
    },
    {
      "epoch": 2,
      "train_loss": 0.7921586755722289,
      "train_accuracy": 0.5447474301269117,
      "gradient_norm": 0.2261779062331669,
      "learning_rate": 0.001,
      "categorical_accuracy": 0.5465493552285255,
      "ordinal_accuracy": 0.8337251071860153,
      "quadratic_weighted_kappa": 0.6620332061024518,
      "mean_absolute_error": 0.6635766193779072,
      "kendall_tau": 0.5985540056223395,
      "spearman_correlation": 0.6712726125785534,
      "cohen_kappa": 0.36322737385377213,
      "cat_0_accuracy": 0.8586836443979301,
      "cat_1_accuracy": 0.09453408802906142,
      "cat_2_accuracy": 0.0918219794344473,
      "cat_3_accuracy": 0.8447027741083223,
      "cat_0_precision": 0.5566402201157115,
      "cat_0_recall": 0.8586836443979301,
      "cat_0_f1": 0.6754324784761208,
      "cat_1_precision": 0.3200800915331808,
      "cat_1_recall": 0.09453408802906142,
      "cat_1_f1": 0.1459596947759734,
      "cat_2_precision": 0.3353381252750477,
      "cat_2_recall": 0.0918219794344473,
      "cat_2_f1": 0.14416800681108694,
      "cat_3_precision": 0.592666740814889,
      "cat_3_recall": 0.8447027741083223,
      "cat_3_f1": 0.6965880866268682,
      "cross_entropy": 1.0065723642096447
    },
    {
      "epoch": 3,
      "train_loss": 0.7725455836644248,
      "train_accuracy": 0.5531604563887662,
      "gradient_norm": 0.27703223211897743,
      "learning_rate": 0.001,
      "categorical_accuracy": 0.5520286712244864,
      "ordinal_accuracy": 0.84691022860832,
      "quadratic_weighted_kappa": 0.6768454689477276,
      "mean_absolute_error": 0.6383320366170604,
      "kendall_tau": 0.6065804908375528,
      "spearman_correlation": 0.683632059031034,
      "cohen_kappa": 0.37429354680101623,
      "cat_0_accuracy": 0.8421419849991278,
      "cat_1_accuracy": 0.12131452226070795,
      "cat_2_accuracy": 0.13793380462724936,
      "cat_3_accuracy": 0.8301453104359313,
      "cat_0_precision": 0.5756871161986526,
      "cat_0_recall": 0.8421419849991278,
      "cat_0_f1": 0.683876907822515,
      "cat_1_precision": 0.3296980828837103,
      "cat_1_recall": 0.12131452226070795,
      "cat_1_f1": 0.17736606453605064,
      "cat_2_precision": 0.34370933840456414,
      "cat_2_recall": 0.13793380462724936,
      "cat_2_f1": 0.19686416143549174,
      "cat_3_precision": 0.6066181439079483,
      "cat_3_recall": 0.8301453104359313,
      "cat_3_f1": 0.7009938982899595,
      "cross_entropy": 0.9960189127031568
    },
    {
      "epoch": 4,
      "train_loss": 0.7611660077458337,
      "train_accuracy": 0.5581290766763373,
      "gradient_norm": 0.2482167226927621,
      "learning_rate": 0.001,
      "categorical_accuracy": 0.5571686338128424,
      "ordinal_accuracy": 0.8582082140078465,
      "quadratic_weighted_kappa": 0.6896762036304633,
      "mean_absolute_error": 0.6161581883494182,
      "kendall_tau": 0.6144581133643527,
      "spearman_correlation": 0.6944753576124422,
      "cohen_kappa": 0.3840198772572091,
      "cat_0_accuracy": 0.810425024710739,
      "cat_1_accuracy": 0.14754583086930811,
      "cat_2_accuracy": 0.17777956298200515,
      "cat_3_accuracy": 0.8327608982826948,
      "cat_0_precision": 0.6075273503900972,
      "cat_0_recall": 0.810425024710739,
      "cat_0_f1": 0.6944596681779682,
      "cat_1_precision": 0.34148010558216835,
      "cat_1_recall": 0.14754583086930811,
      "cat_1_f1": 0.2060584609031649,
      "cat_2_precision": 0.34451622946991517,
      "cat_2_recall": 0.17777956298200515,
      "cat_2_f1": 0.23453355589115862,
      "cat_3_precision": 0.6078370873187288,
      "cat_3_recall": 0.8327608982826948,
      "cat_3_f1": 0.7027400619802466,
      "cross_entropy": 0.9841248354446656
    },
    {
      "epoch": 5,
      "train_loss": 0.7563156343641735,
      "train_accuracy": 0.5600452886654966,
      "gradient_norm": 0.35868078139093185,
      "learning_rate": 0.001,
      "categorical_accuracy": 0.5569037726166631,
      "ordinal_accuracy": 0.8652766971808836,
      "quadratic_weighted_kappa": 0.6941395525868828,
      "mean_absolute_error": 0.6059527553841315,
      "kendall_tau": 0.6164549159190846,
      "spearman_correlation": 0.6985577948679258,
      "cohen_kappa": 0.38622809548370507,
      "cat_0_accuracy": 0.7729519158090586,
      "cat_1_accuracy": 0.1744107459660387,
      "cat_2_accuracy": 0.20834672236503857,
      "cat_3_accuracy": 0.8290620871862615,
      "cat_0_precision": 0.6341952103806888,
      "cat_0_recall": 0.7729519158090586,
      "cat_0_f1": 0.6967322659259453,
      "cat_1_precision": 0.3466834592779177,
      "cat_1_recall": 0.1744107459660387,
      "cat_1_f1": 0.23207059352517986,
      "cat_2_precision": 0.3354242110708743,
      "cat_2_recall": 0.20834672236503857,
      "cat_2_f1": 0.2570366699702676,
      "cat_3_precision": 0.609083850931677,
      "cat_3_recall": 0.8290620871862615,
      "cat_3_f1": 0.7022490768714333,
      "cross_entropy": 0.9870616249773163
    }
  ],
  "timestamp": "2025-08-11T12:45:49.315478"
}