{
  "config": {
    "model": null,
    "models": [
      "deep_gpcm"
    ],
    "dataset": "synthetic_500_200_4",
    "epochs": 1,
    "batch_size": 64,
    "lr": 0.001,
    "n_folds": 5,
    "no_cv": true,
    "cv": false,
    "seed": 42,
    "device": null,
    "enable_threshold_coupling": false,
    "coupling_type": "linear",
    "threshold_gpcm_weight": 0.7,
    "threshold_coral_weight": 0.3
  },
  "metrics": {
    "epoch": 1,
    "train_loss": 1.048964466367449,
    "train_accuracy": 0.3019227265952338,
    "gradient_norm": 0.2739867770246097,
    "learning_rate": 0.001,
    "categorical_accuracy": 0.39542894998343825,
    "ordinal_accuracy": 0.6927459423650215,
    "quadratic_weighted_kappa": 0.2956574603986838,
    "mean_absolute_error": 1.03696588274263,
    "kendall_tau": 0.2932487746958585,
    "spearman_correlation": 0.33732320708684915,
    "cohen_kappa": 0.1374326545876029,
    "cat_0_accuracy": 0.8011166730843281,
    "cat_1_accuracy": 0.12442847811887656,
    "cat_2_accuracy": 0.11356681400884053,
    "cat_3_accuracy": 0.28040020523345305,
    "cat_0_precision": 0.437217610591573,
    "cat_0_recall": 0.8011166730843281,
    "cat_0_f1": 0.5656991367004283,
    "cat_1_precision": 0.1948849104859335,
    "cat_1_recall": 0.12442847811887656,
    "cat_1_f1": 0.15188359577436716,
    "cat_2_precision": 0.23050379572118704,
    "cat_2_recall": 0.11356681400884053,
    "cat_2_f1": 0.15216400911161732,
    "cat_3_precision": 0.5027598896044159,
    "cat_3_recall": 0.28040020523345305,
    "cat_3_f1": 0.36001317523056653,
    "cross_entropy": 1.318187056152391,
    "best_epoch": 1,
    "total_epochs": 1,
    "parameters": 278555,
    "model_type": "DeepGPCM"
  },
  "training_history": [
    {
      "epoch": 1,
      "train_loss": 1.048964466367449,
      "train_accuracy": 0.3019227265952338,
      "gradient_norm": 0.2739867770246097,
      "learning_rate": 0.001,
      "categorical_accuracy": 0.39542894998343825,
      "ordinal_accuracy": 0.6927459423650215,
      "quadratic_weighted_kappa": 0.2956574603986838,
      "mean_absolute_error": 1.03696588274263,
      "kendall_tau": 0.2932487746958585,
      "spearman_correlation": 0.33732320708684915,
      "cohen_kappa": 0.1374326545876029,
      "cat_0_accuracy": 0.8011166730843281,
      "cat_1_accuracy": 0.12442847811887656,
      "cat_2_accuracy": 0.11356681400884053,
      "cat_3_accuracy": 0.28040020523345305,
      "cat_0_precision": 0.437217610591573,
      "cat_0_recall": 0.8011166730843281,
      "cat_0_f1": 0.5656991367004283,
      "cat_1_precision": 0.1948849104859335,
      "cat_1_recall": 0.12442847811887656,
      "cat_1_f1": 0.15188359577436716,
      "cat_2_precision": 0.23050379572118704,
      "cat_2_recall": 0.11356681400884053,
      "cat_2_f1": 0.15216400911161732,
      "cat_3_precision": 0.5027598896044159,
      "cat_3_recall": 0.28040020523345305,
      "cat_3_f1": 0.36001317523056653,
      "cross_entropy": 1.318187056152391
    }
  ],
  "timestamp": "2025-08-13T23:45:36.550273"
}