{
  "config": {
    "model": "stable_temporal_attn_gpcm",
    "models": null,
    "dataset": "synthetic_500_200_4",
    "epochs": 5,
    "batch_size": 64,
    "lr": 0.001,
    "n_folds": 0,
    "no_cv": false,
    "cv": false,
    "seed": 42,
    "device": null,
    "enable_threshold_coupling": false,
    "coupling_type": "linear",
    "threshold_gpcm_weight": 0.7,
    "threshold_coral_weight": 0.3
  },
  "metrics": {
    "epoch": 5,
    "train_loss": 0.9806178637913295,
    "train_accuracy": 0.45994733617077654,
    "gradient_norm": 0.2861755373222487,
    "learning_rate": 0.001,
    "categorical_accuracy": 0.4899635640940709,
    "ordinal_accuracy": 0.7428287512421332,
    "quadratic_weighted_kappa": 0.4958382320244311,
    "mean_absolute_error": 0.8698244451805234,
    "kendall_tau": 0.45547869350963766,
    "spearman_correlation": 0.5049301980878779,
    "cohen_kappa": 0.268066411090375,
    "cat_0_accuracy": 0.8294185598767809,
    "cat_1_accuracy": 0.026779882429784456,
    "cat_2_accuracy": 0.029581774906494388,
    "cat_3_accuracy": 0.7488455618265777,
    "cat_0_precision": 0.516175413371675,
    "cat_0_recall": 0.8294185598767809,
    "cat_0_f1": 0.6363367799113737,
    "cat_1_precision": 0.24477611940298508,
    "cat_1_recall": 0.026779882429784456,
    "cat_1_f1": 0.04827789225787459,
    "cat_2_precision": 0.2797427652733119,
    "cat_2_recall": 0.029581774906494388,
    "cat_2_f1": 0.05350553505535055,
    "cat_3_precision": 0.47828936588563004,
    "cat_3_recall": 0.7488455618265777,
    "cat_3_f1": 0.5837416258374163,
    "cross_entropy": 1.162858779720912,
    "best_epoch": 5,
    "total_epochs": 5,
    "parameters": 244796,
    "model_type": "StableTemporalAttentionGPCM"
  },
  "training_history": [
    {
      "epoch": 1,
      "train_loss": 1.1459138904299055,
      "train_accuracy": 0.33752877465511816,
      "gradient_norm": 0.7455680966377258,
      "learning_rate": 0.001,
      "categorical_accuracy": 0.4612785690626035,
      "ordinal_accuracy": 0.7079827757535608,
      "quadratic_weighted_kappa": 0.41183702173058256,
      "mean_absolute_error": 0.9544882411394502,
      "kendall_tau": 0.3939650101438605,
      "spearman_correlation": 0.43859090716071747,
      "cohen_kappa": 0.21676151068449812,
      "cat_0_accuracy": 0.882941855987678,
      "cat_1_accuracy": 0.024820378837361202,
      "cat_2_accuracy": 0.02788167290037402,
      "cat_3_accuracy": 0.569266290405336,
      "cat_0_precision": 0.4588753251951171,
      "cat_0_recall": 0.882941855987678,
      "cat_0_f1": 0.6038978140637346,
      "cat_1_precision": 0.18627450980392157,
      "cat_1_recall": 0.024820378837361202,
      "cat_1_f1": 0.04380403458213256,
      "cat_2_precision": 0.24773413897280966,
      "cat_2_recall": 0.02788167290037402,
      "cat_2_f1": 0.05012224938875306,
      "cat_3_precision": 0.5087116001834021,
      "cat_3_recall": 0.569266290405336,
      "cat_3_f1": 0.5372881355932203,
      "cross_entropy": 1.253149923088408
    },
    {
      "epoch": 2,
      "train_loss": 1.0498320034572057,
      "train_accuracy": 0.4207144394945597,
      "gradient_norm": 0.4185271603720529,
      "learning_rate": 0.001,
      "categorical_accuracy": 0.47678039085789997,
      "ordinal_accuracy": 0.72606823451474,
      "quadratic_weighted_kappa": 0.46023102622358847,
      "mean_absolute_error": 0.9084465054653859,
      "kendall_tau": 0.42261056110279127,
      "spearman_correlation": 0.4705885218712501,
      "cohen_kappa": 0.2490491098055274,
      "cat_0_accuracy": 0.8213323065075087,
      "cat_1_accuracy": 0.033964728935336384,
      "cat_2_accuracy": 0.033662019721183274,
      "cat_3_accuracy": 0.6998460749102103,
      "cat_0_precision": 0.5025326893627047,
      "cat_0_recall": 0.8213323065075087,
      "cat_0_f1": 0.6235474676606008,
      "cat_1_precision": 0.24129930394431554,
      "cat_1_recall": 0.033964728935336384,
      "cat_1_f1": 0.05954766676209562,
      "cat_2_precision": 0.24812030075187969,
      "cat_2_recall": 0.033662019721183274,
      "cat_2_f1": 0.0592814371257485,
      "cat_3_precision": 0.47229916897506924,
      "cat_3_recall": 0.6998460749102103,
      "cat_3_f1": 0.5639859416994004,
      "cross_entropy": 1.217936448343054
    },
    {
      "epoch": 3,
      "train_loss": 1.0124475785664149,
      "train_accuracy": 0.44784127983041583,
      "gradient_norm": 0.31579494902065824,
      "learning_rate": 0.001,
      "categorical_accuracy": 0.48042398145081155,
      "ordinal_accuracy": 0.7308380258363697,
      "quadratic_weighted_kappa": 0.4715321216689502,
      "mean_absolute_error": 0.89857568731368,
      "kendall_tau": 0.4333774227271078,
      "spearman_correlation": 0.4812953555489207,
      "cohen_kappa": 0.25478452508775007,
      "cat_0_accuracy": 0.8174817096649981,
      "cat_1_accuracy": 0.030372305682560417,
      "cat_2_accuracy": 0.027201632097925876,
      "cat_3_accuracy": 0.7267829656233966,
      "cat_0_precision": 0.5101525892106211,
      "cat_0_recall": 0.8174817096649981,
      "cat_0_f1": 0.628245912554561,
      "cat_1_precision": 0.246684350132626,
      "cat_1_recall": 0.030372305682560417,
      "cat_1_f1": 0.054085489968013954,
      "cat_2_precision": 0.23952095808383234,
      "cat_2_recall": 0.027201632097925876,
      "cat_2_f1": 0.04885496183206107,
      "cat_3_precision": 0.46741461804982676,
      "cat_3_recall": 0.7267829656233966,
      "cat_3_f1": 0.5689326237574054,
      "cross_entropy": 1.2148858912370062
    },
    {
      "epoch": 4,
      "train_loss": 0.9932752677372524,
      "train_accuracy": 0.4539025884768892,
      "gradient_norm": 0.26181899862630026,
      "learning_rate": 0.001,
      "categorical_accuracy": 0.4820801589930441,
      "ordinal_accuracy": 0.7317654852600198,
      "quadratic_weighted_kappa": 0.4792911064369594,
      "mean_absolute_error": 0.8960582974494866,
      "kendall_tau": 0.44176656872018855,
      "spearman_correlation": 0.4898572569394356,
      "cohen_kappa": 0.2611571735912147,
      "cat_0_accuracy": 0.7816711590296496,
      "cat_1_accuracy": 0.02906596995427825,
      "cat_2_accuracy": 0.026181570894253655,
      "cat_3_accuracy": 0.7827090815802976,
      "cat_0_precision": 0.532319391634981,
      "cat_0_recall": 0.7816711590296496,
      "cat_0_f1": 0.6333359332345371,
      "cat_1_precision": 0.2672672672672673,
      "cat_1_recall": 0.02906596995427825,
      "cat_1_f1": 0.0524300441826215,
      "cat_2_precision": 0.2347560975609756,
      "cat_2_recall": 0.026181570894253655,
      "cat_2_f1": 0.047109207708779445,
      "cat_3_precision": 0.4482150727192596,
      "cat_3_recall": 0.7827090815802976,
      "cat_3_f1": 0.570014012143858,
      "cross_entropy": 1.1979771873434917
    },
    {
      "epoch": 5,
      "train_loss": 0.9806178637913295,
      "train_accuracy": 0.45994733617077654,
      "gradient_norm": 0.2861755373222487,
      "learning_rate": 0.001,
      "categorical_accuracy": 0.4899635640940709,
      "ordinal_accuracy": 0.7428287512421332,
      "quadratic_weighted_kappa": 0.4958382320244311,
      "mean_absolute_error": 0.8698244451805234,
      "kendall_tau": 0.45547869350963766,
      "spearman_correlation": 0.5049301980878779,
      "cohen_kappa": 0.268066411090375,
      "cat_0_accuracy": 0.8294185598767809,
      "cat_1_accuracy": 0.026779882429784456,
      "cat_2_accuracy": 0.029581774906494388,
      "cat_3_accuracy": 0.7488455618265777,
      "cat_0_precision": 0.516175413371675,
      "cat_0_recall": 0.8294185598767809,
      "cat_0_f1": 0.6363367799113737,
      "cat_1_precision": 0.24477611940298508,
      "cat_1_recall": 0.026779882429784456,
      "cat_1_f1": 0.04827789225787459,
      "cat_2_precision": 0.2797427652733119,
      "cat_2_recall": 0.029581774906494388,
      "cat_2_f1": 0.05350553505535055,
      "cat_3_precision": 0.47828936588563004,
      "cat_3_recall": 0.7488455618265777,
      "cat_3_f1": 0.5837416258374163,
      "cross_entropy": 1.162858779720912
    }
  ],