{
  "config": {
    "model": "coral_gpcm_proper",
    "models": null,
    "dataset": "synthetic_4000_200_2",
    "epochs": 5,
    "batch_size": 64,
    "lr": 0.001,
    "n_folds": 5,
    "no_cv": false,
    "cv": false,
    "seed": 42,
    "device": null,
    "loss": "combined",
    "ce_weight": 0.0,
    "qwk_weight": 0.2,
    "coral_weight": 0.4,
    "focal_gamma": 2.0,
    "focal_alpha": null,
    "focal_weight": 0.4,
    "triple_coral": false,
    "triple_ce_weight": 0.33,
    "triple_qwk_weight": 0.33,
    "triple_coral_weight": 0.34,
    "enable_threshold_coupling": false,
    "coupling_type": "linear",
    "threshold_gpcm_weight": 0.7,
    "threshold_coral_weight": 0.3,
    "fold": 2
  },
  "metrics": {
    "epoch": 4,
    "train_loss": 0.24373413294553756,
    "train_accuracy": 0.7122989271349386,
    "gradient_norm": 0.06933775898069143,
    "learning_rate": 0.001,
    "categorical_accuracy": 0.7086177137506627,
    "ordinal_accuracy": 1.0,
    "quadratic_weighted_kappa": 0.41497505937487766,
    "mean_absolute_error": 0.2913822862493372,
    "kendall_tau": 0.4149939270933732,
    "spearman_correlation": 0.41499392709337307,
    "cohen_kappa": 0.41497505937487766,
    "cat_0_accuracy": 0.6927541839992261,
    "cat_1_accuracy": 0.7224865207738662,
    "cat_0_precision": 0.685771744595274,
    "cat_0_recall": 0.6927541839992261,
    "cat_0_f1": 0.689245280748824,
    "cat_1_precision": 0.7289755514784315,
    "cat_1_recall": 0.7224865207738662,
    "cat_1_f1": 0.725716530917818,
    "cross_entropy": 0.559424924848571,
    "best_epoch": 4,
    "total_epochs": 5,
    "parameters": 201054,
    "model_type": "CORALGPCM"
  },
  "training_history": [
    {
      "epoch": 1,
      "train_loss": 0.29551183462142944,
      "train_accuracy": 0.6563658661391437,
      "gradient_norm": 0.09319475177675486,
      "learning_rate": 0.001,
      "categorical_accuracy": 0.6966934783344426,
      "ordinal_accuracy": 1.0,
      "quadratic_weighted_kappa": 0.3909905922311926,
      "mean_absolute_error": 0.3033065216655573,
      "kendall_tau": 0.3910046235505205,
      "spearman_correlation": 0.39100462355052057,
      "cohen_kappa": 0.3909905922311925,
      "cat_0_accuracy": 0.6794040824223663,
      "cat_1_accuracy": 0.7118088592874511,
      "cat_0_precision": 0.6733138392215138,
      "cat_0_recall": 0.6794040824223663,
      "cat_0_f1": 0.6763452509931384,
      "cat_1_precision": 0.7174825770976748,
      "cat_1_recall": 0.7118088592874511,
      "cat_1_f1": 0.7146344569924429,
      "cross_entropy": 0.5749297514254723
    },
    {
      "epoch": 2,
      "train_loss": 0.2514535397291183,
      "train_accuracy": 0.7065701192929896,
      "gradient_norm": 0.08581549752503634,
      "learning_rate": 0.001,
      "categorical_accuracy": 0.7047933847004275,
      "ordinal_accuracy": 1.0,
      "quadratic_weighted_kappa": 0.40820410230806725,
      "mean_absolute_error": 0.29520661529957243,
      "kendall_tau": 0.40841773273355575,
      "spearman_correlation": 0.4084177327335557,
      "cohen_kappa": 0.40820410230806725,
      "cat_0_accuracy": 0.700856147818516,
      "cat_1_accuracy": 0.7082355428692251,
      "cat_0_precision": 0.6774276497264949,
      "cat_0_recall": 0.700856147818516,
      "cat_0_f1": 0.6889427763117228,
      "cat_1_precision": 0.7303172353646571,
      "cat_1_recall": 0.7082355428692251,
      "cat_1_f1": 0.719106912838128,
      "cross_entropy": 0.5651444898409147
    },
    {
      "epoch": 3,
      "train_loss": 0.24589340269565582,
      "train_accuracy": 0.710638030250621,
      "gradient_norm": 0.07090927887707948,
      "learning_rate": 0.001,
      "categorical_accuracy": 0.7067788770686912,
      "ordinal_accuracy": 1.0,
      "quadratic_weighted_kappa": 0.4124322187192584,
      "mean_absolute_error": 0.29322112293130875,
      "kendall_tau": 0.41273998481910384,
      "spearman_correlation": 0.4127399848191038,
      "cohen_kappa": 0.4124322187192583,
      "cat_0_accuracy": 0.7063461352423334,
      "cat_1_accuracy": 0.7071572047785178,
      "cat_0_precision": 0.6783259011519881,
      "cat_0_recall": 0.7063461352423334,
      "cat_0_f1": 0.6920525093597459,
      "cat_1_precision": 0.7336521376708273,
      "cat_1_recall": 0.7071572047785178,
      "cat_1_f1": 0.7201610645765595,
      "cross_entropy": 0.5626229593302596
    },
    {
      "epoch": 4,
      "train_loss": 0.24373413294553756,
      "train_accuracy": 0.7122989271349386,
      "gradient_norm": 0.06933775898069143,
      "learning_rate": 0.001,
      "categorical_accuracy": 0.7086177137506627,
      "ordinal_accuracy": 1.0,
      "quadratic_weighted_kappa": 0.41497505937487766,
      "mean_absolute_error": 0.2913822862493372,
      "kendall_tau": 0.4149939270933732,
      "spearman_correlation": 0.41499392709337307,
      "cohen_kappa": 0.41497505937487766,
      "cat_0_accuracy": 0.6927541839992261,
      "cat_1_accuracy": 0.7224865207738662,
      "cat_0_precision": 0.685771744595274,
      "cat_0_recall": 0.6927541839992261,
      "cat_0_f1": 0.689245280748824,
      "cat_1_precision": 0.7289755514784315,
      "cat_1_recall": 0.7224865207738662,
      "cat_1_f1": 0.725716530917818,
      "cross_entropy": 0.559424924848571
    },
    {
      "epoch": 5,
      "train_loss": 0.24254361987113954,
      "train_accuracy": 0.7140055630040222,
      "gradient_norm": 0.07971534829586745,
      "learning_rate": 0.001,
      "categorical_accuracy": 0.7091592116692802,
      "ordinal_accuracy": 1.0,
      "quadratic_weighted_kappa": 0.4126259184957837,
      "mean_absolute_error": 0.29084078833071986,
      "kendall_tau": 0.41389090261962114,
      "spearman_correlation": 0.4138909026196211,
      "cohen_kappa": 0.4126259184957837,
      "cat_0_accuracy": 0.6467785624455838,
      "cat_1_accuracy": 0.7636959509461888,
      "cat_0_precision": 0.7052664890951765,
      "cat_0_recall": 0.6467785624455838,
      "cat_0_f1": 0.6747574652755876,
      "cat_1_precision": 0.7120692374418421,
      "cat_1_recall": 0.7636959509461888,
      "cat_1_f1": 0.7369795651863414,
      "cross_entropy": 0.5569329024020142
    }
  ],
  "timestamp": "2025-08-02T01:15:54.087816"
}