{
  "config": {
    "model": "coral_gpcm_proper",
    "models": null,
    "dataset": "synthetic_4000_200_2",
    "epochs": 5,
    "batch_size": 64,
    "lr": 0.001,
    "n_folds": 5,
    "no_cv": false,
    "cv": false,
    "seed": 42,
    "device": null,
    "loss": "combined",
    "ce_weight": 0.0,
    "qwk_weight": 0.2,
    "coral_weight": 0.4,
    "focal_gamma": 2.0,
    "focal_alpha": null,
    "focal_weight": 0.4,
    "triple_coral": false,
    "triple_ce_weight": 0.33,
    "triple_qwk_weight": 0.33,
    "triple_coral_weight": 0.34,
    "enable_threshold_coupling": false,
    "coupling_type": "linear",
    "threshold_gpcm_weight": 0.7,
    "threshold_coral_weight": 0.3,
    "fold": 4
  },
  "metrics": {
    "epoch": 5,
    "train_loss": 0.24289090037345887,
    "train_accuracy": 0.7129975664252067,
    "gradient_norm": 0.07415777489542962,
    "learning_rate": 0.001,
    "categorical_accuracy": 0.7153778165497767,
    "ordinal_accuracy": 1.0,
    "quadratic_weighted_kappa": 0.4308234525731982,
    "mean_absolute_error": 0.2846221834502233,
    "kendall_tau": 0.43140847171822033,
    "spearman_correlation": 0.4314084717182203,
    "cohen_kappa": 0.4308234525731982,
    "cat_0_accuracy": 0.7278964151125713,
    "cat_1_accuracy": 0.7040439166283927,
    "cat_0_precision": 0.6900879443019421,
    "cat_0_recall": 0.7278964151125713,
    "cat_0_f1": 0.7084881260286856,
    "cat_1_precision": 0.7407893222874238,
    "cat_1_recall": 0.7040439166283927,
    "cat_1_f1": 0.7219493597075511,
    "cross_entropy": 0.5540075300542868,
    "best_epoch": 5,
    "total_epochs": 5,
    "parameters": 201054,
    "model_type": "CORALGPCM"
  },
  "training_history": [
    {
      "epoch": 1,
      "train_loss": 0.2976146340370178,
      "train_accuracy": 0.6520699617174491,
      "gradient_norm": 0.08987016286700963,
      "learning_rate": 0.001,
      "categorical_accuracy": 0.7051045122189189,
      "ordinal_accuracy": 1.0,
      "quadratic_weighted_kappa": 0.40864300702423806,
      "mean_absolute_error": 0.29489548778108104,
      "kendall_tau": 0.4086457438688643,
      "spearman_correlation": 0.4086457438688643,
      "cohen_kappa": 0.40864300702423806,
      "cat_0_accuracy": 0.6877717653879601,
      "cat_1_accuracy": 0.7207969730770072,
      "cat_0_precision": 0.6904236486650338,
      "cat_0_recall": 0.6877717653879601,
      "cat_0_f1": 0.6890951556884054,
      "cat_1_precision": 0.7182991151213983,
      "cat_1_recall": 0.7207969730770072,
      "cat_1_f1": 0.7195458763167949,
      "cross_entropy": 0.5694195397161436
    },
    {
      "epoch": 2,
      "train_loss": 0.25192523062229155,
      "train_accuracy": 0.7059643929582877,
      "gradient_norm": 0.08067055504769087,
      "learning_rate": 0.001,
      "categorical_accuracy": 0.711670244148808,
      "ordinal_accuracy": 1.0,
      "quadratic_weighted_kappa": 0.42240760100858943,
      "mean_absolute_error": 0.288329755851192,
      "kendall_tau": 0.4224699281620491,
      "spearman_correlation": 0.42246992816204904,
      "cohen_kappa": 0.42240760100858943,
      "cat_0_accuracy": 0.7056237317615228,
      "cat_1_accuracy": 0.7171445443212388,
      "cat_0_precision": 0.6931162945210355,
      "cat_0_recall": 0.7056237317615228,
      "cat_0_f1": 0.6993140928189229,
      "cat_1_precision": 0.7290554962646745,
      "cat_1_recall": 0.7171445443212388,
      "cat_1_f1": 0.7230509707935038,
      "cross_entropy": 0.5585974342775207
    },
    {
      "epoch": 3,
      "train_loss": 0.2466036146879196,
      "train_accuracy": 0.7096104857187584,
      "gradient_norm": 0.08902230147272348,
      "learning_rate": 0.001,
      "categorical_accuracy": 0.7146891034102779,
      "ordinal_accuracy": 1.0,
      "quadratic_weighted_kappa": 0.42775906709978895,
      "mean_absolute_error": 0.2853108965897221,
      "kendall_tau": 0.427770531102664,
      "spearman_correlation": 0.42777053110266405,
      "cohen_kappa": 0.42775906709978906,
      "cat_0_accuracy": 0.6959368054884529,
      "cat_1_accuracy": 0.7316667760208211,
      "cat_0_precision": 0.7013243098495545,
      "cat_0_recall": 0.6959368054884529,
      "cat_0_f1": 0.6986201712054708,
      "cat_1_precision": 0.7266132360287569,
      "cat_1_recall": 0.7316667760208211,
      "cat_1_f1": 0.729131249727562,
      "cross_entropy": 0.5554304850508026
    },
    {
      "epoch": 4,
      "train_loss": 0.2443782728910446,
      "train_accuracy": 0.7121379879602089,
      "gradient_norm": 0.06729172833263874,
      "learning_rate": 0.001,
      "categorical_accuracy": 0.7154122522067516,
      "ordinal_accuracy": 1.0,
      "quadratic_weighted_kappa": 0.42825300173489245,
      "mean_absolute_error": 0.2845877477932483,
      "kendall_tau": 0.42861465946594557,
      "spearman_correlation": 0.4286146594659456,
      "cohen_kappa": 0.42825300173489245,
      "cat_0_accuracy": 0.6790269591264857,
      "cat_1_accuracy": 0.748354219976817,
      "cat_0_precision": 0.7095544616938029,
      "cat_0_recall": 0.6790269591264857,
      "cat_0_f1": 0.6939551418943106,
      "cat_1_precision": 0.7202972381273156,
      "cat_1_recall": 0.748354219976817,
      "cat_1_f1": 0.7340577300567432,
      "cross_entropy": 0.554644142476054
    },
    {
      "epoch": 5,
      "train_loss": 0.24289090037345887,
      "train_accuracy": 0.7129975664252067,
      "gradient_norm": 0.07415777489542962,
      "learning_rate": 0.001,
      "categorical_accuracy": 0.7153778165497767,
      "ordinal_accuracy": 1.0,
      "quadratic_weighted_kappa": 0.4308234525731982,
      "mean_absolute_error": 0.2846221834502233,
      "kendall_tau": 0.43140847171822033,
      "spearman_correlation": 0.4314084717182203,
      "cohen_kappa": 0.4308234525731982,
      "cat_0_accuracy": 0.7278964151125713,
      "cat_1_accuracy": 0.7040439166283927,
      "cat_0_precision": 0.6900879443019421,
      "cat_0_recall": 0.7278964151125713,
      "cat_0_f1": 0.7084881260286856,
      "cat_1_precision": 0.7407893222874238,
      "cat_1_recall": 0.7040439166283927,
      "cat_1_f1": 0.7219493597075511,
      "cross_entropy": 0.5540075300542868
    }
  ],
  "timestamp": "2025-08-02T01:19:54.897174"
}