{
  "config": {
    "model": "coral_gpcm_fixed",
    "models": null,
    "dataset": "synthetic_4000_200_2",
    "epochs": 20,
    "batch_size": 64,
    "lr": 0.001,
    "n_folds": 0,
    "no_cv": false,
    "cv": false,
    "seed": 42,
    "device": null,
    "loss": "combined",
    "ce_weight": 0.0,
    "qwk_weight": 0.2,
    "coral_weight": 0.4,
    "focal_gamma": 2.0,
    "focal_alpha": null,
    "focal_weight": 0.4,
    "triple_coral": false,
    "triple_ce_weight": 0.33,
    "triple_qwk_weight": 0.33,
    "triple_coral_weight": 0.34,
    "enable_threshold_coupling": false,
    "coupling_type": "linear",
    "threshold_gpcm_weight": 0.7,
    "threshold_coral_weight": 0.3
  },
  "metrics": {
    "epoch": 18,
    "train_loss": 0.020177114605903625,
    "train_accuracy": 0.7164120228107537,
    "gradient_norm": 0.03939351607114076,
    "learning_rate": 0.0008,
    "categorical_accuracy": 0.7171825455037859,
    "ordinal_accuracy": 1.0,
    "quadratic_weighted_kappa": 0.4328222669605749,
    "mean_absolute_error": 0.28281745449621415,
    "kendall_tau": 0.4328223158359946,
    "spearman_correlation": 0.43282231583599456,
    "cohen_kappa": 0.4328222669605749,
    "cat_0_accuracy": 0.7014449284677093,
    "cat_1_accuracy": 0.7313666595151255,
    "cat_0_precision": 0.7017957511670001,
    "cat_0_recall": 0.7014449284677093,
    "cat_0_f1": 0.7016202959629511,
    "cat_1_precision": 0.7310372927880594,
    "cat_1_recall": 0.7313666595151255,
    "cat_1_f1": 0.7312019390611426,
    "cross_entropy": 0.5506174290114715,
    "best_epoch": 18,
    "total_epochs": 20,
    "parameters": 201054,
    "model_type": "CORALGPCMFixed"
  },
  "training_history": [
    {
      "epoch": 1,
      "train_loss": 0.045823683813214305,
      "train_accuracy": 0.6520788371660926,
      "gradient_norm": 0.05977279597893357,
      "learning_rate": 0.001,
      "categorical_accuracy": 0.6999063406267279,
      "ordinal_accuracy": 1.0,
      "quadratic_weighted_kappa": 0.39763277670759267,
      "mean_absolute_error": 0.3000936593732721,
      "kendall_tau": 0.39769612920388103,
      "spearman_correlation": 0.3976961292038811,
      "cohen_kappa": 0.3976327767075928,
      "cat_0_accuracy": 0.6740936465995382,
      "cat_1_accuracy": 0.7231709933490668,
      "cat_0_precision": 0.6869799374105432,
      "cat_0_recall": 0.6740936465995382,
      "cat_0_f1": 0.6804757899795747,
      "cat_1_precision": 0.7111481497109583,
      "cat_1_recall": 0.7231709933490668,
      "cat_1_f1": 0.7171091821972598,
      "cross_entropy": 0.5746392064812591
    },
    {
      "epoch": 2,
      "train_loss": 0.026816785633563996,
      "train_accuracy": 0.7061814855574771,
      "gradient_norm": 0.052429540157318114,
      "learning_rate": 0.001,
      "categorical_accuracy": 0.7108520746115393,
      "ordinal_accuracy": 1.0,
      "quadratic_weighted_kappa": 0.4188081906404725,
      "mean_absolute_error": 0.28914792538846074,
      "kendall_tau": 0.4192192731277016,
      "spearman_correlation": 0.4192192731277015,
      "cohen_kappa": 0.4188081906404725,
      "cat_0_accuracy": 0.6717846175819467,
      "cat_1_accuracy": 0.7460630765930057,
      "cat_0_precision": 0.7045210574930724,
      "cat_0_recall": 0.6717846175819467,
      "cat_0_f1": 0.6877635074208563,
      "cat_1_precision": 0.7160742967752564,
      "cat_1_recall": 0.7460630765930057,
      "cat_1_f1": 0.7307611482368764,
      "cross_entropy": 0.5601221799919494
    },
    {
      "epoch": 3,
      "train_loss": 0.02462737388908863,
      "train_accuracy": 0.709400145783012,
      "gradient_norm": 0.04527852768078446,
      "learning_rate": 0.001,
      "categorical_accuracy": 0.7111680339430596,
      "ordinal_accuracy": 1.0,
      "quadratic_weighted_kappa": 0.4196332701388651,
      "mean_absolute_error": 0.2888319660569404,
      "kendall_tau": 0.41993587870134114,
      "spearman_correlation": 0.4199358787013411,
      "cohen_kappa": 0.4196332701388651,
      "cat_0_accuracy": 0.6754266942797972,
      "cat_1_accuracy": 0.7433812486590861,
      "cat_0_precision": 0.7034585347712904,
      "cat_0_recall": 0.6754266942797972,
      "cat_0_f1": 0.6891576799766832,
      "cat_1_precision": 0.7176083174550576,
      "cat_1_recall": 0.7433812486590861,
      "cat_1_f1": 0.730267456319683,
      "cross_entropy": 0.5589135327309168
    },
    {
      "epoch": 4,
      "train_loss": 0.023388020396232605,
      "train_accuracy": 0.7114782683264967,
      "gradient_norm": 0.04137079875916243,
      "learning_rate": 0.001,
      "categorical_accuracy": 0.7122287545560207,
      "ordinal_accuracy": 1.0,
      "quadratic_weighted_kappa": 0.42432901066980677,
      "mean_absolute_error": 0.2877712454439793,
      "kendall_tau": 0.42481115554707827,
      "spearman_correlation": 0.4248111555470782,
      "cohen_kappa": 0.4243290106698069,
      "cat_0_accuracy": 0.7215834702087648,
      "cat_1_accuracy": 0.7037974683544304,
      "cat_0_precision": 0.6870735964097101,
      "cat_0_recall": 0.7215834702087648,
      "cat_0_f1": 0.7039058146015233,
      "cat_1_precision": 0.7371685393258427,
      "cat_1_recall": 0.7037974683544304,
      "cat_1_f1": 0.7200965865437383,
      "cross_entropy": 0.5558446415200073
    },
    {
      "epoch": 5,
      "train_loss": 0.0223261146992445,
      "train_accuracy": 0.7128046078865751,
      "gradient_norm": 0.04096161091700196,
      "learning_rate": 0.001,
      "categorical_accuracy": 0.7139778151412225,
      "ordinal_accuracy": 1.0,
      "quadratic_weighted_kappa": 0.4267361371529297,
      "mean_absolute_error": 0.28602218485877745,
      "kendall_tau": 0.4267618120137545,
      "spearman_correlation": 0.4267618120137544,
      "cohen_kappa": 0.4267361371529297,
      "cat_0_accuracy": 0.7040872194053656,
      "cat_1_accuracy": 0.722892083243939,
      "cat_0_precision": 0.6960512072292558,
      "cat_0_recall": 0.7040872194053656,
      "cat_0_f1": 0.7000461522076139,
      "cat_1_precision": 0.7304932249322493,
      "cat_1_recall": 0.722892083243939,
      "cat_1_f1": 0.7266727772685609,
      "cross_entropy": 0.5528359890316754
    },
    {
      "epoch": 6,
      "train_loss": 0.02174133785068989,
      "train_accuracy": 0.713927994626038,
      "gradient_norm": 0.038549028728157284,
      "learning_rate": 0.001,
      "categorical_accuracy": 0.7147789977318634,
      "ordinal_accuracy": 1.0,
      "quadratic_weighted_kappa": 0.4277916284365476,
      "mean_absolute_error": 0.2852210022681366,
      "kendall_tau": 0.4278038578481855,
      "spearman_correlation": 0.42780385784818536,
      "cohen_kappa": 0.4277916284365475,
      "cat_0_accuracy": 0.6951843652550644,
      "cat_1_accuracy": 0.7324393906886935,
      "cat_0_precision": 0.700755848830234,
      "cat_0_recall": 0.6951843652550644,
      "cat_0_f1": 0.6979589885760719,
      "cat_1_precision": 0.7272281867757328,
      "cat_1_recall": 0.7324393906886935,
      "cat_1_f1": 0.7298244863928854,
      "cross_entropy": 0.5521411705317153
    },
    {
      "epoch": 7,
      "train_loss": 0.02125012271106243,
      "train_accuracy": 0.7148312776022983,
      "gradient_norm": 0.031055453307926653,
      "learning_rate": 0.001,
      "categorical_accuracy": 0.7157494442501043,
      "ordinal_accuracy": 1.0,
      "quadratic_weighted_kappa": 0.42950518444016705,
      "mean_absolute_error": 0.2842505557498956,
      "kendall_tau": 0.42955642713357406,
      "spearman_correlation": 0.42955642713357406,
      "cohen_kappa": 0.42950518444016705,
      "cat_0_accuracy": 0.6920659858601729,
      "cat_1_accuracy": 0.7370950439819781,
      "cat_0_precision": 0.7034868245940911,
      "cat_0_recall": 0.6920659858601729,
      "cat_0_f1": 0.6977296726504751,
      "cat_1_precision": 0.7264653641207816,
      "cat_1_recall": 0.7370950439819781,
      "cat_1_f1": 0.731741602947754,
      "cross_entropy": 0.5512690226493093
    },
    {
      "epoch": 8,
      "train_loss": 0.020927578434348105,
      "train_accuracy": 0.7153600983320708,