{
  "config": {
    "model": "coral_gpcm_proper",
    "models": null,
    "dataset": "synthetic_4000_200_2",
    "epochs": 2,
    "batch_size": 64,
    "lr": 0.001,
    "n_folds": 5,
    "no_cv": false,
    "cv": false,
    "seed": 42,
    "device": null,
    "loss": "ce",
    "ce_weight": 0.4,
    "qwk_weight": 0.2,
    "coral_weight": 0.4,
    "focal_gamma": 2.0,
    "focal_alpha": null,
    "focal_weight": 0.0,
    "triple_coral": false,
    "triple_ce_weight": 0.33,
    "triple_qwk_weight": 0.33,
    "triple_coral_weight": 0.34,
    "enable_threshold_coupling": false,
    "coupling_type": "linear",
    "threshold_gpcm_weight": 0.7,
    "threshold_coral_weight": 0.3,
    "fold": 1
  },
  "metrics": {
    "epoch": 2,
    "train_loss": 0.5591988241672516,
    "train_accuracy": 0.7080439089936004,
    "gradient_norm": 0.12641826085746288,
    "learning_rate": 0.001,
    "categorical_accuracy": 0.7055240760707485,
    "ordinal_accuracy": 1.0,
    "quadratic_weighted_kappa": 0.40873419231774377,
    "mean_absolute_error": 0.2944759239292514,
    "kendall_tau": 0.4094649810049072,
    "spearman_correlation": 0.40946498100490714,
    "cohen_kappa": 0.40873419231774377,
    "cat_0_accuracy": 0.6624390942963599,
    "cat_1_accuracy": 0.7453325683011873,
    "cat_0_precision": 0.7061744112030554,
    "cat_0_recall": 0.6624390942963599,
    "cat_0_f1": 0.6836079513944517,
    "cat_1_precision": 0.7049909199073204,
    "cat_1_recall": 0.7453325683011873,
    "cat_1_f1": 0.7246006801042684,
    "cross_entropy": 0.5601002840958883,
    "best_epoch": 2,
    "total_epochs": 2,
    "parameters": 201054,
    "model_type": "CORALGPCM"
  },
  "training_history": [
    {
      "epoch": 1,
      "train_loss": 0.6153755176067353,
      "train_accuracy": 0.6569382131225945,
      "gradient_norm": 0.15518005385994912,
      "learning_rate": 0.001,
      "categorical_accuracy": 0.6990204399990824,
      "ordinal_accuracy": 1.0,
      "quadratic_weighted_kappa": 0.3960656052147067,
      "mean_absolute_error": 0.30097956000091763,
      "kendall_tau": 0.3964384806380115,
      "spearman_correlation": 0.3964384806380115,
      "cohen_kappa": 0.3960656052147067,
      "cat_0_accuracy": 0.6641349001624152,
      "cat_1_accuracy": 0.7312530343823102,
      "cat_0_precision": 0.6954281712685074,
      "cat_0_recall": 0.6641349001624152,
      "cat_0_f1": 0.6794213947124078,
      "cat_1_precision": 0.7020636467646935,
      "cat_1_recall": 0.7312530343823102,
      "cat_1_f1": 0.7163611207194742,
      "cross_entropy": 0.571810573032046
    },
    {
      "epoch": 2,
      "train_loss": 0.5591988241672516,
      "train_accuracy": 0.7080439089936004,
      "gradient_norm": 0.12641826085746288,
      "learning_rate": 0.001,
      "categorical_accuracy": 0.7055240760707485,
      "ordinal_accuracy": 1.0,
      "quadratic_weighted_kappa": 0.40873419231774377,
      "mean_absolute_error": 0.2944759239292514,
      "kendall_tau": 0.4094649810049072,
      "spearman_correlation": 0.40946498100490714,
      "cohen_kappa": 0.40873419231774377,
      "cat_0_accuracy": 0.6624390942963599,
      "cat_1_accuracy": 0.7453325683011873,
      "cat_0_precision": 0.7061744112030554,
      "cat_0_recall": 0.6624390942963599,
      "cat_0_f1": 0.6836079513944517,
      "cat_1_precision": 0.7049909199073204,
      "cat_1_recall": 0.7453325683011873,
      "cat_1_f1": 0.7246006801042684,
      "cross_entropy": 0.5601002840958883
    }
  ],
  "timestamp": "2025-08-03T01:44:54.125928"
}