{
  "config": {
    "model": "attn_gpcm",
    "models": null,
    "dataset": "synthetic_4000_200_2",
    "epochs": 5,
    "batch_size": 64,
    "lr": 0.001,
    "n_folds": 5,
    "no_cv": false,
    "cv": false,
    "seed": 42,
    "device": null,
    "loss": "ce",
    "ce_weight": 0.4,
    "qwk_weight": 0.2,
    "coral_weight": 0.4,
    "focal_gamma": 2.0,
    "focal_alpha": null,
    "focal_weight": 0.0,
    "triple_coral": false,
    "triple_ce_weight": 0.33,
    "triple_qwk_weight": 0.33,
    "triple_coral_weight": 0.34,
    "enable_threshold_coupling": false,
    "coupling_type": "linear",
    "threshold_gpcm_weight": 0.7,
    "threshold_coral_weight": 0.3,
    "fold": 1
  },
  "metrics": {
    "epoch": 5,
    "train_loss": 0.5471496784687042,
    "train_accuracy": 0.7155509121136897,
    "gradient_norm": 0.08880466029047966,
    "learning_rate": 0.001,
    "categorical_accuracy": 0.7154687894290106,
    "ordinal_accuracy": 1.0,
    "quadratic_weighted_kappa": 0.4296918084142932,
    "mean_absolute_error": 0.2845312105709894,
    "kendall_tau": 0.4297452601830925,
    "spearman_correlation": 0.4297452601830926,
    "cohen_kappa": 0.4296918084142932,
    "cat_0_accuracy": 0.6955670201585937,
    "cat_1_accuracy": 0.7338570861102529,
    "cat_0_precision": 0.7071536108008353,
    "cat_0_recall": 0.6955670201585937,
    "cat_0_f1": 0.701312462372065,
    "cat_1_precision": 0.7229130434782609,
    "cat_1_recall": 0.7338570861102529,
    "cat_1_f1": 0.7283439560198874,
    "cross_entropy": 0.5489448891973869,
    "best_epoch": 5,
    "total_epochs": 5,
    "parameters": 194232,
    "model_type": "EnhancedAttentionGPCM"
  },
  "training_history": [
    {
      "epoch": 1,
      "train_loss": 0.627108998298645,
      "train_accuracy": 0.6506781069940103,
      "gradient_norm": 0.1317487269639969,
      "learning_rate": 0.001,
      "categorical_accuracy": 0.69103714069418,
      "ordinal_accuracy": 1.0,
      "quadratic_weighted_kappa": 0.37819231614800586,
      "mean_absolute_error": 0.30896285930582,
      "kendall_tau": 0.38090638094849977,
      "spearman_correlation": 0.3809063809484998,
      "cohen_kappa": 0.37819231614800597,
      "cat_0_accuracy": 0.6166762205025318,
      "cat_1_accuracy": 0.759743125744803,
      "cat_0_precision": 0.703399989102599,
      "cat_0_recall": 0.6166762205025318,
      "cat_0_f1": 0.6571894010741467,
      "cat_1_precision": 0.6820469133845788,
      "cat_1_recall": 0.759743125744803,
      "cat_1_f1": 0.7188015450464558,
      "cross_entropy": 0.5841465447501535
    },
    {
      "epoch": 2,
      "train_loss": 0.5633907353878022,
      "train_accuracy": 0.7063102097519871,
      "gradient_norm": 0.18624365009367466,
      "learning_rate": 0.001,
      "categorical_accuracy": 0.7122800578100984,
      "ordinal_accuracy": 1.0,
      "quadratic_weighted_kappa": 0.42302878671157085,
      "mean_absolute_error": 0.2877199421899016,
      "kendall_tau": 0.42319110128194454,
      "spearman_correlation": 0.4231911012819445,
      "cohen_kappa": 0.42302878671157096,
      "cat_0_accuracy": 0.6860609534728194,
      "cat_1_accuracy": 0.7365052743081608,
      "cat_0_precision": 0.7063741884713751,
      "cat_0_recall": 0.6860609534728194,
      "cat_0_f1": 0.6960694033829302,
      "cat_1_precision": 0.7174427103486822,
      "cat_1_recall": 0.7365052743081608,
      "cat_1_f1": 0.7268490286610332,
      "cross_entropy": 0.5533646889362157
    },
    {
      "epoch": 3,
      "train_loss": 0.5506102371215821,
      "train_accuracy": 0.7134898312418866,
      "gradient_norm": 0.09258600167930126,
      "learning_rate": 0.001,
      "categorical_accuracy": 0.7140235369686403,
      "ordinal_accuracy": 1.0,
      "quadratic_weighted_kappa": 0.42658132860675035,
      "mean_absolute_error": 0.2859764630313597,
      "kendall_tau": 0.4267169191509857,
      "spearman_correlation": 0.42671691915098575,
      "cohen_kappa": 0.42658132860675024,
      "cat_0_accuracy": 0.6891659501289767,
      "cat_1_accuracy": 0.7369907754777772,
      "cat_0_precision": 0.7076915530265869,
      "cat_0_recall": 0.6891659501289767,
      "cat_0_f1": 0.6983059051306874,
      "cat_1_precision": 0.7195862960568843,
      "cat_1_recall": 0.7369907754777772,
      "cat_1_f1": 0.728184553660983,
      "cross_entropy": 0.5506419272373313
    },
    {
      "epoch": 4,
      "train_loss": 0.5494411551952362,
      "train_accuracy": 0.7147708897948029,
      "gradient_norm": 0.12602454595267773,
      "learning_rate": 0.001,
      "categorical_accuracy": 0.7146314606226056,
      "ordinal_accuracy": 1.0,
      "quadratic_weighted_kappa": 0.4285582241059491,
      "mean_absolute_error": 0.2853685393773944,
      "kendall_tau": 0.4285731209360751,
      "spearman_correlation": 0.4285731209360751,
      "cohen_kappa": 0.42855822410594924,
      "cat_0_accuracy": 0.7072226999140154,
      "cat_1_accuracy": 0.7214768062850333,
      "cat_0_precision": 0.7011437095972153,
      "cat_0_recall": 0.7072226999140154,
      "cat_0_f1": 0.7041700852566618,
      "cat_1_precision": 0.7273030633356321,
      "cat_1_recall": 0.7214768062850333,
      "cat_1_f1": 0.7243782196864788,
      "cross_entropy": 0.5505072973078915
    },
    {
      "epoch": 5,
      "train_loss": 0.5471496784687042,
      "train_accuracy": 0.7155509121136897,
      "gradient_norm": 0.08880466029047966,
      "learning_rate": 0.001,
      "categorical_accuracy": 0.7154687894290106,
      "ordinal_accuracy": 1.0,
      "quadratic_weighted_kappa": 0.4296918084142932,
      "mean_absolute_error": 0.2845312105709894,
      "kendall_tau": 0.4297452601830925,
      "spearman_correlation": 0.4297452601830926,
      "cohen_kappa": 0.4296918084142932,
      "cat_0_accuracy": 0.6955670201585937,
      "cat_1_accuracy": 0.7338570861102529,
      "cat_0_precision": 0.7071536108008353,
      "cat_0_recall": 0.6955670201585937,
      "cat_0_f1": 0.701312462372065,
      "cat_1_precision": 0.7229130434782609,
      "cat_1_recall": 0.7338570861102529,
      "cat_1_f1": 0.7283439560198874,
      "cross_entropy": 0.5489448891973869
    }
  ],
  "timestamp": "2025-08-02T01:03:32.474858"
}