{
  "config": {
    "model": "deep_gpcm",
    "models": null,
    "dataset": "synthetic_4000_200_2",
    "epochs": 5,
    "batch_size": 64,
    "lr": 0.001,
    "n_folds": 5,
    "no_cv": false,
    "cv": false,
    "seed": 42,
    "device": null,
    "loss": "focal",
    "ce_weight": 0.4,
    "qwk_weight": 0.2,
    "coral_weight": 0.4,
    "focal_gamma": 2.0,
    "focal_alpha": null,
    "focal_weight": 0.0,
    "triple_coral": false,
    "triple_ce_weight": 0.33,
    "triple_qwk_weight": 0.33,
    "triple_coral_weight": 0.34,
    "enable_threshold_coupling": false,
    "coupling_type": "linear",
    "threshold_gpcm_weight": 0.7,
    "threshold_coral_weight": 0.3,
    "fold": 4
  },
  "metrics": {
    "epoch": 5,
    "train_loss": 0.14110883057117463,
    "train_accuracy": 0.7105981470676135,
    "gradient_norm": 0.023372674100100993,
    "learning_rate": 0.001,
    "categorical_accuracy": 0.714000390270779,
    "ordinal_accuracy": 1.0,
    "quadratic_weighted_kappa": 0.42524996901406575,
    "mean_absolute_error": 0.28599960972922095,
    "kendall_tau": 0.4257188205336854,
    "spearman_correlation": 0.4257188205336854,
    "cohen_kappa": 0.42524996901406587,
    "cat_0_accuracy": 0.6744854575321287,
    "cat_1_accuracy": 0.7497758239835531,
    "cat_0_precision": 0.7093389563538438,
    "cat_0_recall": 0.6744854575321287,
    "cat_0_f1": 0.6914732905718319,
    "cat_1_precision": 0.7178424105366753,
    "cat_1_recall": 0.7497758239835531,
    "cat_1_f1": 0.733461703038083,
    "cross_entropy": 0.5994240459309005,
    "best_epoch": 5,
    "total_epochs": 5,
    "parameters": 198453,
    "model_type": "DeepGPCM"
  },
  "training_history": [
    {
      "epoch": 1,
      "train_loss": 0.158770327270031,
      "train_accuracy": 0.6385871034767387,
      "gradient_norm": 0.04857695046812296,
      "learning_rate": 0.001,
      "categorical_accuracy": 0.7025333164981232,
      "ordinal_accuracy": 1.0,
      "quadratic_weighted_kappa": 0.4021377157540381,
      "mean_absolute_error": 0.2974666835018767,
      "kendall_tau": 0.4026254867969316,
      "spearman_correlation": 0.4026254867969316,
      "cohen_kappa": 0.4021377157540381,
      "cat_0_accuracy": 0.6612233065996714,
      "cat_1_accuracy": 0.7399339500907639,
      "cat_0_precision": 0.6971448946845631,
      "cat_0_recall": 0.6612233065996714,
      "cat_0_f1": 0.6787091335126892,
      "cat_1_precision": 0.7069541959210967,
      "cat_1_recall": 0.7399339500907639,
      "cat_1_f1": 0.7230682097479135,
      "cross_entropy": 0.6123123059780666
    },
    {
      "epoch": 2,
      "train_loss": 0.14299127101898193,
      "train_accuracy": 0.7059416226678241,
      "gradient_norm": 0.027004546001553536,
      "learning_rate": 0.001,
      "categorical_accuracy": 0.7115669371778831,
      "ordinal_accuracy": 1.0,
      "quadratic_weighted_kappa": 0.4218857147082796,
      "mean_absolute_error": 0.2884330628221169,
      "kendall_tau": 0.4218938545596842,
      "spearman_correlation": 0.42189385455968414,
      "cohen_kappa": 0.4218857147082796,
      "cat_0_accuracy": 0.6997535993815828,
      "cat_1_accuracy": 0.7222623187454892,
      "cat_0_precision": 0.6952191235059761,
      "cat_0_recall": 0.6997535993815828,
      "cat_0_f1": 0.6974789915966386,
      "cat_1_precision": 0.7265527027918949,
      "cat_1_recall": 0.7222623187454892,
      "cat_1_f1": 0.7244011581995262,
      "cross_entropy": 0.6025192068447865
    },
    {
      "epoch": 3,
      "train_loss": 0.14185520380735397,
      "train_accuracy": 0.7084435083325031,
      "gradient_norm": 0.021159631107002495,
      "learning_rate": 0.001,
      "categorical_accuracy": 0.7116243299395081,
      "ordinal_accuracy": 1.0,
      "quadratic_weighted_kappa": 0.42149768887020855,
      "mean_absolute_error": 0.288375670060492,
      "kendall_tau": 0.42152463131646756,
      "spearman_correlation": 0.42152463131646756,
      "cohen_kappa": 0.42149768887020855,
      "cat_0_accuracy": 0.6906222823461204,
      "cat_1_accuracy": 0.7306388469697964,
      "cat_0_precision": 0.6989121134335656,
      "cat_0_recall": 0.6906222823461204,
      "cat_0_f1": 0.6947424697148272,
      "cat_1_precision": 0.7228761847059333,
      "cat_1_recall": 0.7306388469697964,
      "cat_1_f1": 0.7267367871477207,
      "cross_entropy": 0.6003684852776526
    },
    {
      "epoch": 4,
      "train_loss": 0.14153329640626908,
      "train_accuracy": 0.7089444547227005,
      "gradient_norm": 0.02361806783825159,
      "learning_rate": 0.001,
      "categorical_accuracy": 0.7121293862418072,
      "ordinal_accuracy": 1.0,
      "quadratic_weighted_kappa": 0.42223994939830733,
      "mean_absolute_error": 0.28787061375819284,
      "kendall_tau": 0.4223309394388208,
      "spearman_correlation": 0.4223309394388207,
      "cohen_kappa": 0.42223994939830745,
      "cat_0_accuracy": 0.6862015653686346,
      "cat_1_accuracy": 0.7356035255779367,
      "cat_0_precision": 0.7014693171996543,
      "cat_0_recall": 0.6862015653686346,
      "cat_0_f1": 0.6937514500983014,
      "cat_1_precision": 0.7213881262868909,
      "cat_1_recall": 0.7356035255779367,
      "cat_1_f1": 0.728426478391285,
      "cross_entropy": 0.6003486048054476
    },
    {
      "epoch": 5,
      "train_loss": 0.14110883057117463,
      "train_accuracy": 0.7105981470676135,
      "gradient_norm": 0.023372674100100993,
      "learning_rate": 0.001,
      "categorical_accuracy": 0.714000390270779,
      "ordinal_accuracy": 1.0,
      "quadratic_weighted_kappa": 0.42524996901406575,
      "mean_absolute_error": 0.28599960972922095,
      "kendall_tau": 0.4257188205336854,
      "spearman_correlation": 0.4257188205336854,
      "cohen_kappa": 0.42524996901406587,
      "cat_0_accuracy": 0.6744854575321287,
      "cat_1_accuracy": 0.7497758239835531,
      "cat_0_precision": 0.7093389563538438,
      "cat_0_recall": 0.6744854575321287,
      "cat_0_f1": 0.6914732905718319,
      "cat_1_precision": 0.7178424105366753,
      "cat_1_recall": 0.7497758239835531,
      "cat_1_f1": 0.733461703038083,
      "cross_entropy": 0.5994240459309005
    }
  ],
  "timestamp": "2025-08-02T00:59:46.750788"
}