{
  "config": {
    "model": "deep_gpcm",
    "models": null,
    "dataset": "synthetic_4000_200_2",
    "epochs": 5,
    "batch_size": 64,
    "lr": 0.001,
    "n_folds": 5,
    "no_cv": false,
    "cv": false,
    "seed": 42,
    "device": null,
    "loss": "focal",
    "ce_weight": 0.4,
    "qwk_weight": 0.2,
    "coral_weight": 0.4,
    "focal_gamma": 2.0,
    "focal_alpha": null,
    "focal_weight": 0.0,
    "triple_coral": false,
    "triple_ce_weight": 0.33,
    "triple_qwk_weight": 0.33,
    "triple_coral_weight": 0.34,
    "enable_threshold_coupling": false,
    "coupling_type": "linear",
    "threshold_gpcm_weight": 0.7,
    "threshold_coral_weight": 0.3,
    "fold": 1
  },
  "metrics": {
    "epoch": 5,
    "train_loss": 0.1401068699359894,
    "train_accuracy": 0.7133417978091052,
    "gradient_norm": 0.021592585183680058,
    "learning_rate": 0.001,
    "categorical_accuracy": 0.710077768346677,
    "ordinal_accuracy": 1.0,
    "quadratic_weighted_kappa": 0.4190213205136323,
    "mean_absolute_error": 0.2899222316533229,
    "kendall_tau": 0.41904178866188413,
    "spearman_correlation": 0.4190417886618841,
    "cohen_kappa": 0.4190213205136324,
    "cat_0_accuracy": 0.6930113690646794,
    "cat_1_accuracy": 0.7258463168115814,
    "cat_0_precision": 0.7002027124861239,
    "cat_0_recall": 0.6930113690646794,
    "cat_0_f1": 0.6965884810217752,
    "cat_1_precision": 0.7190232598810773,
    "cat_1_recall": 0.7258463168115814,
    "cat_1_f1": 0.7224186782051001,
    "cross_entropy": 0.6020836808092987,
    "best_epoch": 5,
    "total_epochs": 5,
    "parameters": 198453,
    "model_type": "DeepGPCM"
  },
  "training_history": [
    {
      "epoch": 1,
      "train_loss": 0.15946722239255906,
      "train_accuracy": 0.6373550980436813,
      "gradient_norm": 0.031727638356387616,
      "learning_rate": 0.001,
      "categorical_accuracy": 0.690153930857287,
      "ordinal_accuracy": 1.0,
      "quadratic_weighted_kappa": 0.37867628273024445,
      "mean_absolute_error": 0.30984606914271295,
      "kendall_tau": 0.3788141818645138,
      "spearman_correlation": 0.3788141818645139,
      "cohen_kappa": 0.37867628273024434,
      "cat_0_accuracy": 0.66339447788287,
      "cat_1_accuracy": 0.714878404025246,
      "cat_0_precision": 0.6825162796412335,
      "cat_0_recall": 0.66339447788287,
      "cat_0_f1": 0.672819543863474,
      "cat_1_precision": 0.6968399767676985,
      "cat_1_recall": 0.714878404025246,
      "cat_1_f1": 0.7057439461443775,
      "cross_entropy": 0.6215834244252759
    },
    {
      "epoch": 2,
      "train_loss": 0.14322085291147232,
      "train_accuracy": 0.7047473183174292,
      "gradient_norm": 0.02355328967794776,
      "learning_rate": 0.001,
      "categorical_accuracy": 0.7065219884838614,
      "ordinal_accuracy": 1.0,
      "quadratic_weighted_kappa": 0.41155904104287533,
      "mean_absolute_error": 0.29347801151613867,
      "kendall_tau": 0.4116813923212195,
      "spearman_correlation": 0.4116813923212194,
      "cohen_kappa": 0.41155904104287533,
      "cat_0_accuracy": 0.6817856119231872,
      "cat_1_accuracy": 0.729377234408792,
      "cat_0_precision": 0.6994951970201921,
      "cat_0_recall": 0.6817856119231872,
      "cat_0_f1": 0.6905268759978712,
      "cat_1_precision": 0.7127053952645879,
      "cat_1_recall": 0.729377234408792,
      "cat_1_f1": 0.7209449437221883,
      "cross_entropy": 0.6057417778967384
    },
    {
      "epoch": 3,
      "train_loss": 0.14128514677286147,
      "train_accuracy": 0.7103725887631237,
      "gradient_norm": 0.031106011290103198,
      "learning_rate": 0.001,
      "categorical_accuracy": 0.7070152095616068,
      "ordinal_accuracy": 1.0,
      "quadratic_weighted_kappa": 0.4125527849744559,
      "mean_absolute_error": 0.29298479043839326,
      "kendall_tau": 0.4126733549589249,
      "spearman_correlation": 0.4126733549589249,
      "cohen_kappa": 0.412552784974456,
      "cat_0_accuracy": 0.6824066112544186,
      "cat_1_accuracy": 0.7297523944034956,
      "cat_0_precision": 0.699977950363819,
      "cat_0_recall": 0.6824066112544186,
      "cat_0_f1": 0.6910806071234202,
      "cat_1_precision": 0.7132103957726733,
      "cat_1_recall": 0.7297523944034956,
      "cat_1_f1": 0.7213865770787203,
      "cross_entropy": 0.6051350225179282
    },
    {
      "epoch": 4,
      "train_loss": 0.14053909718990326,
      "train_accuracy": 0.7121859983146963,
      "gradient_norm": 0.022845562137663363,
      "learning_rate": 0.001,
      "categorical_accuracy": 0.7099171847399692,
      "ordinal_accuracy": 1.0,
      "quadratic_weighted_kappa": 0.4188843118719888,
      "mean_absolute_error": 0.2900828152600307,
      "kendall_tau": 0.4188850196103169,
      "spearman_correlation": 0.4188850196103168,
      "cohen_kappa": 0.4188843118719888,
      "cat_0_accuracy": 0.6970239801280214,
      "cat_1_accuracy": 0.7218298980447544,
      "cat_0_precision": 0.6983583803962861,
      "cat_0_recall": 0.6970239801280214,
      "cat_0_f1": 0.6976905422205222,
      "cat_1_precision": 0.720557782966912,
      "cat_1_recall": 0.7218298980447544,
      "cat_1_f1": 0.72119327953433,
      "cross_entropy": 0.6021210484642555
    },
    {
      "epoch": 5,
      "train_loss": 0.1401068699359894,
      "train_accuracy": 0.7133417978091052,
      "gradient_norm": 0.021592585183680058,
      "learning_rate": 0.001,
      "categorical_accuracy": 0.710077768346677,
      "ordinal_accuracy": 1.0,
      "quadratic_weighted_kappa": 0.4190213205136323,
      "mean_absolute_error": 0.2899222316533229,
      "kendall_tau": 0.41904178866188413,
      "spearman_correlation": 0.4190417886618841,
      "cohen_kappa": 0.4190213205136324,
      "cat_0_accuracy": 0.6930113690646794,
      "cat_1_accuracy": 0.7258463168115814,
      "cat_0_precision": 0.7002027124861239,
      "cat_0_recall": 0.6930113690646794,
      "cat_0_f1": 0.6965884810217752,
      "cat_1_precision": 0.7190232598810773,
      "cat_1_recall": 0.7258463168115814,
      "cat_1_f1": 0.7224186782051001,
      "cross_entropy": 0.6020836808092987
    }
  ],
  "timestamp": "2025-08-02T00:54:20.133307"
}