{
  "config": {
    "model": "attn_gpcm",
    "models": null,
    "dataset": "synthetic_4000_200_2",
    "epochs": 5,
    "batch_size": 64,
    "lr": 0.001,
    "n_folds": 5,
    "no_cv": false,
    "cv": false,
    "seed": 42,
    "device": null,
    "loss": "ce",
    "ce_weight": 0.4,
    "qwk_weight": 0.2,
    "coral_weight": 0.4,
    "focal_gamma": 2.0,
    "focal_alpha": null,
    "focal_weight": 0.0,
    "triple_coral": false,
    "triple_ce_weight": 0.33,
    "triple_qwk_weight": 0.33,
    "triple_coral_weight": 0.34,
    "enable_threshold_coupling": false,
    "coupling_type": "linear",
    "threshold_gpcm_weight": 0.7,
    "threshold_coral_weight": 0.3,
    "fold": 3
  },
  "metrics": {
    "epoch": 5,
    "train_loss": 0.5481738877296448,
    "train_accuracy": 0.7147834234848163,
    "gradient_norm": 0.08420632854104042,
    "learning_rate": 0.001,
    "categorical_accuracy": 0.7145208591730517,
    "ordinal_accuracy": 1.0,
    "quadratic_weighted_kappa": 0.42564547154366306,
    "mean_absolute_error": 0.28547914082694825,
    "kendall_tau": 0.4257367746350885,
    "spearman_correlation": 0.4257367746350884,
    "cohen_kappa": 0.42564547154366295,
    "cat_0_accuracy": 0.6828892423941142,
    "cat_1_accuracy": 0.7421639116362926,
    "cat_0_precision": 0.6983021553477023,
    "cat_0_recall": 0.6828892423941142,
    "cat_0_f1": 0.6905097014175128,
    "cat_1_precision": 0.7281193393713372,
    "cat_1_recall": 0.7421639116362926,
    "cat_1_f1": 0.7350745465889288,
    "cross_entropy": 0.5480176088647251,
    "best_epoch": 5,
    "total_epochs": 5,
    "parameters": 194232,
    "model_type": "EnhancedAttentionGPCM"
  },
  "training_history": [
    {
      "epoch": 1,
      "train_loss": 0.6281015932559967,
      "train_accuracy": 0.6477163990516348,
      "gradient_norm": 0.17333558354526757,
      "learning_rate": 0.001,
      "categorical_accuracy": 0.6957307955348967,
      "ordinal_accuracy": 1.0,
      "quadratic_weighted_kappa": 0.3870251313753853,
      "mean_absolute_error": 0.30426920446510336,
      "kendall_tau": 0.3873439215675366,
      "spearman_correlation": 0.3873439215675366,
      "cohen_kappa": 0.3870251313753853,
      "cat_0_accuracy": 0.6521922847484589,
      "cat_1_accuracy": 0.7337793513912723,
      "cat_0_precision": 0.6816209897389272,
      "cat_0_recall": 0.6521922847484589,
      "cat_0_f1": 0.6665819858498355,
      "cat_1_precision": 0.7071000962866831,
      "cat_1_recall": 0.7337793513912723,
      "cat_1_f1": 0.7201927279316924,
      "cross_entropy": 0.5816918005599094
    },
    {
      "epoch": 2,
      "train_loss": 0.5621219050884246,
      "train_accuracy": 0.7076309326064426,
      "gradient_norm": 0.16796246871352197,
      "learning_rate": 0.001,
      "categorical_accuracy": 0.7130139447541991,
      "ordinal_accuracy": 1.0,
      "quadratic_weighted_kappa": 0.421938806626896,
      "mean_absolute_error": 0.2869860552458009,
      "kendall_tau": 0.4222454612719116,
      "spearman_correlation": 0.42224546127191165,
      "cohen_kappa": 0.421938806626896,
      "cat_0_accuracy": 0.6720272419964207,
      "cat_1_accuracy": 0.7488324608467103,
      "cat_0_precision": 0.7004404145077721,
      "cat_0_recall": 0.6720272419964207,
      "cat_0_f1": 0.6859397199106961,
      "cat_1_precision": 0.7231953680589062,
      "cat_1_recall": 0.7488324608467103,
      "cat_1_f1": 0.7357906644185004,
      "cross_entropy": 0.5527733635994341
    },
    {
      "epoch": 3,
      "train_loss": 0.5514925420284271,
      "train_accuracy": 0.7136930874398398,
      "gradient_norm": 0.10927669838070869,
      "learning_rate": 0.001,
      "categorical_accuracy": 0.7140919681461475,
      "ordinal_accuracy": 1.0,
      "quadratic_weighted_kappa": 0.4251461343741051,
      "mean_absolute_error": 0.2859080318538525,
      "kendall_tau": 0.4251732978917145,
      "spearman_correlation": 0.4251732978917145,
      "cohen_kappa": 0.4251461343741051,
      "cat_0_accuracy": 0.6874378604096242,
      "cat_1_accuracy": 0.7373851467298043,
      "cat_0_precision": 0.6958261000830251,
      "cat_0_recall": 0.6874378604096242,
      "cat_0_f1": 0.6916065467185136,
      "cat_1_precision": 0.7296977773956408,
      "cat_1_recall": 0.7373851467298043,
      "cat_1_f1": 0.733521321535453,
      "cross_entropy": 0.5503401046033392
    },
    {
      "epoch": 4,
      "train_loss": 0.5497038698196411,
      "train_accuracy": 0.7142354160455442,
      "gradient_norm": 0.11574744142591953,
      "learning_rate": 0.001,
      "categorical_accuracy": 0.7131762278454601,
      "ordinal_accuracy": 1.0,
      "quadratic_weighted_kappa": 0.4190345188000755,
      "mean_absolute_error": 0.28682377215453986,
      "kendall_tau": 0.4221586809875868,
      "spearman_correlation": 0.42215868098758685,
      "cohen_kappa": 0.41903451880007536,
      "cat_0_accuracy": 0.6282064028633924,
      "cat_1_accuracy": 0.7874318482959359,
      "cat_0_precision": 0.7208784940102682,
      "cat_0_recall": 0.6282064028633924,
      "cat_0_f1": 0.671359506986134,
      "cat_1_precision": 0.7079029076920073,
      "cat_1_recall": 0.7874318482959359,
      "cat_1_f1": 0.7455525162988709,
      "cross_entropy": 0.5501371857105809
    },
    {
      "epoch": 5,
      "train_loss": 0.5481738877296448,
      "train_accuracy": 0.7147834234848163,
      "gradient_norm": 0.08420632854104042,
      "learning_rate": 0.001,
      "categorical_accuracy": 0.7145208591730517,
      "ordinal_accuracy": 1.0,
      "quadratic_weighted_kappa": 0.42564547154366306,
      "mean_absolute_error": 0.28547914082694825,
      "kendall_tau": 0.4257367746350885,
      "spearman_correlation": 0.4257367746350884,
      "cohen_kappa": 0.42564547154366295,
      "cat_0_accuracy": 0.6828892423941142,
      "cat_1_accuracy": 0.7421639116362926,
      "cat_0_precision": 0.6983021553477023,
      "cat_0_recall": 0.6828892423941142,
      "cat_0_f1": 0.6905097014175128,
      "cat_1_precision": 0.7281193393713372,
      "cat_1_recall": 0.7421639116362926,
      "cat_1_f1": 0.7350745465889288,
      "cross_entropy": 0.5480176088647251
    }
  ],
  "timestamp": "2025-08-02T01:07:35.010388"
}