{
  "config": {
    "model": "attn_gpcm",
    "models": null,
    "dataset": "synthetic_4000_200_2",
    "epochs": 5,
    "batch_size": 64,
    "lr": 0.001,
    "n_folds": 5,
    "no_cv": false,
    "cv": false,
    "seed": 42,
    "device": null,
    "loss": "ce",
    "ce_weight": 0.4,
    "qwk_weight": 0.2,
    "coral_weight": 0.4,
    "focal_gamma": 2.0,
    "focal_alpha": null,
    "focal_weight": 0.0,
    "triple_coral": false,
    "triple_ce_weight": 0.33,
    "triple_qwk_weight": 0.33,
    "triple_coral_weight": 0.34,
    "enable_threshold_coupling": false,
    "coupling_type": "linear",
    "threshold_gpcm_weight": 0.7,
    "threshold_coral_weight": 0.3,
    "fold": 4
  },
  "metrics": {
    "epoch": 5,
    "train_loss": 0.5494777631759643,
    "train_accuracy": 0.7143495524214781,
    "gradient_norm": 0.09158222608268261,
    "learning_rate": 0.001,
    "categorical_accuracy": 0.7182589331833469,
    "ordinal_accuracy": 1.0,
    "quadratic_weighted_kappa": 0.4342844018200194,
    "mean_absolute_error": 0.28174106681665306,
    "kendall_tau": 0.43447917307335826,
    "spearman_correlation": 0.4344791730733583,
    "cohen_kappa": 0.4342844018200194,
    "cat_0_accuracy": 0.6878442361580829,
    "cat_1_accuracy": 0.7457953327646917,
    "cat_0_precision": 0.7101279397461157,
    "cat_0_recall": 0.6878442361580829,
    "cat_0_f1": 0.6988084866184826,
    "cat_1_precision": 0.7251924631023776,
    "cat_1_recall": 0.7457953327646917,
    "cat_1_f1": 0.7353496145344762,
    "cross_entropy": 0.5436531173432063,
    "best_epoch": 5,
    "total_epochs": 5,
    "parameters": 194232,
    "model_type": "EnhancedAttentionGPCM"
  },
  "training_history": [
    {
      "epoch": 1,
      "train_loss": 0.6401146066188812,
      "train_accuracy": 0.6342123614214353,
      "gradient_norm": 0.1746467876434326,
      "learning_rate": 0.001,
      "categorical_accuracy": 0.6898839518359945,
      "ordinal_accuracy": 1.0,
      "quadratic_weighted_kappa": 0.3820630991639814,
      "mean_absolute_error": 0.31011604816400556,
      "kendall_tau": 0.3850342249022668,
      "spearman_correlation": 0.3850342249022668,
      "cohen_kappa": 0.3820630991639814,
      "cat_0_accuracy": 0.7391535414049667,
      "cat_1_accuracy": 0.6452769940730049,
      "cat_0_precision": 0.6535660123459427,
      "cat_0_recall": 0.7391535414049667,
      "cat_0_f1": 0.6937299491004727,
      "cat_1_precision": 0.7320728499826311,
      "cat_1_recall": 0.6452769940730049,
      "cat_1_f1": 0.6859401336820692,
      "cross_entropy": 0.5871489318675309
    },
    {
      "epoch": 2,
      "train_loss": 0.5672661149501801,
      "train_accuracy": 0.7034169667126816,
      "gradient_norm": 0.17060510210692884,
      "learning_rate": 0.001,
      "categorical_accuracy": 0.716433843363675,
      "ordinal_accuracy": 1.0,
      "quadratic_weighted_kappa": 0.4299443451889855,
      "mean_absolute_error": 0.283566156636325,
      "kendall_tau": 0.4305692731870961,
      "spearman_correlation": 0.4305692731870961,
      "cohen_kappa": 0.4299443451889855,
      "cat_0_accuracy": 0.6734225529036622,
      "cat_1_accuracy": 0.7553747566870065,
      "cat_0_precision": 0.7136603348522861,
      "cat_0_recall": 0.6734225529036622,
      "cat_0_f1": 0.6929578165005345,
      "cat_1_precision": 0.7186882244001914,
      "cat_1_recall": 0.7553747566870065,
      "cat_1_f1": 0.7365749626786096,
      "cross_entropy": 0.5494273264022393
    },
    {
      "epoch": 3,
      "train_loss": 0.5531704986095428,
      "train_accuracy": 0.7133932002220104,
      "gradient_norm": 0.12142859637737274,
      "learning_rate": 0.001,
      "categorical_accuracy": 0.7171455136078237,
      "ordinal_accuracy": 1.0,
      "quadratic_weighted_kappa": 0.4305866733708411,
      "mean_absolute_error": 0.2828544863921762,
      "kendall_tau": 0.43203617842677916,
      "spearman_correlation": 0.4320361784267791,
      "cohen_kappa": 0.4305866733708411,
      "cat_0_accuracy": 0.6595806358102232,
      "cat_1_accuracy": 0.7692627342912757,
      "cat_0_precision": 0.72129761716067,
      "cat_0_recall": 0.6595806358102232,
      "cat_0_f1": 0.6890599369085173,
      "cat_1_precision": 0.713955140566325,
      "cat_1_recall": 0.7692627342912757,
      "cat_1_f1": 0.740577757190382,
      "cross_entropy": 0.545502083367918
    },
    {
      "epoch": 4,
      "train_loss": 0.5515840458869934,
      "train_accuracy": 0.7138656837491283,
      "gradient_norm": 0.13993712350726129,
      "learning_rate": 0.001,
      "categorical_accuracy": 0.7176505699101229,
      "ordinal_accuracy": 1.0,
      "quadratic_weighted_kappa": 0.4335925893189073,
      "mean_absolute_error": 0.28234943008987706,
      "kendall_tau": 0.43361929750028005,
      "spearman_correlation": 0.43361929750028,
      "cohen_kappa": 0.4335925893189073,
      "cat_0_accuracy": 0.6970721808870423,
      "cat_1_accuracy": 0.7362815213349955,
      "cat_0_precision": 0.7052842547783155,
      "cat_0_recall": 0.6970721808870423,
      "cat_0_f1": 0.7011541732474791,
      "cat_1_precision": 0.7286008007791365,
      "cat_1_recall": 0.7362815213349955,
      "cat_1_f1": 0.7324210251501175,
      "cross_entropy": 0.5443727223018899
    },
    {
      "epoch": 5,
      "train_loss": 0.5494777631759643,
      "train_accuracy": 0.7143495524214781,
      "gradient_norm": 0.09158222608268261,
      "learning_rate": 0.001,
      "categorical_accuracy": 0.7182589331833469,
      "ordinal_accuracy": 1.0,
      "quadratic_weighted_kappa": 0.4342844018200194,
      "mean_absolute_error": 0.28174106681665306,
      "kendall_tau": 0.43447917307335826,
      "spearman_correlation": 0.4344791730733583,
      "cohen_kappa": 0.4342844018200194,
      "cat_0_accuracy": 0.6878442361580829,
      "cat_1_accuracy": 0.7457953327646917,
      "cat_0_precision": 0.7101279397461157,
      "cat_0_recall": 0.6878442361580829,
      "cat_0_f1": 0.6988084866184826,
      "cat_1_precision": 0.7251924631023776,
      "cat_1_recall": 0.7457953327646917,
      "cat_1_f1": 0.7353496145344762,
      "cross_entropy": 0.5436531173432063
    }
  ],
  "timestamp": "2025-08-02T01:09:31.402514"
}