{
  "config": {
    "model": "attn_gpcm",
    "models": null,
    "dataset": "synthetic_4000_200_2",
    "epochs": 20,
    "batch_size": 64,
    "lr": 0.001,
    "n_folds": 0,
    "no_cv": false,
    "cv": false,
    "seed": 42,
    "device": null,
    "loss": "ce",
    "ce_weight": 0.4,
    "qwk_weight": 0.2,
    "coral_weight": 0.4,
    "focal_gamma": 2.0,
    "focal_alpha": null,
    "focal_weight": 0.0,
    "triple_coral": false,
    "triple_ce_weight": 0.33,
    "triple_qwk_weight": 0.33,
    "triple_coral_weight": 0.34,
    "enable_threshold_coupling": false,
    "coupling_type": "linear",
    "threshold_gpcm_weight": 0.7,
    "threshold_coral_weight": 0.3
  },
  "metrics": {
    "epoch": 20,
    "train_loss": 0.5448214137554168,
    "train_accuracy": 0.7178698529306673,
    "gradient_norm": 0.06398849233984948,
    "learning_rate": 0.001,
    "categorical_accuracy": 0.7184350985680271,
    "ordinal_accuracy": 1.0,
    "quadratic_weighted_kappa": 0.435095929812367,
    "mean_absolute_error": 0.2815649014319728,
    "kendall_tau": 0.43511203200473525,
    "spearman_correlation": 0.4351120320047352,
    "cohen_kappa": 0.4350959298123669,
    "cat_0_accuracy": 0.6984931800328501,
    "cat_1_accuracy": 0.7364084960308946,
    "cat_0_precision": 0.7048692017583896,
    "cat_0_recall": 0.6984931800328501,
    "cat_0_f1": 0.7016667065209594,
    "cat_1_precision": 0.7304532879336029,
    "cat_1_recall": 0.7364084960308946,
    "cat_1_f1": 0.7334188034188034,
    "cross_entropy": 0.542341603953595,
    "best_epoch": 20,
    "total_epochs": 20,
    "parameters": 194232,
    "model_type": "EnhancedAttentionGPCM"
  },
  "training_history": [
    {
      "epoch": 1,
      "train_loss": 0.6309043610095978,
      "train_accuracy": 0.6455386110594995,
      "gradient_norm": 0.13500712767243386,
      "learning_rate": 0.001,
      "categorical_accuracy": 0.6945011792053623,
      "ordinal_accuracy": 1.0,
      "quadratic_weighted_kappa": 0.38339032646448545,
      "mean_absolute_error": 0.3054988207946377,
      "kendall_tau": 0.38639739585804644,
      "spearman_correlation": 0.3863973958580465,
      "cohen_kappa": 0.38339032646448545,
      "cat_0_accuracy": 0.6127020400390393,
      "cat_1_accuracy": 0.7682257026389187,
      "cat_0_precision": 0.704367577034645,
      "cat_0_recall": 0.6127020400390393,
      "cat_0_f1": 0.6553449351376812,
      "cat_1_precision": 0.6875780094859535,
      "cat_1_recall": 0.7682257026389187,
      "cat_1_f1": 0.7256680211172698,
      "cross_entropy": 0.5794916886375058
    },
    {
      "epoch": 2,
      "train_loss": 0.5655557239055633,
      "train_accuracy": 0.7038003630282847,
      "gradient_norm": 0.15212610647082328,
      "learning_rate": 0.001,
      "categorical_accuracy": 0.712544713887541,
      "ordinal_accuracy": 1.0,
      "quadratic_weighted_kappa": 0.4253113069847638,
      "mean_absolute_error": 0.28745528611245896,
      "kendall_tau": 0.4260619059180699,
      "spearman_correlation": 0.4260619059180699,
      "cohen_kappa": 0.4253113069847638,
      "cat_0_accuracy": 0.7281058820728892,
      "cat_1_accuracy": 0.6985196309804763,
      "cat_0_precision": 0.6852080019713703,
      "cat_0_recall": 0.7281058820728892,
      "cat_0_f1": 0.7060059089650078,
      "cat_1_precision": 0.7402910413824466,
      "cat_1_recall": 0.6985196309804763,
      "cat_1_f1": 0.7187989844353682,
      "cross_entropy": 0.5525158343222197
    },
    {
      "epoch": 3,
      "train_loss": 0.5526434540748596,
      "train_accuracy": 0.7130447210827962,
      "gradient_norm": 0.13740635365247728,
      "learning_rate": 0.001,
      "categorical_accuracy": 0.7162008147237049,
      "ordinal_accuracy": 1.0,
      "quadratic_weighted_kappa": 0.4305075184207936,
      "mean_absolute_error": 0.28379918527629516,
      "kendall_tau": 0.4305394678902508,
      "spearman_correlation": 0.4305394678902508,
      "cohen_kappa": 0.4305075184207936,
      "cat_0_accuracy": 0.6942559927634554,
      "cat_1_accuracy": 0.7359794035614675,
      "cat_0_precision": 0.7032625207976658,
      "cat_0_recall": 0.6942559927634554,
      "cat_0_f1": 0.6987302347867753,
      "cat_1_precision": 0.7275812335623992,
      "cat_1_recall": 0.7359794035614675,
      "cat_1_f1": 0.7317562234689307,
      "cross_entropy": 0.5465757954986031
    },
    {
      "epoch": 4,
      "train_loss": 0.5508751189708709,
      "train_accuracy": 0.7140652021667357,
      "gradient_norm": 0.14078696563839913,
      "learning_rate": 0.001,
      "categorical_accuracy": 0.7169230074814656,
      "ordinal_accuracy": 1.0,
      "quadratic_weighted_kappa": 0.43093714560524243,
      "mean_absolute_error": 0.2830769925185344,
      "kendall_tau": 0.43140935244083284,
      "spearman_correlation": 0.4314093524408328,
      "cohen_kappa": 0.43093714560524243,
      "cat_0_accuracy": 0.676878764074365,
      "cat_1_accuracy": 0.7530143745977258,
      "cat_0_precision": 0.7118181590607555,
      "cat_0_recall": 0.676878764074365,
      "cat_0_f1": 0.6939089267411782,
      "cat_1_precision": 0.721112754766601,
      "cat_1_recall": 0.7530143745977258,
      "cat_1_f1": 0.7367183728301253,
      "cross_entropy": 0.5449954084990943
    },
    {
      "epoch": 5,
      "train_loss": 0.5488997149467468,
      "train_accuracy": 0.7150914002315377,
      "gradient_norm": 0.08578315891325473,
      "learning_rate": 0.001,
      "categorical_accuracy": 0.7168327333867455,
      "ordinal_accuracy": 1.0,
      "quadratic_weighted_kappa": 0.43101969635634263,
      "mean_absolute_error": 0.2831672666132545,
      "kendall_tau": 0.43132828511183924,
      "spearman_correlation": 0.4313282851118391,
      "cohen_kappa": 0.43101969635634274,
      "cat_0_accuracy": 0.6814730176866862,
      "cat_1_accuracy": 0.7487019952799828,
      "cat_0_precision": 0.7096502317741256,
      "cat_0_recall": 0.6814730176866862,
      "cat_0_f1": 0.6952762598664238,
      "cat_1_precision": 0.7228344173329467,
      "cat_1_recall": 0.7487019952799828,
      "cat_1_f1": 0.7355408481578282,
      "cross_entropy": 0.5454021886410376
    },
    {
      "epoch": 6,
      "train_loss": 0.54812868475914,
      "train_accuracy": 0.7154572870067317,
      "gradient_norm": 0.09141042575240135,
      "learning_rate": 0.001,
      "categorical_accuracy": 0.7175774946681863,
      "ordinal_accuracy": 1.0,
      "quadratic_weighted_kappa": 0.43314744587446863,
      "mean_absolute_error": 0.28242250533181373,
      "kendall_tau": 0.43320536942687926,
      "spearman_correlation": 0.4332053694268792,
      "cohen_kappa": 0.43314744587446863,
      "cat_0_accuracy": 0.6935180556547407,
      "cat_1_accuracy": 0.7392619609525852,
      "cat_0_precision": 0.7056458449390849,
      "cat_0_recall": 0.6935180556547407,
      "cat_0_f1": 0.6995293891663465,
      "cat_1_precision": 0.7279852953604327,
      "cat_1_recall": 0.7392619609525852,
      "cat_1_f1": 0.7335802942240958,
      "cross_entropy": 0.5435805215072567
    },
    {
      "epoch": 7,
      "train_loss": 0.547612806558609,
      "train_accuracy": 0.7155630511526863,
      "gradient_norm": 0.09255108080804347,
      "learning_rate": 0.001,
      "categorical_accuracy": 0.7178821697378666,
      "ordinal_accuracy": 1.0,
      "quadratic_weighted_kappa": 0.4335598051818602,
      "mean_absolute_error": 0.2821178302621334,
      "kendall_tau": 0.43367585332818065,
      "spearman_correlation": 0.43367585332818054,
      "cohen_kappa": 0.4335598051818603,
      "cat_0_accuracy": 0.6902806541455403,
      "cat_1_accuracy": 0.7427590645784167,
      "cat_0_precision": 0.7074753586415536,
      "cat_0_recall": 0.6902806541455403,
      "cat_0_f1": 0.6987722447799318,
      "cat_1_precision": 0.7268375637714933,
      "cat_1_recall": 0.7427590645784167,
      "cat_1_f1": 0.7347120679958828,
      "cross_entropy": 0.5436329587929188
    },
    {
      "epoch": 8,
      "train_loss": 0.5474794745445252,
      "train_accuracy": 0.7157574285020081,