{
  "config": {
    "model": "coral_gpcm_proper",
    "models": null,
    "dataset": "synthetic_4000_200_2",
    "epochs": 5,
    "batch_size": 64,
    "lr": 0.001,
    "n_folds": 5,
    "no_cv": false,
    "cv": false,
    "seed": 42,
    "device": null,
    "loss": "combined",
    "ce_weight": 0.0,
    "qwk_weight": 0.2,
    "coral_weight": 0.4,
    "focal_gamma": 2.0,
    "focal_alpha": null,
    "focal_weight": 0.4,
    "triple_coral": false,
    "triple_ce_weight": 0.33,
    "triple_qwk_weight": 0.33,
    "triple_coral_weight": 0.34,
    "enable_threshold_coupling": false,
    "coupling_type": "linear",
    "threshold_gpcm_weight": 0.7,
    "threshold_coral_weight": 0.3,
    "fold": 3
  },
  "metrics": {
    "epoch": 5,
    "train_loss": 0.24264242082834245,
    "train_accuracy": 0.7136732115223533,
    "gradient_norm": 0.10700215958058834,
    "learning_rate": 0.001,
    "categorical_accuracy": 0.7122604875447728,
    "ordinal_accuracy": 1.0,
    "quadratic_weighted_kappa": 0.42025993913076864,
    "mean_absolute_error": 0.2877395124552273,
    "kendall_tau": 0.42063552141961424,
    "spearman_correlation": 0.42063552141961424,
    "cohen_kappa": 0.42025993913076853,
    "cat_0_accuracy": 0.669019685822231,
    "cat_1_accuracy": 0.7500488737319981,
    "cat_0_precision": 0.7005179189547927,
    "cat_0_recall": 0.669019685822231,
    "cat_0_f1": 0.6844065857224588,
    "cat_1_precision": 0.7216904234418761,
    "cat_1_recall": 0.7500488737319981,
    "cat_1_f1": 0.7355964338591652,
    "cross_entropy": 0.55932850406702,
    "best_epoch": 5,
    "total_epochs": 5,
    "parameters": 201054,
    "model_type": "CORALGPCM"
  },
  "training_history": [
    {
      "epoch": 1,
      "train_loss": 0.2964938497543335,
      "train_accuracy": 0.6541845904851143,
      "gradient_norm": 0.08774060256779194,
      "learning_rate": 0.001,
      "categorical_accuracy": 0.6993821650882704,
      "ordinal_accuracy": 1.0,
      "quadratic_weighted_kappa": 0.3988557638135084,
      "mean_absolute_error": 0.3006178349117296,
      "kendall_tau": 0.3998236523442933,
      "spearman_correlation": 0.39982365234429335,
      "cohen_kappa": 0.3988557638135084,
      "cat_0_accuracy": 0.7149781268641877,
      "cat_1_accuracy": 0.6857527640810652,
      "cat_0_precision": 0.6653636195410807,
      "cat_0_recall": 0.7149781268641877,
      "cat_0_f1": 0.6892792101984089,
      "cat_1_precision": 0.733554848153914,
      "cat_1_recall": 0.6857527640810652,
      "cat_1_f1": 0.708848822327503,
      "cross_entropy": 0.5715475224107966
    },
    {
      "epoch": 2,
      "train_loss": 0.2504004192352295,
      "train_accuracy": 0.7071794653378196,
      "gradient_norm": 0.06818060796707869,
      "learning_rate": 0.001,
      "categorical_accuracy": 0.70811067706824,
      "ordinal_accuracy": 1.0,
      "quadratic_weighted_kappa": 0.4132193859568377,
      "mean_absolute_error": 0.29188932293175995,
      "kendall_tau": 0.41323533240995197,
      "spearman_correlation": 0.4132353324099521,
      "cohen_kappa": 0.4132193859568377,
      "cat_0_accuracy": 0.6823672698349572,
      "cat_1_accuracy": 0.7306079892260573,
      "cat_0_precision": 0.6888219796763266,
      "cat_0_recall": 0.6823672698349572,
      "cat_0_f1": 0.6855794323673006,
      "cat_1_precision": 0.7246735898651269,
      "cat_1_recall": 0.7306079892260573,
      "cat_1_f1": 0.7276286897924306,
      "cross_entropy": 0.5666267094903514
    },
    {
      "epoch": 3,
      "train_loss": 0.24578568935394288,
      "train_accuracy": 0.711214276587589,
      "gradient_norm": 0.06547560524195432,
      "learning_rate": 0.001,
      "categorical_accuracy": 0.7097219163314749,
      "ordinal_accuracy": 1.0,
      "quadratic_weighted_kappa": 0.4173546737931372,
      "mean_absolute_error": 0.2902780836685252,
      "kendall_tau": 0.41739589151714657,
      "spearman_correlation": 0.41739589151714657,
      "cohen_kappa": 0.4173546737931372,
      "cat_0_accuracy": 0.696286538079141,
      "cat_1_accuracy": 0.721463170927732,
      "cat_0_precision": 0.6859878538544422,
      "cat_0_recall": 0.696286538079141,
      "cat_0_f1": 0.6910988306113386,
      "cat_1_precision": 0.7310545198424053,
      "cat_1_recall": 0.721463170927732,
      "cat_1_f1": 0.7262271783098284,
      "cross_entropy": 0.5638792436509242
    },
    {
      "epoch": 4,
      "train_loss": 0.24372858434915542,
      "train_accuracy": 0.7134886494314068,
      "gradient_norm": 0.05828936133533716,
      "learning_rate": 0.001,
      "categorical_accuracy": 0.711750454972238,
      "ordinal_accuracy": 1.0,
      "quadratic_weighted_kappa": 0.4175462434005871,
      "mean_absolute_error": 0.288249545027762,
      "kendall_tau": 0.4190814414317209,
      "spearman_correlation": 0.4190814414317208,
      "cohen_kappa": 0.4175462434005872,
      "cat_0_accuracy": 0.6455806323324716,
      "cat_1_accuracy": 0.7695766448726025,
      "cat_0_precision": 0.7100133949317952,
      "cat_0_recall": 0.6455806323324716,
      "cat_0_f1": 0.6762657362686003,
      "cat_1_precision": 0.7130293028497826,
      "cat_1_recall": 0.7695766448726025,
      "cat_1_f1": 0.7402246017236876,
      "cross_entropy": 0.5582220472577438
    },
    {
      "epoch": 5,
      "train_loss": 0.24264242082834245,
      "train_accuracy": 0.7136732115223533,
      "gradient_norm": 0.10700215958058834,
      "learning_rate": 0.001,
      "categorical_accuracy": 0.7122604875447728,
      "ordinal_accuracy": 1.0,
      "quadratic_weighted_kappa": 0.42025993913076864,
      "mean_absolute_error": 0.2877395124552273,
      "kendall_tau": 0.42063552141961424,
      "spearman_correlation": 0.42063552141961424,
      "cohen_kappa": 0.42025993913076853,
      "cat_0_accuracy": 0.669019685822231,
      "cat_1_accuracy": 0.7500488737319981,
      "cat_0_precision": 0.7005179189547927,
      "cat_0_recall": 0.669019685822231,
      "cat_0_f1": 0.6844065857224588,
      "cat_1_precision": 0.7216904234418761,
      "cat_1_recall": 0.7500488737319981,
      "cat_1_f1": 0.7355964338591652,
      "cross_entropy": 0.55932850406702
    }
  ],
  "timestamp": "2025-08-02T01:17:52.277851"
}