{
  "config": {
    "model": "deep_gpcm",
    "models": null,
    "dataset": "synthetic_4000_200_2",
    "epochs": 5,
    "batch_size": 64,
    "lr": 0.001,
    "n_folds": 5,
    "no_cv": false,
    "cv": false,
    "seed": 42,
    "device": null,
    "loss": "focal",
    "ce_weight": 0.4,
    "qwk_weight": 0.2,
    "coral_weight": 0.4,
    "focal_gamma": 2.0,
    "focal_alpha": null,
    "focal_weight": 0.0,
    "triple_coral": false,
    "triple_ce_weight": 0.33,
    "triple_qwk_weight": 0.33,
    "triple_coral_weight": 0.34,
    "enable_threshold_coupling": false,
    "coupling_type": "linear",
    "threshold_gpcm_weight": 0.7,
    "threshold_coral_weight": 0.3,
    "fold": 2
  },
  "metrics": {
    "epoch": 5,
    "train_loss": 0.14050918191671372,
    "train_accuracy": 0.7124104159103058,
    "gradient_norm": 0.02205591296777129,
    "learning_rate": 0.001,
    "categorical_accuracy": 0.7098924901007412,
    "ordinal_accuracy": 1.0,
    "quadratic_weighted_kappa": 0.4147500168132612,
    "mean_absolute_error": 0.2901075098992588,
    "kendall_tau": 0.41554108171754084,
    "spearman_correlation": 0.4155410817175408,
    "cohen_kappa": 0.4147500168132612,
    "cat_0_accuracy": 0.6562590693624842,
    "cat_1_accuracy": 0.7567819008351834,
    "cat_0_precision": 0.7022879031005745,
    "cat_0_recall": 0.6562590693624842,
    "cat_0_f1": 0.6784937364038707,
    "cat_1_precision": 0.7157684231576842,
    "cat_1_recall": 0.7567819008351834,
    "cat_1_f1": 0.7357040082219939,
    "cross_entropy": 0.6005946214854857,
    "best_epoch": 5,
    "total_epochs": 5,
    "parameters": 198453,
    "model_type": "DeepGPCM"
  },
  "training_history": [
    {
      "epoch": 1,
      "train_loss": 0.15804070591926575,
      "train_accuracy": 0.6473581448267779,
      "gradient_norm": 0.03402775049209595,
      "learning_rate": 0.001,
      "categorical_accuracy": 0.6921584332660221,
      "ordinal_accuracy": 1.0,
      "quadratic_weighted_kappa": 0.3805347224258532,
      "mean_absolute_error": 0.3078415667339779,
      "kendall_tau": 0.3806449411049452,
      "spearman_correlation": 0.3806449411049451,
      "cohen_kappa": 0.3805347224258532,
      "cat_0_accuracy": 0.6572022830608494,
      "cat_1_accuracy": 0.7227191034993128,
      "cat_0_precision": 0.6744936457505957,
      "cat_0_recall": 0.6572022830608494,
      "cat_0_f1": 0.6657357048361017,
      "cat_1_precision": 0.7068762278978389,
      "cat_1_recall": 0.7227191034993128,
      "cat_1_f1": 0.7147098797699948,
      "cross_entropy": 0.614995950373523
    },
    {
      "epoch": 2,
      "train_loss": 0.14300128906965257,
      "train_accuracy": 0.7055695790012321,
      "gradient_norm": 0.02290303073823452,
      "learning_rate": 0.001,
      "categorical_accuracy": 0.7063501912164525,
      "ordinal_accuracy": 1.0,
      "quadratic_weighted_kappa": 0.40888733860349435,
      "mean_absolute_error": 0.29364980878354746,
      "kendall_tau": 0.40906235403638397,
      "spearman_correlation": 0.4090623540363839,
      "cohen_kappa": 0.40888733860349435,
      "cat_0_accuracy": 0.6696575408725935,
      "cat_1_accuracy": 0.7384290094090284,
      "cat_0_precision": 0.6911882176734898,
      "cat_0_recall": 0.6696575408725935,
      "cat_0_f1": 0.6802525550314465,
      "cat_1_precision": 0.7188522734289772,
      "cat_1_recall": 0.7384290094090284,
      "cat_1_f1": 0.7285091470410313,
      "cross_entropy": 0.6024360817292592
    },
    {
      "epoch": 3,
      "train_loss": 0.1414029237627983,
      "train_accuracy": 0.7097975764055448,
      "gradient_norm": 0.028130011465400458,
      "learning_rate": 0.001,
      "categorical_accuracy": 0.707952122559029,
      "ordinal_accuracy": 1.0,
      "quadratic_weighted_kappa": 0.41115747061106134,
      "mean_absolute_error": 0.2920478774409711,
      "kendall_tau": 0.4117471115320752,
      "spearman_correlation": 0.4117471115320752,
      "cohen_kappa": 0.41115747061106134,
      "cat_0_accuracy": 0.6585082712585857,
      "cat_1_accuracy": 0.751178771540332,
      "cat_0_precision": 0.6982254590214381,
      "cat_0_recall": 0.6585082712585857,
      "cat_0_f1": 0.6777855222543064,
      "cat_1_precision": 0.715592080085403,
      "cat_1_recall": 0.751178771540332,
      "cat_1_f1": 0.7329537249076767,
      "cross_entropy": 0.6017799965291667
    },
    {
      "epoch": 4,
      "train_loss": 0.14107169419527055,
      "train_accuracy": 0.7105808565196635,
      "gradient_norm": 0.039234871715307235,
      "learning_rate": 0.001,
      "categorical_accuracy": 0.7084710580643706,
      "ordinal_accuracy": 1.0,
      "quadratic_weighted_kappa": 0.414081409205467,
      "mean_absolute_error": 0.29152894193562945,
      "kendall_tau": 0.4140881683193511,
      "spearman_correlation": 0.414088168319351,
      "cohen_kappa": 0.414081409205467,
      "cat_0_accuracy": 0.6844587404469382,
      "cat_1_accuracy": 0.7294640025372661,
      "cat_0_precision": 0.6886558302511193,
      "cat_0_recall": 0.6844587404469382,
      "cat_0_f1": 0.6865508708941828,
      "cat_1_precision": 0.7255978295160578,
      "cat_1_recall": 0.7294640025372661,
      "cat_1_f1": 0.7275257797178465,
      "cross_entropy": 0.599343265309167
    },
    {
      "epoch": 5,
      "train_loss": 0.14050918191671372,
      "train_accuracy": 0.7124104159103058,
      "gradient_norm": 0.02205591296777129,
      "learning_rate": 0.001,
      "categorical_accuracy": 0.7098924901007412,
      "ordinal_accuracy": 1.0,
      "quadratic_weighted_kappa": 0.4147500168132612,
      "mean_absolute_error": 0.2901075098992588,
      "kendall_tau": 0.41554108171754084,
      "spearman_correlation": 0.4155410817175408,
      "cohen_kappa": 0.4147500168132612,
      "cat_0_accuracy": 0.6562590693624842,
      "cat_1_accuracy": 0.7567819008351834,
      "cat_0_precision": 0.7022879031005745,
      "cat_0_recall": 0.6562590693624842,
      "cat_0_f1": 0.6784937364038707,
      "cat_1_precision": 0.7157684231576842,
      "cat_1_recall": 0.7567819008351834,
      "cat_1_f1": 0.7357040082219939,
      "cross_entropy": 0.6005946214854857
    }
  ],
  "timestamp": "2025-08-02T00:56:06.858211"
}