{
  "config": {
    "model": "coral_gpcm_proper",
    "models": null,
    "dataset": "synthetic_4000_200_2",
    "epochs": 2,
    "batch_size": 64,
    "lr": 0.001,
    "n_folds": 5,
    "no_cv": false,
    "cv": false,
    "seed": 42,
    "device": null,
    "loss": "ce",
    "ce_weight": 0.4,
    "qwk_weight": 0.2,
    "coral_weight": 0.4,
    "focal_gamma": 2.0,
    "focal_alpha": null,
    "focal_weight": 0.0,
    "triple_coral": false,
    "triple_ce_weight": 0.33,
    "triple_qwk_weight": 0.33,
    "triple_coral_weight": 0.34,
    "enable_threshold_coupling": false,
    "coupling_type": "linear",
    "threshold_gpcm_weight": 0.7,
    "threshold_coral_weight": 0.3,
    "fold": 2
  },
  "metrics": {
    "epoch": 2,
    "train_loss": 0.5607254445552826,
    "train_accuracy": 0.7071590087218527,
    "gradient_norm": 0.12637555688619614,
    "learning_rate": 0.001,
    "categorical_accuracy": 0.7069932199948107,
    "ordinal_accuracy": 1.0,
    "quadratic_weighted_kappa": 0.4106010950650264,
    "mean_absolute_error": 0.29300678000518937,
    "kendall_tau": 0.41067237444566446,
    "spearman_correlation": 0.41067237444566446,
    "cohen_kappa": 0.4106010950650265,
    "cat_0_accuracy": 0.6759940021282771,
    "cat_1_accuracy": 0.7340945131620679,
    "cat_0_precision": 0.6896883559108742,
    "cat_0_recall": 0.6759940021282771,
    "cat_0_f1": 0.6827725190839695,
    "cat_1_precision": 0.7215687089533627,
    "cat_1_recall": 0.7340945131620679,
    "cat_1_f1": 0.7277777195501567,
    "cross_entropy": 0.5588744187969924,
    "best_epoch": 2,
    "total_epochs": 2,
    "parameters": 201054,
    "model_type": "CORALGPCM"
  },
  "training_history": [
    {
      "epoch": 1,
      "train_loss": 0.6246652293205261,
      "train_accuracy": 0.6462861373713233,
      "gradient_norm": 0.08950450241565705,
      "learning_rate": 0.001,
      "categorical_accuracy": 0.6978780050314182,
      "ordinal_accuracy": 1.0,
      "quadratic_weighted_kappa": 0.39196912834996955,
      "mean_absolute_error": 0.30212199496858183,
      "kendall_tau": 0.3921007142899987,
      "spearman_correlation": 0.3921007142899987,
      "cohen_kappa": 0.39196912834996944,
      "cat_0_accuracy": 0.6623536809519203,
      "cat_1_accuracy": 0.7289354054339782,
      "cat_0_precision": 0.6811500484990176,
      "cat_0_recall": 0.6623536809519203,
      "cat_0_f1": 0.6716203788854147,
      "cat_1_precision": 0.7117639772070361,
      "cat_1_recall": 0.7289354054339782,
      "cat_1_f1": 0.7202473597894099,
      "cross_entropy": 0.5732654114655754
    },
    {
      "epoch": 2,
      "train_loss": 0.5607254445552826,
      "train_accuracy": 0.7071590087218527,
      "gradient_norm": 0.12637555688619614,
      "learning_rate": 0.001,
      "categorical_accuracy": 0.7069932199948107,
      "ordinal_accuracy": 1.0,
      "quadratic_weighted_kappa": 0.4106010950650264,
      "mean_absolute_error": 0.29300678000518937,
      "kendall_tau": 0.41067237444566446,
      "spearman_correlation": 0.41067237444566446,
      "cohen_kappa": 0.4106010950650265,
      "cat_0_accuracy": 0.6759940021282771,
      "cat_1_accuracy": 0.7340945131620679,
      "cat_0_precision": 0.6896883559108742,
      "cat_0_recall": 0.6759940021282771,
      "cat_0_f1": 0.6827725190839695,
      "cat_1_precision": 0.7215687089533627,
      "cat_1_recall": 0.7340945131620679,
      "cat_1_f1": 0.7277777195501567,
      "cross_entropy": 0.5588744187969924
    }
  ],
  "timestamp": "2025-08-03T01:45:35.435192"
}