{
  "config": {
    "model": "coral_gpcm_proper",
    "models": null,
    "dataset": "synthetic_4000_200_2",
    "epochs": 5,
    "batch_size": 64,
    "lr": 0.001,
    "n_folds": 5,
    "no_cv": false,
    "cv": false,
    "seed": 42,
    "device": null,
    "loss": "combined",
    "ce_weight": 0.0,
    "qwk_weight": 0.2,
    "coral_weight": 0.4,
    "focal_gamma": 2.0,
    "focal_alpha": null,
    "focal_weight": 0.4,
    "triple_coral": false,
    "triple_ce_weight": 0.33,
    "triple_qwk_weight": 0.33,
    "triple_coral_weight": 0.34,
    "enable_threshold_coupling": false,
    "coupling_type": "linear",
    "threshold_gpcm_weight": 0.7,
    "threshold_coral_weight": 0.3,
    "fold": 1
  },
  "metrics": {
    "epoch": 5,
    "train_loss": 0.2408871841430664,
    "train_accuracy": 0.7150242547086019,
    "gradient_norm": 0.0493111377209425,
    "learning_rate": 0.001,
    "categorical_accuracy": 0.7126471060540019,
    "ordinal_accuracy": 1.0,
    "quadratic_weighted_kappa": 0.42447332053611175,
    "mean_absolute_error": 0.287352893945998,
    "kendall_tau": 0.4244758408399724,
    "spearman_correlation": 0.4244758408399724,
    "cohen_kappa": 0.42447332053611175,
    "cat_0_accuracy": 0.7026129741091048,
    "cat_1_accuracy": 0.7219181709846847,
    "cat_0_precision": 0.7001047170260365,
    "cat_0_recall": 0.7026129741091048,
    "cat_0_f1": 0.7013566030088454,
    "cat_1_precision": 0.7243158267646799,
    "cat_1_recall": 0.7219181709846847,
    "cat_1_f1": 0.7231150113839828,
    "cross_entropy": 0.5570513234134306,
    "best_epoch": 5,
    "total_epochs": 5,
    "parameters": 201054,
    "model_type": "CORALGPCM"
  },
  "training_history": [
    {
      "epoch": 1,
      "train_loss": 0.29700144439935683,
      "train_accuracy": 0.6579402855906534,
      "gradient_norm": 0.09387508548796177,
      "learning_rate": 0.001,
      "categorical_accuracy": 0.6971049069762106,
      "ordinal_accuracy": 1.0,
      "quadratic_weighted_kappa": 0.39243918630666186,
      "mean_absolute_error": 0.3028950930237893,
      "kendall_tau": 0.39267029833385336,
      "spearman_correlation": 0.3926702983338533,
      "cohen_kappa": 0.39243918630666186,
      "cat_0_accuracy": 0.6668338587943059,
      "cat_1_accuracy": 0.7250739285871916,
      "cat_0_precision": 0.6914580082720361,
      "cat_0_recall": 0.6668338587943059,
      "cat_0_f1": 0.6789227308650981,
      "cat_1_precision": 0.7019762845849803,
      "cat_1_recall": 0.7250739285871916,
      "cat_1_f1": 0.7133381821339789,
      "cross_entropy": 0.5751943215820174
    },
    {
      "epoch": 2,
      "train_loss": 0.25057046085596085,
      "train_accuracy": 0.7065180259172379,
      "gradient_norm": 0.06413263726979494,
      "learning_rate": 0.001,
      "categorical_accuracy": 0.7062237617856897,
      "ordinal_accuracy": 1.0,
      "quadratic_weighted_kappa": 0.41029420324587407,
      "mean_absolute_error": 0.2937762382143103,
      "kendall_tau": 0.4108727413358216,
      "spearman_correlation": 0.4108727413358215,
      "cohen_kappa": 0.41029420324587407,
      "cat_0_accuracy": 0.6666188974873412,
      "cat_1_accuracy": 0.7428167895131748,
      "cat_0_precision": 0.705439288241836,
      "cat_0_recall": 0.6666188974873412,
      "cat_0_f1": 0.6854799096178407,
      "cat_1_precision": 0.7068755512621278,
      "cat_1_recall": 0.7428167895131748,
      "cat_1_f1": 0.7244006370249214,
      "cross_entropy": 0.563059066895964
    },
    {
      "epoch": 3,
      "train_loss": 0.24528569281101226,
      "train_accuracy": 0.7114458311507892,
      "gradient_norm": 0.07716586105525494,
      "learning_rate": 0.001,
      "categorical_accuracy": 0.70766901424606,
      "ordinal_accuracy": 1.0,
      "quadratic_weighted_kappa": 0.41592325475389924,
      "mean_absolute_error": 0.29233098575394,
      "kendall_tau": 0.41679954767679184,
      "spearman_correlation": 0.41679954767679184,
      "cohen_kappa": 0.41592325475389924,
      "cat_0_accuracy": 0.7294114837107099,
      "cat_1_accuracy": 0.6875799973518119,
      "cat_0_precision": 0.6832602470019689,
      "cat_0_recall": 0.7294114837107099,
      "cat_0_f1": 0.7055819971350678,
      "cat_1_precision": 0.7333474556324436,
      "cat_1_recall": 0.6875799973518119,
      "cat_1_f1": 0.7097266514806378,
      "cross_entropy": 0.5623153119760358
    },
    {
      "epoch": 4,
      "train_loss": 0.24243585467338563,
      "train_accuracy": 0.713868455214193,
      "gradient_norm": 0.07876035422086716,
      "learning_rate": 0.001,
      "categorical_accuracy": 0.7107315730311303,
      "ordinal_accuracy": 1.0,
      "quadratic_weighted_kappa": 0.42120493101988965,
      "mean_absolute_error": 0.28926842696886973,
      "kendall_tau": 0.42137313395242937,
      "spearman_correlation": 0.4213731339524293,
      "cohen_kappa": 0.42120493101988965,
      "cat_0_accuracy": 0.7135282315849814,
      "cat_1_accuracy": 0.7081475923555633,
      "cat_0_precision": 0.6931483329079561,
      "cat_0_recall": 0.7135282315849814,
      "cat_0_f1": 0.7031906504878365,
      "cat_1_precision": 0.7279223283351859,
      "cat_1_recall": 0.7081475923555633,
      "cat_1_f1": 0.7178988109220668,
      "cross_entropy": 0.5600652616227403
    },
    {
      "epoch": 5,
      "train_loss": 0.2408871841430664,
      "train_accuracy": 0.7150242547086019,
      "gradient_norm": 0.0493111377209425,
      "learning_rate": 0.001,
      "categorical_accuracy": 0.7126471060540019,
      "ordinal_accuracy": 1.0,
      "quadratic_weighted_kappa": 0.42447332053611175,
      "mean_absolute_error": 0.287352893945998,
      "kendall_tau": 0.4244758408399724,
      "spearman_correlation": 0.4244758408399724,
      "cohen_kappa": 0.42447332053611175,
      "cat_0_accuracy": 0.7026129741091048,
      "cat_1_accuracy": 0.7219181709846847,
      "cat_0_precision": 0.7001047170260365,
      "cat_0_recall": 0.7026129741091048,
      "cat_0_f1": 0.7013566030088454,
      "cat_1_precision": 0.7243158267646799,
      "cat_1_recall": 0.7219181709846847,
      "cat_1_f1": 0.7231150113839828,
      "cross_entropy": 0.5570513234134306
    }
  ],
  "timestamp": "2025-08-02T01:13:53.553650"
}