{
  "config": {
    "model": "deep_gpcm",
    "models": null,
    "dataset": "synthetic_4000_200_2",
    "epochs": 5,
    "batch_size": 64,
    "lr": 0.001,
    "n_folds": 5,
    "no_cv": false,
    "cv": false,
    "seed": 42,
    "device": null,
    "loss": "focal",
    "ce_weight": 0.4,
    "qwk_weight": 0.2,
    "coral_weight": 0.4,
    "focal_gamma": 2.0,
    "focal_alpha": null,
    "focal_weight": 0.0,
    "triple_coral": false,
    "triple_ce_weight": 0.33,
    "triple_qwk_weight": 0.33,
    "triple_coral_weight": 0.34,
    "enable_threshold_coupling": false,
    "coupling_type": "linear",
    "threshold_gpcm_weight": 0.7,
    "threshold_coral_weight": 0.3,
    "fold": 3
  },
  "metrics": {
    "epoch": 5,
    "train_loss": 0.14083416908979415,
    "train_accuracy": 0.7111688459190483,
    "gradient_norm": 0.027617254611104727,
    "learning_rate": 0.001,
    "categorical_accuracy": 0.7099769326177422,
    "ordinal_accuracy": 1.0,
    "quadratic_weighted_kappa": 0.4173228447040238,
    "mean_absolute_error": 0.2900230673822578,
    "kendall_tau": 0.41732285194677415,
    "spearman_correlation": 0.41732285194677426,
    "cohen_kappa": 0.4173228447040238,
    "cat_0_accuracy": 0.6891529131039968,
    "cat_1_accuracy": 0.7281751634554815,
    "cat_0_precision": 0.6890159045725646,
    "cat_0_recall": 0.6891529131039968,
    "cat_0_f1": 0.6890844020280346,
    "cat_1_precision": 0.7283017228269135,
    "cat_1_recall": 0.7281751634554815,
    "cat_1_f1": 0.7282384376425608,
    "cross_entropy": 0.6024921791748227,
    "best_epoch": 5,
    "total_epochs": 5,
    "parameters": 198453,
    "model_type": "DeepGPCM"
  },
  "training_history": [
    {
      "epoch": 1,
      "train_loss": 0.15874705612659454,
      "train_accuracy": 0.6402174993256385,
      "gradient_norm": 0.03443779168650508,
      "learning_rate": 0.001,
      "categorical_accuracy": 0.6934472406078661,
      "ordinal_accuracy": 1.0,
      "quadratic_weighted_kappa": 0.3800545915541311,
      "mean_absolute_error": 0.3065527593921339,
      "kendall_tau": 0.38188353883537535,
      "spearman_correlation": 0.3818835388353754,
      "cohen_kappa": 0.38005459155413124,
      "cat_0_accuracy": 0.6195068602107775,
      "cat_1_accuracy": 0.7580641657796989,
      "cat_0_precision": 0.6911430314458432,
      "cat_0_recall": 0.6195068602107775,
      "cat_0_f1": 0.6533672372663644,
      "cat_1_precision": 0.6951022765749796,
      "cat_1_recall": 0.7580641657796989,
      "cat_1_f1": 0.7252192344457836,
      "cross_entropy": 0.6176769178202746
    },
    {
      "epoch": 2,
      "train_loss": 0.14311578929424285,
      "train_accuracy": 0.7048766983261638,
      "gradient_norm": 0.031437185574322936,
      "learning_rate": 0.001,
      "categorical_accuracy": 0.7075774611969537,
      "ordinal_accuracy": 1.0,
      "quadratic_weighted_kappa": 0.41049472681414734,
      "mean_absolute_error": 0.2924225388030463,
      "kendall_tau": 0.41102107391342274,
      "spearman_correlation": 0.41102107391342274,
      "cohen_kappa": 0.41049472681414734,
      "cat_0_accuracy": 0.6595744680851063,
      "cat_1_accuracy": 0.7495275539240176,
      "cat_0_precision": 0.697086715527885,
      "cat_0_recall": 0.6595744680851063,
      "cat_0_f1": 0.6778119771644593,
      "cat_1_precision": 0.7158624123480354,
      "cat_1_recall": 0.7495275539240176,
      "cat_1_f1": 0.7323082800114602,
      "cross_entropy": 0.606932408619524
    },
    {
      "epoch": 3,
      "train_loss": 0.14144082516431808,
      "train_accuracy": 0.7098428382810171,
      "gradient_norm": 0.02070027032867074,
      "learning_rate": 0.001,
      "categorical_accuracy": 0.7081222687176159,
      "ordinal_accuracy": 1.0,
      "quadratic_weighted_kappa": 0.4120395687217029,
      "mean_absolute_error": 0.29187773128238415,
      "kendall_tau": 0.41235773082762833,
      "spearman_correlation": 0.41235773082762833,
      "cohen_kappa": 0.4120395687217028,
      "cat_0_accuracy": 0.6661612646649433,
      "cat_1_accuracy": 0.7447922323348611,
      "cat_0_precision": 0.6952269779507133,
      "cat_0_recall": 0.6661612646649433,
      "cat_0_f1": 0.680383844025285,
      "cat_1_precision": 0.7185397849913032,
      "cat_1_recall": 0.7447922323348611,
      "cat_1_f1": 0.7314305217799394,
      "cross_entropy": 0.6028875830880136
    },
    {
      "epoch": 4,
      "train_loss": 0.14119618386030197,
      "train_accuracy": 0.7100529551230177,
      "gradient_norm": 0.03429749952629209,
      "learning_rate": 0.001,
      "categorical_accuracy": 0.7079831689251064,
      "ordinal_accuracy": 1.0,
      "quadratic_weighted_kappa": 0.4109930797496515,
      "mean_absolute_error": 0.2920168310748936,
      "kendall_tau": 0.41170264283396396,
      "spearman_correlation": 0.4117026428339639,
      "cohen_kappa": 0.4109930797496515,
      "cat_0_accuracy": 0.6557218134818056,
      "cat_1_accuracy": 0.7536546690705302,
      "cat_0_precision": 0.6993531626106781,
      "cat_0_recall": 0.6557218134818056,
      "cat_0_f1": 0.6768350565718244,
      "cat_1_precision": 0.7146888582198694,
      "cat_1_recall": 0.7536546690705302,
      "cat_1_f1": 0.7336547407595365,
      "cross_entropy": 0.6020160164397743
    },
    {
      "epoch": 5,
      "train_loss": 0.14083416908979415,
      "train_accuracy": 0.7111688459190483,
      "gradient_norm": 0.027617254611104727,
      "learning_rate": 0.001,
      "categorical_accuracy": 0.7099769326177422,
      "ordinal_accuracy": 1.0,
      "quadratic_weighted_kappa": 0.4173228447040238,
      "mean_absolute_error": 0.2900230673822578,
      "kendall_tau": 0.41732285194677415,
      "spearman_correlation": 0.41732285194677426,
      "cohen_kappa": 0.4173228447040238,
      "cat_0_accuracy": 0.6891529131039968,
      "cat_1_accuracy": 0.7281751634554815,
      "cat_0_precision": 0.6890159045725646,
      "cat_0_recall": 0.6891529131039968,
      "cat_0_f1": 0.6890844020280346,
      "cat_1_precision": 0.7283017228269135,
      "cat_1_recall": 0.7281751634554815,
      "cat_1_f1": 0.7282384376425608,
      "cross_entropy": 0.6024921791748227
    }
  ],
  "timestamp": "2025-08-02T00:57:50.266652"
}