{
  "config": {
    "model": "coral_gpcm_proper",
    "models": null,
    "dataset": "synthetic_4000_200_2",
    "epochs": 2,
    "batch_size": 64,
    "lr": 0.001,
    "n_folds": 0,
    "no_cv": false,
    "cv": false,
    "seed": 42,
    "device": null,
    "loss": "ce",
    "ce_weight": 0.4,
    "qwk_weight": 0.2,
    "coral_weight": 0.4,
    "focal_gamma": 2.0,
    "focal_alpha": null,
    "focal_weight": 0.0,
    "triple_coral": false,
    "triple_ce_weight": 0.33,
    "triple_qwk_weight": 0.33,
    "triple_coral_weight": 0.34,
    "enable_threshold_coupling": false,
    "coupling_type": "linear",
    "threshold_gpcm_weight": 0.7,
    "threshold_coral_weight": 0.3
  },
  "metrics": {
    "epoch": 2,
    "train_loss": 0.5606677412986756,
    "train_accuracy": 0.7072791458830592,
    "gradient_norm": 0.13525940239429474,
    "learning_rate": 0.001,
    "categorical_accuracy": 0.7111003283720195,
    "ordinal_accuracy": 1.0,
    "quadratic_weighted_kappa": 0.42025342034052493,
    "mean_absolute_error": 0.28889967162798047,
    "kendall_tau": 0.42028794236354117,
    "spearman_correlation": 0.420287942363541,
    "cohen_kappa": 0.42025342034052504,
    "cat_0_accuracy": 0.6885429312766312,
    "cat_1_accuracy": 0.7314310233855396,
    "cat_0_precision": 0.6979465772265522,
    "cat_0_recall": 0.6885429312766312,
    "cat_0_f1": 0.6932128648804103,
    "cat_1_precision": 0.7226555875869086,
    "cat_1_recall": 0.7314310233855396,
    "cat_1_f1": 0.727016825538993,
    "cross_entropy": 0.5561902764477736,
    "best_epoch": 2,
    "total_epochs": 2,
    "parameters": 201054,
    "model_type": "CORALGPCM"
  },
  "training_history": [
    {
      "epoch": 1,
      "train_loss": 0.6173726415634155,
      "train_accuracy": 0.6571126388154416,
      "gradient_norm": 0.15560393549501897,
      "learning_rate": 0.001,
      "categorical_accuracy": 0.7023663097078504,
      "ordinal_accuracy": 1.0,
      "quadratic_weighted_kappa": 0.4016093293771352,
      "mean_absolute_error": 0.29763369029214953,
      "kendall_tau": 0.40208972124238107,
      "spearman_correlation": 0.40208972124238107,
      "cohen_kappa": 0.40160932937713534,
      "cat_0_accuracy": 0.6604299078768835,
      "cat_1_accuracy": 0.7401630551383823,
      "cat_0_precision": 0.6961234474971773,
      "cat_0_recall": 0.6604299078768835,
      "cat_0_f1": 0.6778070946936382,
      "cat_1_precision": 0.7074686243950455,
      "cat_1_recall": 0.7401630551383823,
      "cat_1_f1": 0.7234466416423764,
      "cross_entropy": 0.5685675469654236
    },
    {
      "epoch": 2,
      "train_loss": 0.5606677412986756,
      "train_accuracy": 0.7072791458830592,
      "gradient_norm": 0.13525940239429474,
      "learning_rate": 0.001,
      "categorical_accuracy": 0.7111003283720195,
      "ordinal_accuracy": 1.0,
      "quadratic_weighted_kappa": 0.42025342034052493,
      "mean_absolute_error": 0.28889967162798047,
      "kendall_tau": 0.42028794236354117,
      "spearman_correlation": 0.420287942363541,
      "cohen_kappa": 0.42025342034052504,
      "cat_0_accuracy": 0.6885429312766312,
      "cat_1_accuracy": 0.7314310233855396,
      "cat_0_precision": 0.6979465772265522,
      "cat_0_recall": 0.6885429312766312,
      "cat_0_f1": 0.6932128648804103,
      "cat_1_precision": 0.7226555875869086,
      "cat_1_recall": 0.7314310233855396,
      "cat_1_f1": 0.727016825538993,
      "cross_entropy": 0.5561902764477736
    }
  ],
  "timestamp": "2025-08-03T01:44:00.732048"
}