{
  "config": {
    "model": "deep_gpcm",
    "models": null,
    "dataset": "synthetic_4000_200_2",
    "epochs": 5,
    "batch_size": 64,
    "lr": 0.001,
    "n_folds": 5,
    "no_cv": false,
    "cv": false,
    "seed": 42,
    "device": null,
    "loss": "focal",
    "ce_weight": 0.4,
    "qwk_weight": 0.2,
    "coral_weight": 0.4,
    "focal_gamma": 2.0,
    "focal_alpha": null,
    "focal_weight": 0.0,
    "triple_coral": false,
    "triple_ce_weight": 0.33,
    "triple_qwk_weight": 0.33,
    "triple_coral_weight": 0.34,
    "enable_threshold_coupling": false,
    "coupling_type": "linear",
    "threshold_gpcm_weight": 0.7,
    "threshold_coral_weight": 0.3,
    "fold": 5
  },
  "metrics": {
    "epoch": 4,
    "train_loss": 0.14150106370449067,
    "train_accuracy": 0.7089512704280768,
    "gradient_norm": 0.0304121819883585,
    "learning_rate": 0.001,
    "categorical_accuracy": 0.7118252821012763,
    "ordinal_accuracy": 1.0,
    "quadratic_weighted_kappa": 0.4201179259162686,
    "mean_absolute_error": 0.2881747178987237,
    "kendall_tau": 0.4202960442336925,
    "spearman_correlation": 0.4202960442336925,
    "cohen_kappa": 0.42011792591626873,
    "cat_0_accuracy": 0.6763493433036142,
    "cat_1_accuracy": 0.7429761979922975,
    "cat_0_precision": 0.6979447481017981,
    "cat_0_recall": 0.6763493433036142,
    "cat_0_f1": 0.6869773725915016,
    "cat_1_precision": 0.7233240452384855,
    "cat_1_recall": 0.7429761979922975,
    "cat_1_f1": 0.7330184271995848,
    "cross_entropy": 0.597692844587296,
    "best_epoch": 4,
    "total_epochs": 5,
    "parameters": 198453,
    "model_type": "DeepGPCM"
  },
  "training_history": [
    {
      "epoch": 1,
      "train_loss": 0.15910492360591888,
      "train_accuracy": 0.6368176442457755,
      "gradient_norm": 0.03709238978102803,
      "learning_rate": 0.001,
      "categorical_accuracy": 0.6960477807285889,
      "ordinal_accuracy": 1.0,
      "quadratic_weighted_kappa": 0.3871045893883589,
      "mean_absolute_error": 0.30395221927141114,
      "kendall_tau": 0.3878275189791392,
      "spearman_correlation": 0.3878275189791391,
      "cohen_kappa": 0.3871045893883588,
      "cat_0_accuracy": 0.6425798101811907,
      "cat_1_accuracy": 0.742997243091946,
      "cat_0_precision": 0.687056351382518,
      "cat_0_recall": 0.6425798101811907,
      "cat_0_f1": 0.6640742070912852,
      "cat_1_precision": 0.7030347684097336,
      "cat_1_recall": 0.742997243091946,
      "cat_1_f1": 0.7224638051874968,
      "cross_entropy": 0.6138027835756743
    },
    {
      "epoch": 2,
      "train_loss": 0.14365164697170257,
      "train_accuracy": 0.7030179288858089,
      "gradient_norm": 0.03256320290267468,
      "learning_rate": 0.001,
      "categorical_accuracy": 0.7100772066650979,
      "ordinal_accuracy": 1.0,
      "quadratic_weighted_kappa": 0.4164192556229772,
      "mean_absolute_error": 0.2899227933349021,
      "kendall_tau": 0.4166587534853138,
      "spearman_correlation": 0.4166587534853138,
      "cohen_kappa": 0.4164192556229771,
      "cat_0_accuracy": 0.6719394113699549,
      "cat_1_accuracy": 0.7435654607824568,
      "cat_0_precision": 0.6970488053504388,
      "cat_0_recall": 0.6719394113699549,
      "cat_0_f1": 0.6842638354994204,
      "cat_1_precision": 0.7207670338637291,
      "cat_1_recall": 0.7435654607824568,
      "cat_1_f1": 0.7319887711447425,
      "cross_entropy": 0.6015571337870993
    },
    {
      "epoch": 3,
      "train_loss": 0.14189158678054808,
      "train_accuracy": 0.7087708647730755,
      "gradient_norm": 0.03356366716325283,
      "learning_rate": 0.001,
      "categorical_accuracy": 0.7108279826537129,
      "ordinal_accuracy": 1.0,
      "quadratic_weighted_kappa": 0.41730339985987697,
      "mean_absolute_error": 0.289172017346287,
      "kendall_tau": 0.41783724885656537,
      "spearman_correlation": 0.4178372488565653,
      "cohen_kappa": 0.41730339985987697,
      "cat_0_accuracy": 0.6639344262295082,
      "cat_1_accuracy": 0.7520045457415241,
      "cat_0_precision": 0.7015651116851542,
      "cat_0_recall": 0.6639344262295082,
      "cat_0_f1": 0.682231252308829,
      "cat_1_precision": 0.7181790774796503,
      "cat_1_recall": 0.7520045457415241,
      "cat_1_f1": 0.7347026893659018,
      "cross_entropy": 0.6008983090876592
    },
    {
      "epoch": 4,
      "train_loss": 0.14150106370449067,
      "train_accuracy": 0.7089512704280768,
      "gradient_norm": 0.0304121819883585,
      "learning_rate": 0.001,
      "categorical_accuracy": 0.7118252821012763,
      "ordinal_accuracy": 1.0,
      "quadratic_weighted_kappa": 0.4201179259162686,
      "mean_absolute_error": 0.2881747178987237,
      "kendall_tau": 0.4202960442336925,
      "spearman_correlation": 0.4202960442336925,
      "cohen_kappa": 0.42011792591626873,
      "cat_0_accuracy": 0.6763493433036142,
      "cat_1_accuracy": 0.7429761979922975,
      "cat_0_precision": 0.6979447481017981,
      "cat_0_recall": 0.6763493433036142,
      "cat_0_f1": 0.6869773725915016,
      "cat_1_precision": 0.7233240452384855,
      "cat_1_recall": 0.7429761979922975,
      "cat_1_f1": 0.7330184271995848,
      "cross_entropy": 0.597692844587296
    },
    {
      "epoch": 5,
      "train_loss": 0.1410981559753418,
      "train_accuracy": 0.7103572891043575,
      "gradient_norm": 0.02534075990319252,
      "learning_rate": 0.001,
      "categorical_accuracy": 0.7124303851368765,
      "ordinal_accuracy": 1.0,
      "quadratic_weighted_kappa": 0.4193672166838318,
      "mean_absolute_error": 0.28756961486312344,
      "kendall_tau": 0.4207707444444619,
      "spearman_correlation": 0.4207707444444619,
      "cohen_kappa": 0.4193672166838318,
      "cat_0_accuracy": 0.6492426421244367,
      "cat_1_accuracy": 0.7679146410758255,
      "cat_0_precision": 0.7106802738935383,
      "cat_0_recall": 0.6492426421244367,
      "cat_0_f1": 0.6785736651595046,
      "cat_1_precision": 0.7137352319849777,
      "cat_1_recall": 0.7679146410758255,
      "cat_1_f1": 0.7398343488001946,
      "cross_entropy": 0.5972715465879422
    }
  ],
  "timestamp": "2025-08-02T01:01:36.700493"
}