{
  "config": {
    "model": "coral_gpcm_proper",
    "models": null,
    "dataset": "synthetic_4000_200_2",
    "epochs": 5,
    "batch_size": 64,
    "lr": 0.001,
    "n_folds": 5,
    "no_cv": false,
    "cv": false,
    "seed": 42,
    "device": null,
    "loss": "combined",
    "ce_weight": 0.0,
    "qwk_weight": 0.2,
    "coral_weight": 0.4,
    "focal_gamma": 2.0,
    "focal_alpha": null,
    "focal_weight": 0.4,
    "triple_coral": false,
    "triple_ce_weight": 0.33,
    "triple_qwk_weight": 0.33,
    "triple_coral_weight": 0.34,
    "enable_threshold_coupling": false,
    "coupling_type": "linear",
    "threshold_gpcm_weight": 0.7,
    "threshold_coral_weight": 0.3,
    "fold": 5
  },
  "metrics": {
    "epoch": 5,
    "train_loss": 0.2427400279045105,
    "train_accuracy": 0.7126395638192163,
    "gradient_norm": 0.05180683258920908,
    "learning_rate": 0.001,
    "categorical_accuracy": 0.7142568998554476,
    "ordinal_accuracy": 1.0,
    "quadratic_weighted_kappa": 0.42692766973395313,
    "mean_absolute_error": 0.2857431001445524,
    "kendall_tau": 0.4270342307053461,
    "spearman_correlation": 0.427034230705346,
    "cohen_kappa": 0.42692766973395313,
    "cat_0_accuracy": 0.7063320870482217,
    "cat_1_accuracy": 0.7212155649557,
    "cat_0_precision": 0.6898965307364577,
    "cat_0_recall": 0.7063320870482217,
    "cat_0_f1": 0.6980175741929372,
    "cat_1_precision": 0.7366248952131204,
    "cat_1_recall": 0.7212155649557,
    "cat_1_f1": 0.7288387920034028,
    "cross_entropy": 0.5557042995591268,
    "best_epoch": 5,
    "total_epochs": 5,
    "parameters": 201054,
    "model_type": "CORALGPCM"
  },
  "training_history": [
    {
      "epoch": 1,
      "train_loss": 0.296209676861763,
      "train_accuracy": 0.6510840089000123,
      "gradient_norm": 0.10505828995257616,
      "learning_rate": 0.001,
      "categorical_accuracy": 0.7009110162369314,
      "ordinal_accuracy": 1.0,
      "quadratic_weighted_kappa": 0.4021755727316054,
      "mean_absolute_error": 0.2990889837630685,
      "kendall_tau": 0.4032806882033784,
      "spearman_correlation": 0.4032806882033784,
      "cohen_kappa": 0.4021755727316053,
      "cat_0_accuracy": 0.7197296519988495,
      "cat_1_accuracy": 0.684386640570743,
      "cat_0_precision": 0.6669331734292757,
      "cat_0_recall": 0.7197296519988495,
      "cat_0_f1": 0.692326313241346,
      "cat_1_precision": 0.7355136382141403,
      "cat_1_recall": 0.684386640570743,
      "cat_1_f1": 0.7090296628184584,
      "cross_entropy": 0.5690141912480029
    },
    {
      "epoch": 2,
      "train_loss": 0.25117933869361875,
      "train_accuracy": 0.7061793232210714,
      "gradient_norm": 0.07890279050916434,
      "learning_rate": 0.001,
      "categorical_accuracy": 0.7103349357358165,
      "ordinal_accuracy": 1.0,
      "quadratic_weighted_kappa": 0.4178168776545602,
      "mean_absolute_error": 0.2896650642641835,
      "kendall_tau": 0.41784048650911243,
      "spearman_correlation": 0.41784048650911243,
      "cohen_kappa": 0.4178168776545602,
      "cat_0_accuracy": 0.6845700316364682,
      "cat_1_accuracy": 0.7329587305595892,
      "cat_0_precision": 0.6924027925918743,
      "cat_0_recall": 0.6845700316364682,
      "cat_0_f1": 0.6884641342074816,
      "cat_1_precision": 0.7257496509616788,
      "cat_1_recall": 0.7329587305595892,
      "cat_1_f1": 0.7293363767721399,
      "cross_entropy": 0.5609337673643539
    },
    {
      "epoch": 3,
      "train_loss": 0.2471365886926651,
      "train_accuracy": 0.7094438065020489,
      "gradient_norm": 0.056773685961961744,
      "learning_rate": 0.001,
      "categorical_accuracy": 0.7128898152194619,
      "ordinal_accuracy": 1.0,
      "quadratic_weighted_kappa": 0.4231137312080028,
      "mean_absolute_error": 0.28711018478053807,
      "kendall_tau": 0.4231221395522199,
      "spearman_correlation": 0.4231221395522199,
      "cohen_kappa": 0.4231137312080028,
      "cat_0_accuracy": 0.6896031061259706,
      "cat_1_accuracy": 0.7333375423532631,
      "cat_0_precision": 0.6942621368593765,
      "cat_0_recall": 0.6896031061259706,
      "cat_0_f1": 0.691924778761062,
      "cat_1_precision": 0.7290415716467561,
      "cat_1_recall": 0.7333375423532631,
      "cat_1_f1": 0.7311832469521791,
      "cross_entropy": 0.5580105747543824
    },
    {
      "epoch": 4,
      "train_loss": 0.24473432093858719,
      "train_accuracy": 0.7115284940709539,
      "gradient_norm": 0.056601323559880255,
      "learning_rate": 0.001,
      "categorical_accuracy": 0.7138983202787956,
      "ordinal_accuracy": 1.0,
      "quadratic_weighted_kappa": 0.42464733131128174,
      "mean_absolute_error": 0.28610167972120437,
      "kendall_tau": 0.42472821423592594,
      "spearman_correlation": 0.42472821423592594,
      "cohen_kappa": 0.42464733131128174,
      "cat_0_accuracy": 0.6836592848240821,
      "cat_1_accuracy": 0.7404507860344719,
      "cat_0_precision": 0.6981496891673601,
      "cat_0_recall": 0.6836592848240821,
      "cat_0_f1": 0.6908285098447604,
      "cat_1_precision": 0.7271975693942088,
      "cat_1_recall": 0.7404507860344719,
      "cat_1_f1": 0.7337643378519291,
      "cross_entropy": 0.5536308998365137
    },
    {
      "epoch": 5,
      "train_loss": 0.2427400279045105,
      "train_accuracy": 0.7126395638192163,
      "gradient_norm": 0.05180683258920908,
      "learning_rate": 0.001,
      "categorical_accuracy": 0.7142568998554476,
      "ordinal_accuracy": 1.0,
      "quadratic_weighted_kappa": 0.42692766973395313,
      "mean_absolute_error": 0.2857431001445524,
      "kendall_tau": 0.4270342307053461,
      "spearman_correlation": 0.427034230705346,
      "cohen_kappa": 0.42692766973395313,
      "cat_0_accuracy": 0.7063320870482217,
      "cat_1_accuracy": 0.7212155649557,
      "cat_0_precision": 0.6898965307364577,
      "cat_0_recall": 0.7063320870482217,
      "cat_0_f1": 0.6980175741929372,
      "cat_1_precision": 0.7366248952131204,
      "cat_1_recall": 0.7212155649557,
      "cat_1_f1": 0.7288387920034028,
      "cross_entropy": 0.5557042995591268
    }
  ],
  "timestamp": "2025-08-02T01:21:59.008797"
}