{
  "config": {
    "model": "deep_gpcm",
    "models": null,
    "dataset": "synthetic_4000_200_2",
    "epochs": 20,
    "batch_size": 64,
    "lr": 0.001,
    "n_folds": 0,
    "no_cv": false,
    "cv": false,
    "seed": 42,
    "device": null,
    "loss": "focal",
    "ce_weight": 0.4,
    "qwk_weight": 0.2,
    "coral_weight": 0.4,
    "focal_gamma": 2.0,
    "focal_alpha": null,
    "focal_weight": 0.0,
    "triple_coral": false,
    "triple_ce_weight": 0.33,
    "triple_qwk_weight": 0.33,
    "triple_coral_weight": 0.34,
    "enable_threshold_coupling": false,
    "coupling_type": "linear",
    "threshold_gpcm_weight": 0.7,
    "threshold_coral_weight": 0.3
  },
  "metrics": {
    "epoch": 17,
    "train_loss": 0.13959783732891082,
    "train_accuracy": 0.7148998813726472,
    "gradient_norm": 0.030730784237384796,
    "learning_rate": 0.0008,
    "categorical_accuracy": 0.7149821144449836,
    "ordinal_accuracy": 1.0,
    "quadratic_weighted_kappa": 0.42909694070463333,
    "mean_absolute_error": 0.2850178855550164,
    "kendall_tau": 0.42920747255786623,
    "spearman_correlation": 0.42920747255786623,
    "cohen_kappa": 0.42909694070463344,
    "cat_0_accuracy": 0.7113237639553429,
    "cat_1_accuracy": 0.7182793391975971,
    "cat_0_precision": 0.6947202008695046,
    "cat_0_recall": 0.7113237639553429,
    "cat_0_f1": 0.7029239490955282,
    "cat_1_precision": 0.734092005437881,
    "cat_1_recall": 0.7182793391975971,
    "cat_1_f1": 0.7260995922616466,
    "cross_entropy": 0.5956247632241998,
    "best_epoch": 17,
    "total_epochs": 20,
    "parameters": 198453,
    "model_type": "DeepGPCM"
  },
  "training_history": [
    {
      "epoch": 1,
      "train_loss": 0.15975307077169418,
      "train_accuracy": 0.6345820172366973,
      "gradient_norm": 0.0380173765681684,
      "learning_rate": 0.001,
      "categorical_accuracy": 0.694162651350162,
      "ordinal_accuracy": 1.0,
      "quadratic_weighted_kappa": 0.38467453464284895,
      "mean_absolute_error": 0.3058373486498381,
      "kendall_tau": 0.38543360890176304,
      "spearman_correlation": 0.3854336089017629,
      "cohen_kappa": 0.38467453464284906,
      "cat_0_accuracy": 0.6445285534052226,
      "cat_1_accuracy": 0.7388972323535722,
      "cat_0_precision": 0.6899047036640676,
      "cat_0_recall": 0.6445285534052226,
      "cat_0_f1": 0.6664451418374254,
      "cat_1_precision": 0.6975472424199461,
      "cat_1_recall": 0.7388972323535722,
      "cat_1_f1": 0.7176270797953804,
      "cross_entropy": 0.6173150456049342
    },
    {
      "epoch": 2,
      "train_loss": 0.1435450929403305,
      "train_accuracy": 0.7035716837937885,
      "gradient_norm": 0.029406833611428738,
      "learning_rate": 0.001,
      "categorical_accuracy": 0.7082905471738566,
      "ordinal_accuracy": 1.0,
      "quadratic_weighted_kappa": 0.4130450053942364,
      "mean_absolute_error": 0.29170945282614336,
      "kendall_tau": 0.4139070359725541,
      "spearman_correlation": 0.4139070359725541,
      "cohen_kappa": 0.4130450053942363,
      "cat_0_accuracy": 0.6585017496250803,
      "cat_1_accuracy": 0.7531645569620253,
      "cat_0_precision": 0.706265318627451,
      "cat_0_recall": 0.6585017496250803,
      "cat_0_f1": 0.6815477290365498,
      "cat_1_precision": 0.7098946431821399,
      "cat_1_recall": 0.7531645569620253,
      "cat_1_f1": 0.7308897471398382,
      "cross_entropy": 0.603436278986359
    },
    {
      "epoch": 3,
      "train_loss": 0.14162852257490158,
      "train_accuracy": 0.7092429288092958,
      "gradient_norm": 0.03384282378479839,
      "learning_rate": 0.001,
      "categorical_accuracy": 0.709712364165698,
      "ordinal_accuracy": 1.0,
      "quadratic_weighted_kappa": 0.4186498781982704,
      "mean_absolute_error": 0.2902876358343019,
      "kendall_tau": 0.41879454545172945,
      "spearman_correlation": 0.4187945454517295,
      "cohen_kappa": 0.41864987819827026,
      "cat_0_accuracy": 0.7076578828346307,
      "cat_1_accuracy": 0.711564042051062,
      "cat_0_precision": 0.6885944593718151,
      "cat_0_recall": 0.7076578828346307,
      "cat_0_f1": 0.6979960319789624,
      "cat_1_precision": 0.7297731423416287,
      "cat_1_recall": 0.711564042051062,
      "cat_1_f1": 0.7205535700707171,
      "cross_entropy": 0.6023739185280657
    },
    {
      "epoch": 4,
      "train_loss": 0.1409142842888832,
      "train_accuracy": 0.7112324381494133,
      "gradient_norm": 0.02428264602087438,
      "learning_rate": 0.001,
      "categorical_accuracy": 0.7129283787901014,
      "ordinal_accuracy": 1.0,
      "quadratic_weighted_kappa": 0.4235857134769804,
      "mean_absolute_error": 0.28707162120989854,
      "kendall_tau": 0.42370839643689506,
      "spearman_correlation": 0.42370839643689495,
      "cohen_kappa": 0.4235857134769804,
      "cat_0_accuracy": 0.684567592658716,
      "cat_1_accuracy": 0.7384895945076164,
      "cat_0_precision": 0.7023225144699246,
      "cat_0_recall": 0.684567592658716,
      "cat_0_f1": 0.693331404600029,
      "cat_1_precision": 0.7220380936398725,
      "cat_1_recall": 0.7384895945076164,
      "cat_1_f1": 0.7301711885619736,
      "cross_entropy": 0.597686470080491
    },
    {
      "epoch": 5,
      "train_loss": 0.1404961797595024,
      "train_accuracy": 0.7126016550659596,
      "gradient_norm": 0.02190111119300127,
      "learning_rate": 0.001,
      "categorical_accuracy": 0.713379749263702,
      "ordinal_accuracy": 1.0,
      "quadratic_weighted_kappa": 0.42470723356512463,
      "mean_absolute_error": 0.2866202507362981,
      "kendall_tau": 0.4247675462178431,
      "spearman_correlation": 0.424767546217843,
      "cohen_kappa": 0.42470723356512463,
      "cat_0_accuracy": 0.6888285843509724,
      "cat_1_accuracy": 0.7355074018450977,
      "cat_0_precision": 0.7012480310190233,
      "cat_0_recall": 0.6888285843509724,
      "cat_0_f1": 0.6949828277733746,
      "cat_1_precision": 0.7239515141276344,
      "cat_1_recall": 0.7355074018450977,
      "cat_1_f1": 0.7296837086543783,
      "cross_entropy": 0.5964050066893701
    },
    {
      "epoch": 6,
      "train_loss": 0.14033163338899612,
      "train_accuracy": 0.7125845041233725,
      "gradient_norm": 0.021050175298005343,
      "learning_rate": 0.001,
      "categorical_accuracy": 0.7141132262833026,
      "ordinal_accuracy": 1.0,
      "quadratic_weighted_kappa": 0.4254409651305343,
      "mean_absolute_error": 0.2858867737166973,
      "kendall_tau": 0.4258106408167935,
      "spearman_correlation": 0.42581064081679343,
      "cohen_kappa": 0.4254409651305344,
      "cat_0_accuracy": 0.6765931110000238,
      "cat_1_accuracy": 0.7479296288350139,
      "cat_0_precision": 0.7075326097779548,
      "cat_0_recall": 0.6765931110000238,
      "cat_0_f1": 0.6917170635548363,
      "cat_1_precision": 0.7195698392057299,
      "cat_1_recall": 0.7479296288350139,
      "cat_1_f1": 0.7334757040512535,
      "cross_entropy": 0.5945089006570998
    },
    {
      "epoch": 7,
      "train_loss": 0.14023143142461778,
      "train_accuracy": 0.7125416267669044,
      "gradient_norm": 0.02510088031180203,
      "learning_rate": 0.001,
      "categorical_accuracy": 0.7127252620769813,
      "ordinal_accuracy": 1.0,
      "quadratic_weighted_kappa": 0.4211759985337562,
      "mean_absolute_error": 0.2872747379230188,
      "kendall_tau": 0.42293044186537754,
      "spearman_correlation": 0.42293044186537754,
      "cohen_kappa": 0.4211759985337563,
      "cat_0_accuracy": 0.6493608512461615,
      "cat_1_accuracy": 0.7698347993992706,
      "cat_0_precision": 0.7177362064882785,
      "cat_0_recall": 0.6493608512461615,
      "cat_0_f1": 0.6818386322735452,
      "cat_1_precision": 0.7089623014304908,
      "cat_1_recall": 0.7698347993992706,
      "cat_1_f1": 0.7381456871901422,
      "cross_entropy": 0.599987575150428
    },
    {
      "epoch": 8,
      "train_loss": 0.14021139919757844,
      "train_accuracy": 0.712733145625795,