{
  "config": {
    "model": "attn_gpcm",
    "models": null,
    "dataset": "synthetic_4000_200_2",
    "epochs": 5,
    "batch_size": 64,
    "lr": 0.001,
    "n_folds": 5,
    "no_cv": false,
    "cv": false,
    "seed": 42,
    "device": null,
    "loss": "ce",
    "ce_weight": 0.4,
    "qwk_weight": 0.2,
    "coral_weight": 0.4,
    "focal_gamma": 2.0,
    "focal_alpha": null,
    "focal_weight": 0.0,
    "triple_coral": false,
    "triple_ce_weight": 0.33,
    "triple_qwk_weight": 0.33,
    "triple_coral_weight": 0.34,
    "enable_threshold_coupling": false,
    "coupling_type": "linear",
    "threshold_gpcm_weight": 0.7,
    "threshold_coral_weight": 0.3,
    "fold": 5
  },
  "metrics": {
    "epoch": 3,
    "train_loss": 0.5535335862636566,
    "train_accuracy": 0.7124276587641354,
    "gradient_norm": 0.15871146909892558,
    "learning_rate": 0.001,
    "categorical_accuracy": 0.7169238354567967,
    "ordinal_accuracy": 1.0,
    "quadratic_weighted_kappa": 0.43033167313119436,
    "mean_absolute_error": 0.2830761645432032,
    "kendall_tau": 0.4305300414596541,
    "spearman_correlation": 0.430530041459654,
    "cohen_kappa": 0.43033167313119436,
    "cat_0_accuracy": 0.6811427475793308,
    "cat_1_accuracy": 0.748342698402677,
    "cat_0_precision": 0.70384863044232,
    "cat_0_recall": 0.6811427475793308,
    "cat_0_f1": 0.6923095661494238,
    "cat_1_precision": 0.7277285471624747,
    "cat_1_recall": 0.748342698402677,
    "cat_1_f1": 0.7378916787715294,
    "cross_entropy": 0.54587352644532,
    "best_epoch": 3,
    "total_epochs": 5,
    "parameters": 194232,
    "model_type": "EnhancedAttentionGPCM"
  },
  "training_history": [
    {
      "epoch": 1,
      "train_loss": 0.6341215813159943,
      "train_accuracy": 0.6436243782447961,
      "gradient_norm": 0.2892573894560337,
      "learning_rate": 0.001,
      "categorical_accuracy": 0.6960926031756703,
      "ordinal_accuracy": 1.0,
      "quadratic_weighted_kappa": 0.3826384222492718,
      "mean_absolute_error": 0.3039073968243296,
      "kendall_tau": 0.3887080404483695,
      "spearman_correlation": 0.3887080404483695,
      "cohen_kappa": 0.3826384222492718,
      "cat_0_accuracy": 0.5823267184354328,
      "cat_1_accuracy": 0.795988804006987,
      "cat_0_precision": 0.7148068606395811,
      "cat_0_recall": 0.5823267184354328,
      "cat_0_f1": 0.6418014924387506,
      "cat_1_precision": 0.684579185520362,
      "cat_1_recall": 0.795988804006987,
      "cat_1_f1": 0.7360923253573618,
      "cross_entropy": 0.5777691325403845
    },
    {
      "epoch": 2,
      "train_loss": 0.5636053597927093,
      "train_accuracy": 0.7071558046235392,
      "gradient_norm": 0.17404609702527524,
      "learning_rate": 0.001,
      "categorical_accuracy": 0.7155119283737296,
      "ordinal_accuracy": 1.0,
      "quadratic_weighted_kappa": 0.42702397996097463,
      "mean_absolute_error": 0.28448807162627043,
      "kendall_tau": 0.42741794700681224,
      "spearman_correlation": 0.42741794700681224,
      "cohen_kappa": 0.42702397996097463,
      "cat_0_accuracy": 0.672969993289234,
      "cat_1_accuracy": 0.7528673948271145,
      "cat_0_precision": 0.7051127517452664,
      "cat_0_recall": 0.672969993289234,
      "cat_0_f1": 0.6886665195104603,
      "cat_1_precision": 0.7238916206317408,
      "cat_1_recall": 0.7528673948271145,
      "cat_1_f1": 0.7380952380952381,
      "cross_entropy": 0.5501089319010543
    },
    {
      "epoch": 3,
      "train_loss": 0.5535335862636566,
      "train_accuracy": 0.7124276587641354,
      "gradient_norm": 0.15871146909892558,
      "learning_rate": 0.001,
      "categorical_accuracy": 0.7169238354567967,
      "ordinal_accuracy": 1.0,
      "quadratic_weighted_kappa": 0.43033167313119436,
      "mean_absolute_error": 0.2830761645432032,
      "kendall_tau": 0.4305300414596541,
      "spearman_correlation": 0.430530041459654,
      "cohen_kappa": 0.43033167313119436,
      "cat_0_accuracy": 0.6811427475793308,
      "cat_1_accuracy": 0.748342698402677,
      "cat_0_precision": 0.70384863044232,
      "cat_0_recall": 0.6811427475793308,
      "cat_0_f1": 0.6923095661494238,
      "cat_1_precision": 0.7277285471624747,
      "cat_1_recall": 0.748342698402677,
      "cat_1_f1": 0.7378916787715294,
      "cross_entropy": 0.54587352644532
    },
    {
      "epoch": 4,
      "train_loss": 0.5505816566944123,
      "train_accuracy": 0.7141257627866088,
      "gradient_norm": 0.1019805482774973,
      "learning_rate": 0.001,
      "categorical_accuracy": 0.7163635548682781,
      "ordinal_accuracy": 1.0,
      "quadratic_weighted_kappa": 0.42858852226289457,
      "mean_absolute_error": 0.283636445131722,
      "kendall_tau": 0.4290626957327009,
      "spearman_correlation": 0.4290626957327009,
      "cohen_kappa": 0.42858852226289446,
      "cat_0_accuracy": 0.6717237081775477,
      "cat_1_accuracy": 0.7555611675821285,
      "cat_0_precision": 0.7070026739316886,
      "cat_0_recall": 0.6717237081775477,
      "cat_0_f1": 0.6889118304943097,
      "cat_1_precision": 0.7238452388152987,
      "cat_1_recall": 0.7555611675821285,
      "cat_1_f1": 0.7393632357181104,
      "cross_entropy": 0.5457325141326635
    },
    {
      "epoch": 5,
      "train_loss": 0.5500130236148835,
      "train_accuracy": 0.7141028541320054,
      "gradient_norm": 0.12608792431652546,
      "learning_rate": 0.001,
      "categorical_accuracy": 0.716632489550767,
      "ordinal_accuracy": 1.0,
      "quadratic_weighted_kappa": 0.4298154739275899,
      "mean_absolute_error": 0.283367510449233,
      "kendall_tau": 0.42998958904545187,
      "spearman_correlation": 0.42998958904545187,
      "cohen_kappa": 0.4298154739275899,
      "cat_0_accuracy": 0.6818377911993098,
      "cat_1_accuracy": 0.7471852179220069,
      "cat_0_precision": 0.7031041471009837,
      "cat_0_recall": 0.6818377911993098,
      "cat_0_f1": 0.6923076923076923,
      "cat_1_precision": 0.7278541995530864,
      "cat_1_recall": 0.7471852179220069,
      "cat_1_f1": 0.7373930381324251,
      "cross_entropy": 0.5461344814900055
    }
  ],
  "timestamp": "2025-08-02T01:11:35.161127"
}