{
  "config": {
    "model": "attn_gpcm",
    "models": null,
    "dataset": "synthetic_4000_200_2",
    "epochs": 5,
    "batch_size": 64,
    "lr": 0.001,
    "n_folds": 5,
    "no_cv": false,
    "cv": false,
    "seed": 42,
    "device": null,
    "loss": "ce",
    "ce_weight": 0.4,
    "qwk_weight": 0.2,
    "coral_weight": 0.4,
    "focal_gamma": 2.0,
    "focal_alpha": null,
    "focal_weight": 0.0,
    "triple_coral": false,
    "triple_ce_weight": 0.33,
    "triple_qwk_weight": 0.33,
    "triple_coral_weight": 0.34,
    "enable_threshold_coupling": false,
    "coupling_type": "linear",
    "threshold_gpcm_weight": 0.7,
    "threshold_coral_weight": 0.3,
    "fold": 2
  },
  "metrics": {
    "epoch": 5,
    "train_loss": 0.54870729804039,
    "train_accuracy": 0.7158379810812124,
    "gradient_norm": 0.1120076311379671,
    "learning_rate": 0.001,
    "categorical_accuracy": 0.7134009453651162,
    "ordinal_accuracy": 1.0,
    "quadratic_weighted_kappa": 0.42329039389877166,
    "mean_absolute_error": 0.2865990546348837,
    "kendall_tau": 0.42341045991919035,
    "spearman_correlation": 0.4234104599191903,
    "cohen_kappa": 0.42329039389877166,
    "cat_0_accuracy": 0.6801054464544839,
    "cat_1_accuracy": 0.7425097790464108,
    "cat_0_precision": 0.6978088786322241,
    "cat_0_recall": 0.6801054464544839,
    "cat_0_f1": 0.6888434357661641,
    "cat_1_precision": 0.7263983120966407,
    "cat_1_recall": 0.7425097790464108,
    "cat_1_f1": 0.7343656876378883,
    "cross_entropy": 0.5493666368135147,
    "best_epoch": 5,
    "total_epochs": 5,
    "parameters": 194232,
    "model_type": "EnhancedAttentionGPCM"
  },
  "training_history": [
    {
      "epoch": 1,
      "train_loss": 0.654891449213028,
      "train_accuracy": 0.6291311593975032,
      "gradient_norm": 0.4021724046766758,
      "learning_rate": 0.001,
      "categorical_accuracy": 0.6775943954965423,
      "ordinal_accuracy": 1.0,
      "quadratic_weighted_kappa": 0.3540227477538843,
      "mean_absolute_error": 0.3224056045034577,
      "kendall_tau": 0.3543099564934152,
      "spearman_correlation": 0.3543099564934151,
      "cohen_kappa": 0.3540227477538844,
      "cat_0_accuracy": 0.6759456321950276,
      "cat_1_accuracy": 0.679035838883603,
      "cat_0_precision": 0.6480326462473046,
      "cat_0_recall": 0.6759456321950276,
      "cat_0_f1": 0.6616948992033335,
      "cat_1_precision": 0.7056070659577273,
      "cat_1_recall": 0.679035838883603,
      "cat_1_f1": 0.6920665021711256,
      "cross_entropy": 0.5978174882066912
    },
    {
      "epoch": 2,
      "train_loss": 0.5670213294029236,
      "train_accuracy": 0.7045290170978042,
      "gradient_norm": 0.12351280279457569,
      "learning_rate": 0.001,
      "categorical_accuracy": 0.7107047369786672,
      "ordinal_accuracy": 1.0,
      "quadratic_weighted_kappa": 0.41708993242806325,
      "mean_absolute_error": 0.28929526302133274,
      "kendall_tau": 0.4174885535461646,
      "spearman_correlation": 0.41748855354616454,
      "cohen_kappa": 0.41708993242806325,
      "cat_0_accuracy": 0.6666586050111251,
      "cat_1_accuracy": 0.7492123903161011,
      "cat_0_precision": 0.6991579160959773,
      "cat_0_recall": 0.6666586050111251,
      "cat_0_f1": 0.6825216034862703,
      "cat_1_precision": 0.7199544872706585,
      "cat_1_recall": 0.7492123903161011,
      "cat_1_f1": 0.7342921087533156,
      "cross_entropy": 0.5527239209059379
    },
    {
      "epoch": 3,
      "train_loss": 0.5512553668022155,
      "train_accuracy": 0.7140370085560488,
      "gradient_norm": 0.1060463747382164,
      "learning_rate": 0.001,
      "categorical_accuracy": 0.7131414776124454,
      "ordinal_accuracy": 1.0,
      "quadratic_weighted_kappa": 0.421590515272093,
      "mean_absolute_error": 0.28685852238755455,
      "kendall_tau": 0.4222128282988532,
      "spearman_correlation": 0.4222128282988532,
      "cohen_kappa": 0.421590515272093,
      "cat_0_accuracy": 0.6636596691496566,
      "cat_1_accuracy": 0.7564013109208162,
      "cat_0_precision": 0.7043016272265284,
      "cat_0_recall": 0.6636596691496566,
      "cat_0_f1": 0.6833769144564812,
      "cat_1_precision": 0.7200740725830801,
      "cat_1_recall": 0.7564013109208162,
      "cat_1_f1": 0.7377907935984162,
      "cross_entropy": 0.5502076454720359
    },
    {
      "epoch": 4,
      "train_loss": 0.5492066180706024,
      "train_accuracy": 0.7152233634734185,
      "gradient_norm": 0.09834279753267765,
      "learning_rate": 0.001,
      "categorical_accuracy": 0.7135476010514085,
      "ordinal_accuracy": 1.0,
      "quadratic_weighted_kappa": 0.42311370425856076,
      "mean_absolute_error": 0.28645239894859154,
      "kendall_tau": 0.4233886476215683,
      "spearman_correlation": 0.4233886476215683,
      "cohen_kappa": 0.42311370425856076,
      "cat_0_accuracy": 0.6737689851988005,
      "cat_1_accuracy": 0.7483243471825775,
      "cat_0_precision": 0.7006438307932197,
      "cat_0_recall": 0.6737689851988005,
      "cat_0_f1": 0.6869436567624214,
      "cat_1_precision": 0.7240441071172848,
      "cat_1_recall": 0.7483243471825775,
      "cat_1_f1": 0.735984029279654,
      "cross_entropy": 0.5491759653226114
    },
    {
      "epoch": 5,
      "train_loss": 0.54870729804039,
      "train_accuracy": 0.7158379810812124,
      "gradient_norm": 0.1120076311379671,
      "learning_rate": 0.001,
      "categorical_accuracy": 0.7134009453651162,
      "ordinal_accuracy": 1.0,
      "quadratic_weighted_kappa": 0.42329039389877166,
      "mean_absolute_error": 0.2865990546348837,
      "kendall_tau": 0.42341045991919035,
      "spearman_correlation": 0.4234104599191903,
      "cohen_kappa": 0.42329039389877166,
      "cat_0_accuracy": 0.6801054464544839,
      "cat_1_accuracy": 0.7425097790464108,
      "cat_0_precision": 0.6978088786322241,
      "cat_0_recall": 0.6801054464544839,
      "cat_0_f1": 0.6888434357661641,
      "cat_1_precision": 0.7263983120966407,
      "cat_1_recall": 0.7425097790464108,
      "cat_1_f1": 0.7343656876378883,
      "cross_entropy": 0.5493666368135147
    }
  ],
  "timestamp": "2025-08-02T01:05:35.568082"
}