{
  "config": {
    "model": "deep_gpcm",
    "models": null,
    "dataset": "synthetic_OC",
    "epochs": 5,
    "batch_size": 64,
    "lr": 0.001,
    "n_folds": 5,
    "no_cv": false,
    "cv": false,
    "seed": 42,
    "device": null,
    "loss": "focal",
    "ce_weight": 0.4,
    "qwk_weight": 0.2,
    "coral_weight": 0.4,
    "focal_gamma": 2.0,
    "focal_alpha": null,
    "focal_weight": 0.0,
    "triple_coral": false,
    "triple_ce_weight": 0.33,
    "triple_qwk_weight": 0.33,
    "triple_coral_weight": 0.34,
    "enable_threshold_coupling": false,
    "coupling_type": "linear",
    "threshold_gpcm_weight": 0.7,
    "threshold_coral_weight": 0.3,
    "fold": 3
  },
  "metrics": {
    "epoch": 5,
    "train_loss": 0.6190588559423175,
    "train_accuracy": 0.48250091141086404,
    "gradient_norm": 0.11580153022493635,
    "learning_rate": 0.001,
    "categorical_accuracy": 0.5132831086439333,
    "ordinal_accuracy": 0.7841660058154903,
    "quadratic_weighted_kappa": 0.5699242246642863,
    "mean_absolute_error": 0.778416600581549,
    "kendall_tau": 0.5124311772874921,
    "spearman_correlation": 0.5759834188318801,
    "cohen_kappa": 0.3065306356258979,
    "cat_0_accuracy": 0.8319581404709196,
    "cat_1_accuracy": 0.05909849749582638,
    "cat_2_accuracy": 0.06377816291161179,
    "cat_3_accuracy": 0.7639505019845902,
    "cat_0_precision": 0.5357698289269052,
    "cat_0_recall": 0.8319581404709196,
    "cat_0_f1": 0.651793456838786,
    "cat_1_precision": 0.2735703245749614,
    "cat_1_recall": 0.05909849749582638,
    "cat_1_f1": 0.09719934102141681,
    "cat_2_precision": 0.25662482566248257,
    "cat_2_recall": 0.06377816291161179,
    "cat_2_f1": 0.10216546363131594,
    "cat_3_precision": 0.5406477197620622,
    "cat_3_recall": 0.7639505019845902,
    "cat_3_f1": 0.6331881954523464,
    "cross_entropy": 1.1418446161966926,
    "best_epoch": 5,
    "total_epochs": 5,
    "parameters": 278555,
    "model_type": "DeepGPCM"
  },
  "training_history": [
    {
      "epoch": 1,
      "train_loss": 0.768552439553397,
      "train_accuracy": 0.3093494183541577,
      "gradient_norm": 0.33027222965444836,
      "learning_rate": 0.001,
      "categorical_accuracy": 0.41402326196140626,
      "ordinal_accuracy": 0.7061194818926778,
      "quadratic_weighted_kappa": 0.3667203417917462,
      "mean_absolute_error": 0.99649748876553,
      "kendall_tau": 0.33027236598854753,
      "spearman_correlation": 0.38280419179092134,
      "cohen_kappa": 0.17581629482360528,
      "cat_0_accuracy": 0.7438116321191387,
      "cat_1_accuracy": 0.10484140233722872,
      "cat_2_accuracy": 0.12582322357019063,
      "cat_3_accuracy": 0.4417464394116274,
      "cat_0_precision": 0.4492524614075605,
      "cat_0_recall": 0.7438116321191387,
      "cat_0_f1": 0.5601697484086087,
      "cat_1_precision": 0.19873417721518988,
      "cat_1_recall": 0.10484140233722872,
      "cat_1_f1": 0.13726775956284154,
      "cat_2_precision": 0.22659176029962547,
      "cat_2_recall": 0.12582322357019063,
      "cat_2_f1": 0.16180075774459549,
      "cat_3_precision": 0.5081923180230996,
      "cat_3_recall": 0.4417464394116274,
      "cat_3_f1": 0.47264551586310266,
      "cross_entropy": 1.3046722856906556
    },
    {
      "epoch": 2,
      "train_loss": 0.6812260065759931,
      "train_accuracy": 0.4223146521724721,
      "gradient_norm": 0.2961948364973068,
      "learning_rate": 0.001,
      "categorical_accuracy": 0.4839413164155432,
      "ordinal_accuracy": 0.7560798308220988,
      "quadratic_weighted_kappa": 0.5049133817922746,
      "mean_absolute_error": 0.8543484007401533,
      "kendall_tau": 0.4515201499328592,
      "spearman_correlation": 0.5109457754700935,
      "cohen_kappa": 0.2655473998183252,
      "cat_0_accuracy": 0.8009659891326223,
      "cat_1_accuracy": 0.060434056761268784,
      "cat_2_accuracy": 0.07209705372616984,
      "cat_3_accuracy": 0.689703478869951,
      "cat_0_precision": 0.4991847485262762,
      "cat_0_recall": 0.8009659891326223,
      "cat_0_f1": 0.6150517694328542,
      "cat_1_precision": 0.23722149410222804,
      "cat_1_recall": 0.060434056761268784,
      "cat_1_f1": 0.09632783395423097,
      "cat_2_precision": 0.24046242774566473,
      "cat_2_recall": 0.07209705372616984,
      "cat_2_f1": 0.11093333333333333,
      "cat_3_precision": 0.5340806364129452,
      "cat_3_recall": 0.689703478869951,
      "cat_3_f1": 0.6019971469329529,
      "cross_entropy": 1.1991336613533616
    },
    {
      "epoch": 3,
      "train_loss": 0.657317076410566,
      "train_accuracy": 0.45646770291320055,
      "gradient_norm": 0.3314876024212156,
      "learning_rate": 0.001,
      "categorical_accuracy": 0.4955722971186889,
      "ordinal_accuracy": 0.7660586835844568,
      "quadratic_weighted_kappa": 0.5293198370470569,
      "mean_absolute_error": 0.8276500132170235,
      "kendall_tau": 0.4743725428037097,
      "spearman_correlation": 0.5341860977901333,
      "cohen_kappa": 0.2809452824044518,
      "cat_0_accuracy": 0.8116321191386597,
      "cat_1_accuracy": 0.054757929883138566,
      "cat_2_accuracy": 0.06031195840554593,
      "cat_3_accuracy": 0.7303292084987159,
      "cat_0_precision": 0.5118669881964716,
      "cat_0_recall": 0.8116321191386597,
      "cat_0_f1": 0.6278019925280199,
      "cat_1_precision": 0.2526964560862866,
      "cat_1_recall": 0.054757929883138566,
      "cat_1_f1": 0.09001097694840834,
      "cat_2_precision": 0.2354533152909337,
      "cat_2_recall": 0.06031195840554593,
      "cat_2_f1": 0.09602649006622517,
      "cat_3_precision": 0.5333333333333333,
      "cat_3_recall": 0.7303292084987159,
      "cat_3_f1": 0.6164761529365392,
      "cross_entropy": 1.1726053234640732
    },
    {
      "epoch": 4,
      "train_loss": 0.6335992387362889,
      "train_accuracy": 0.4692937394359195,
      "gradient_norm": 0.1878192839877946,
      "learning_rate": 0.001,
      "categorical_accuracy": 0.5059476605868358,
      "ordinal_accuracy": 0.777887919640497,
      "quadratic_weighted_kappa": 0.5527663367441349,
      "mean_absolute_error": 0.796325667459688,
      "kendall_tau": 0.49632742689017023,
      "spearman_correlation": 0.5593574648828856,
      "cohen_kappa": 0.29590406470599406,
      "cat_0_accuracy": 0.8377943248138459,
      "cat_1_accuracy": 0.06010016694490818,
      "cat_2_accuracy": 0.07590987868284228,
      "cat_3_accuracy": 0.7223908475367733,
      "cat_0_precision": 0.5180438028870085,
      "cat_0_recall": 0.8377943248138459,
      "cat_0_f1": 0.6402153018069973,
      "cat_1_precision": 0.2553191489361702,
      "cat_1_recall": 0.06010016694490818,
      "cat_1_f1": 0.0972972972972973,
      "cat_2_precision": 0.2765151515151515,
      "cat_2_recall": 0.07590987868284228,
      "cat_2_f1": 0.11911884688604842,
      "cat_3_precision": 0.5525986783354171,
      "cat_3_recall": 0.7223908475367733,
      "cat_3_f1": 0.6261890305606153,
      "cross_entropy": 1.173485742640436
    },
    {
      "epoch": 5,
      "train_loss": 0.6190588559423175,
      "train_accuracy": 0.48250091141086404,
      "gradient_norm": 0.11580153022493635,
      "learning_rate": 0.001,
      "categorical_accuracy": 0.5132831086439333,
      "ordinal_accuracy": 0.7841660058154903,
      "quadratic_weighted_kappa": 0.5699242246642863,
      "mean_absolute_error": 0.778416600581549,
      "kendall_tau": 0.5124311772874921,
      "spearman_correlation": 0.5759834188318801,
      "cohen_kappa": 0.3065306356258979,
      "cat_0_accuracy": 0.8319581404709196,
      "cat_1_accuracy": 0.05909849749582638,
      "cat_2_accuracy": 0.06377816291161179,
      "cat_3_accuracy": 0.7639505019845902,
      "cat_0_precision": 0.5357698289269052,
      "cat_0_recall": 0.8319581404709196,
      "cat_0_f1": 0.651793456838786,
      "cat_1_precision": 0.2735703245749614,
      "cat_1_recall": 0.05909849749582638,
      "cat_1_f1": 0.09719934102141681,
      "cat_2_precision": 0.25662482566248257,