{
  "config": {
    "model": "coral_gpcm_proper",
    "models": null,
    "dataset": "synthetic_OC",
    "epochs": 5,
    "batch_size": 64,
    "lr": 0.001,
    "n_folds": 5,
    "no_cv": false,
    "cv": false,
    "seed": 42,
    "device": null,
    "loss": "combined",
    "ce_weight": 0.0,
    "qwk_weight": 0.2,
    "coral_weight": 0.4,
    "focal_gamma": 2.0,
    "focal_alpha": null,
    "focal_weight": 0.4,
    "triple_coral": false,
    "triple_ce_weight": 0.33,
    "triple_qwk_weight": 0.33,
    "triple_coral_weight": 0.34,
    "enable_threshold_coupling": false,
    "coupling_type": "linear",
    "threshold_gpcm_weight": 0.7,
    "threshold_coral_weight": 0.3,
    "fold": 4
  },
  "metrics": {
    "epoch": 5,
    "train_loss": 0.37615380542618887,
    "train_accuracy": 0.488113420545853,
    "gradient_norm": 0.3233639182788985,
    "learning_rate": 0.001,
    "categorical_accuracy": 0.5028211520797795,
    "ordinal_accuracy": 0.8208240388400473,
    "quadratic_weighted_kappa": 0.5953219123025246,
    "mean_absolute_error": 0.7207059441018239,
    "kendall_tau": 0.518543257957936,
    "spearman_correlation": 0.5967077708280707,
    "cohen_kappa": 0.3134489663233292,
    "cat_0_accuracy": 0.7122261748736192,
    "cat_1_accuracy": 0.16820349761526232,
    "cat_2_accuracy": 0.23460508701472557,
    "cat_3_accuracy": 0.6979830148619958,
    "cat_0_precision": 0.619039869812856,
    "cat_0_recall": 0.7122261748736192,
    "cat_0_f1": 0.6623715827964478,
    "cat_1_precision": 0.28875545851528384,
    "cat_1_recall": 0.16820349761526232,
    "cat_1_f1": 0.2125778581474784,
    "cat_2_precision": 0.2914760914760915,
    "cat_2_recall": 0.23460508701472557,
    "cat_2_f1": 0.25996662340070464,
    "cat_3_precision": 0.5411522633744856,
    "cat_3_recall": 0.6979830148619958,
    "cat_3_f1": 0.6096430227167362,
    "cross_entropy": 1.1202586791933802,
    "best_epoch": 5,
    "total_epochs": 5,
    "parameters": 281258,
    "model_type": "CORALGPCM"
  },
  "training_history": [
    {
      "epoch": 1,
      "train_loss": 0.5527891601834979,
      "train_accuracy": 0.3484959160634836,
      "gradient_norm": 0.1742949496422495,
      "learning_rate": 0.001,
      "categorical_accuracy": 0.424681800288676,
      "ordinal_accuracy": 0.6590998556619866,
      "quadratic_weighted_kappa": 0.34286463394937994,
      "mean_absolute_error": 1.0833880068232515,
      "kendall_tau": 0.32563997143758106,
      "spearman_correlation": 0.3578695835578183,
      "cohen_kappa": 0.18543996503081106,
      "cat_0_accuracy": 0.6614866129938214,
      "cat_1_accuracy": 0.003179650238473768,
      "cat_2_accuracy": 0.009705488621151271,
      "cat_3_accuracy": 0.7699044585987261,
      "cat_0_precision": 0.5075420198247378,
      "cat_0_recall": 0.6614866129938214,
      "cat_0_f1": 0.5743781498943261,
      "cat_1_precision": 0.12345679012345678,
      "cat_1_recall": 0.003179650238473768,
      "cat_1_f1": 0.006199628022318661,
      "cat_2_precision": 0.232,
      "cat_2_recall": 0.009705488621151271,
      "cat_2_f1": 0.018631545133311916,
      "cat_3_precision": 0.3592569659442724,
      "cat_3_recall": 0.7699044585987261,
      "cat_3_f1": 0.4899096512707929,
      "cross_entropy": 1.3094332563198683
    },
    {
      "epoch": 2,
      "train_loss": 0.4791174360683986,
      "train_accuracy": 0.4429576997144565,
      "gradient_norm": 0.38634716400078367,
      "learning_rate": 0.001,
      "categorical_accuracy": 0.4761842277916284,
      "ordinal_accuracy": 0.7248392599396405,
      "quadratic_weighted_kappa": 0.466728846212617,
      "mean_absolute_error": 0.9092638761317412,
      "kendall_tau": 0.42906944678264713,
      "spearman_correlation": 0.47529831321162064,
      "cohen_kappa": 0.24921491611929536,
      "cat_0_accuracy": 0.8092117580977345,
      "cat_1_accuracy": 0.006359300476947536,
      "cat_2_accuracy": 0.03480589022757698,
      "cat_3_accuracy": 0.7462845010615711,
      "cat_0_precision": 0.5154442456768038,
      "cat_0_recall": 0.8092117580977345,
      "cat_0_f1": 0.629753752003497,
      "cat_1_precision": 0.15037593984962405,
      "cat_1_recall": 0.006359300476947536,
      "cat_1_f1": 0.012202562538133009,
      "cat_2_precision": 0.26463104325699743,
      "cat_2_recall": 0.03480589022757698,
      "cat_2_f1": 0.06152026027802426,
      "cat_3_precision": 0.44416363923550783,
      "cat_3_recall": 0.7462845010615711,
      "cat_3_f1": 0.556886820477275,
      "cross_entropy": 1.2040012489554912
    },
    {
      "epoch": 3,
      "train_loss": 0.4300264034952436,
      "train_accuracy": 0.4681087721628262,
      "gradient_norm": 0.355145479951586,
      "learning_rate": 0.001,
      "categorical_accuracy": 0.4844508594672615,
      "ordinal_accuracy": 0.7653851200629839,
      "quadratic_weighted_kappa": 0.5163322915404869,
      "mean_absolute_error": 0.8296155360188951,
      "kendall_tau": 0.45847618724676126,
      "spearman_correlation": 0.5215657525098665,
      "cohen_kappa": 0.2730182865724833,
      "cat_0_accuracy": 0.7715783561130874,
      "cat_1_accuracy": 0.06613672496025437,
      "cat_2_accuracy": 0.12951807228915663,
      "cat_3_accuracy": 0.7080679405520169,
      "cat_0_precision": 0.5512306046013912,
      "cat_0_recall": 0.7715783561130874,
      "cat_0_f1": 0.6430521963017867,
      "cat_1_precision": 0.23963133640552994,
      "cat_1_recall": 0.06613672496025437,
      "cat_1_f1": 0.10366309494144033,
      "cat_2_precision": 0.27841726618705037,
      "cat_2_recall": 0.12951807228915663,
      "cat_2_f1": 0.17679305619004113,
      "cat_3_precision": 0.4843863471314452,
      "cat_3_recall": 0.7080679405520169,
      "cat_3_f1": 0.5752479517033204,
      "cross_entropy": 1.177057746647406
    },
    {
      "epoch": 4,
      "train_loss": 0.399127938917705,
      "train_accuracy": 0.4789328640679992,
      "gradient_norm": 0.25276421116931097,
      "learning_rate": 0.001,
      "categorical_accuracy": 0.48346673664873374,
      "ordinal_accuracy": 0.8088833486419105,
      "quadratic_weighted_kappa": 0.5641667653654827,
      "mean_absolute_error": 0.7573809211389582,
      "kendall_tau": 0.48757355807954367,
      "spearman_correlation": 0.5639581399780336,
      "cohen_kappa": 0.2879808605407457,
      "cat_0_accuracy": 0.6841415465268676,
      "cat_1_accuracy": 0.16470588235294117,
      "cat_2_accuracy": 0.24062918340026773,
      "cat_3_accuracy": 0.6576433121019108,
      "cat_0_precision": 0.6019769357495881,
      "cat_0_recall": 0.6841415465268676,
      "cat_0_f1": 0.6404346683025152,
      "cat_1_precision": 0.2730627306273063,
      "cat_1_recall": 0.16470588235294117,
      "cat_1_f1": 0.20547401824672748,
      "cat_2_precision": 0.278358497870693,
      "cat_2_recall": 0.24062918340026773,
      "cat_2_f1": 0.2581224196733082,
      "cat_3_precision": 0.5281329923273658,
      "cat_3_recall": 0.6576433121019108,
      "cat_3_f1": 0.5858156028368794,
      "cross_entropy": 1.155050039890745
    },
    {
      "epoch": 5,
      "train_loss": 0.37615380542618887,
      "train_accuracy": 0.488113420545853,
      "gradient_norm": 0.3233639182788985,
      "learning_rate": 0.001,
      "categorical_accuracy": 0.5028211520797795,
      "ordinal_accuracy": 0.8208240388400473,
      "quadratic_weighted_kappa": 0.5953219123025246,
      "mean_absolute_error": 0.7207059441018239,
      "kendall_tau": 0.518543257957936,
      "spearman_correlation": 0.5967077708280707,
      "cohen_kappa": 0.3134489663233292,
      "cat_0_accuracy": 0.7122261748736192,
      "cat_1_accuracy": 0.16820349761526232,
      "cat_2_accuracy": 0.23460508701472557,
      "cat_3_accuracy": 0.6979830148619958,
      "cat_0_precision": 0.619039869812856,
      "cat_0_recall": 0.7122261748736192,
      "cat_0_f1": 0.6623715827964478,
      "cat_1_precision": 0.28875545851528384,
      "cat_1_recall": 0.16820349761526232,
      "cat_1_f1": 0.2125778581474784,
      "cat_2_precision": 0.2914760914760915,