{
  "config": {
    "model": "attn_gpcm",
    "models": null,
    "dataset": "synthetic_OC",
    "epochs": 5,
    "batch_size": 64,
    "lr": 0.001,
    "n_folds": 5,
    "no_cv": false,
    "cv": false,
    "seed": 42,
    "device": null,
    "loss": "ce",
    "ce_weight": 0.4,
    "qwk_weight": 0.2,
    "coral_weight": 0.4,
    "focal_gamma": 2.0,
    "focal_alpha": null,
    "focal_weight": 0.0,
    "triple_coral": false,
    "triple_ce_weight": 0.33,
    "triple_qwk_weight": 0.33,
    "triple_coral_weight": 0.34,
    "enable_threshold_coupling": false,
    "coupling_type": "linear",
    "threshold_gpcm_weight": 0.7,
    "threshold_coral_weight": 0.3,
    "fold": 4
  },
  "metrics": {
    "epoch": 5,
    "train_loss": 1.217669061252049,
    "train_accuracy": 0.46133541403811673,
    "gradient_norm": 0.4730499599661146,
    "learning_rate": 0.001,
    "categorical_accuracy": 0.47834929799238946,
    "ordinal_accuracy": 0.7268731137645978,
    "quadratic_weighted_kappa": 0.4677453573501884,
    "mean_absolute_error": 0.9092638761317412,
    "kendall_tau": 0.4316471395403325,
    "spearman_correlation": 0.4760138028036407,
    "cohen_kappa": 0.25392076371868366,
    "cat_0_accuracy": 0.7914248268114585,
    "cat_1_accuracy": 0.024165341812400636,
    "cat_2_accuracy": 0.017737617135207495,
    "cat_3_accuracy": 0.7789278131634819,
    "cat_0_precision": 0.5218518518518519,
    "cat_0_recall": 0.7914248268114585,
    "cat_0_f1": 0.6289710587009895,
    "cat_1_precision": 0.2878787878787879,
    "cat_1_recall": 0.024165341812400636,
    "cat_1_f1": 0.04458785567615137,
    "cat_2_precision": 0.33125,
    "cat_2_recall": 0.017737617135207495,
    "cat_2_f1": 0.033672172808132145,
    "cat_3_precision": 0.4368859779696338,
    "cat_3_recall": 0.7789278131634819,
    "cat_3_f1": 0.5597940110623689,
    "cross_entropy": 1.197853517807451,
    "best_epoch": 5,
    "total_epochs": 5,
    "parameters": 194464,
    "model_type": "EnhancedAttentionGPCM"
  },
  "training_history": [
    {
      "epoch": 1,
      "train_loss": 1.3165861368179321,
      "train_accuracy": 0.3994787170462846,
      "gradient_norm": 0.8871964450393405,
      "learning_rate": 0.001,
      "categorical_accuracy": 0.4568954205484845,
      "ordinal_accuracy": 0.7011547041070726,
      "quadratic_weighted_kappa": 0.4235718801418984,
      "mean_absolute_error": 0.976840309670647,
      "kendall_tau": 0.39832587023760346,
      "spearman_correlation": 0.438733939638994,
      "cohen_kappa": 0.23010126434751144,
      "cat_0_accuracy": 0.7152218685639393,
      "cat_1_accuracy": 0.019395866454689985,
      "cat_2_accuracy": 0.009036144578313253,
      "cat_3_accuracy": 0.8110403397027601,
      "cat_0_precision": 0.5345647914917436,
      "cat_0_recall": 0.7152218685639393,
      "cat_0_f1": 0.6118363097621526,
      "cat_1_precision": 0.2772727272727273,
      "cat_1_recall": 0.019395866454689985,
      "cat_1_f1": 0.036255572065378903,
      "cat_2_precision": 0.2109375,
      "cat_2_recall": 0.009036144578313253,
      "cat_2_f1": 0.017329910141206675,
      "cat_3_precision": 0.39442436757873,
      "cat_3_recall": 0.8110403397027601,
      "cat_3_f1": 0.5307398402222994,
      "cross_entropy": 1.2300717792218152
    },
    {
      "epoch": 2,
      "train_loss": 1.2470401184899467,
      "train_accuracy": 0.4490670031210572,
      "gradient_norm": 0.28396134291376385,
      "learning_rate": 0.001,
      "categorical_accuracy": 0.4650964440362157,
      "ordinal_accuracy": 0.7067970082666317,
      "quadratic_weighted_kappa": 0.4170139242377445,
      "mean_absolute_error": 0.95532082403884,
      "kendall_tau": 0.3895313610346738,
      "spearman_correlation": 0.42899177316571896,
      "cohen_kappa": 0.22392908631339636,
      "cat_0_accuracy": 0.8466579292267365,
      "cat_1_accuracy": 0.014626391096979332,
      "cat_2_accuracy": 0.01572958500669344,
      "cat_3_accuracy": 0.6565817409766455,
      "cat_0_precision": 0.4741532976827095,
      "cat_0_recall": 0.8466579292267365,
      "cat_0_f1": 0.6078774028767308,
      "cat_1_precision": 0.22660098522167488,
      "cat_1_recall": 0.014626391096979332,
      "cat_1_f1": 0.027479091995221028,
      "cat_2_precision": 0.32413793103448274,
      "cat_2_recall": 0.01572958500669344,
      "cat_2_f1": 0.03000319182891797,
      "cat_3_precision": 0.4618256486839649,
      "cat_3_recall": 0.6565817409766455,
      "cat_3_f1": 0.5422465753424658,
      "cross_entropy": 1.220209173175428
    },
    {
      "epoch": 3,
      "train_loss": 1.2366635969706945,
      "train_accuracy": 0.45378179161962945,
      "gradient_norm": 0.2801118918827602,
      "learning_rate": 0.001,
      "categorical_accuracy": 0.46778637974019155,
      "ordinal_accuracy": 0.7117176223592704,
      "quadratic_weighted_kappa": 0.4404750315239633,
      "mean_absolute_error": 0.9450203385382496,
      "kendall_tau": 0.40845671336106054,
      "spearman_correlation": 0.44933048238900236,
      "cohen_kappa": 0.2373182906634712,
      "cat_0_accuracy": 0.7869312862759783,
      "cat_1_accuracy": 0.013354531001589825,
      "cat_2_accuracy": 0.008701472556894244,
      "cat_3_accuracy": 0.7587579617834395,
      "cat_0_precision": 0.5100109210047324,
      "cat_0_recall": 0.7869312862759783,
      "cat_0_f1": 0.6189073774112797,
      "cat_1_precision": 0.2413793103448276,
      "cat_1_recall": 0.013354531001589825,
      "cat_1_f1": 0.025308827960228986,
      "cat_2_precision": 0.24074074074074073,
      "cat_2_recall": 0.008701472556894244,
      "cat_2_f1": 0.016795865633074936,
      "cat_3_precision": 0.42550974847447537,
      "cat_3_recall": 0.7587579617834395,
      "cat_3_f1": 0.5452464956612949,
      "cross_entropy": 1.2082062901041046
    },
    {
      "epoch": 4,
      "train_loss": 1.2273849759783064,
      "train_accuracy": 0.45728468025765323,
      "gradient_norm": 0.20404999809605734,
      "learning_rate": 0.001,
      "categorical_accuracy": 0.47067314000787297,
      "ordinal_accuracy": 0.7178847920220444,
      "quadratic_weighted_kappa": 0.441644495496747,
      "mean_absolute_error": 0.9321611337094869,
      "kendall_tau": 0.407733151767924,
      "spearman_correlation": 0.44948414520387525,
      "cohen_kappa": 0.23599097173956174,
      "cat_0_accuracy": 0.8277476128065905,
      "cat_1_accuracy": 0.0178060413354531,
      "cat_2_accuracy": 0.014390896921017403,
      "cat_3_accuracy": 0.7043524416135881,
      "cat_0_precision": 0.49002438483706495,
      "cat_0_recall": 0.8277476128065905,
      "cat_0_f1": 0.6156095523219384,
      "cat_1_precision": 0.25925925925925924,
      "cat_1_recall": 0.0178060413354531,
      "cat_1_f1": 0.03332341565010413,
      "cat_2_precision": 0.26380368098159507,
      "cat_2_recall": 0.014390896921017403,
      "cat_2_f1": 0.02729292288162488,
      "cat_3_precision": 0.45437425098442047,
      "cat_3_recall": 0.7043524416135881,
      "cat_3_f1": 0.5523987927984182,
      "cross_entropy": 1.1977392618072398
    },
    {
      "epoch": 5,
      "train_loss": 1.217669061252049,
      "train_accuracy": 0.46133541403811673,
      "gradient_norm": 0.4730499599661146,
      "learning_rate": 0.001,
      "categorical_accuracy": 0.47834929799238946,
      "ordinal_accuracy": 0.7268731137645978,
      "quadratic_weighted_kappa": 0.4677453573501884,
      "mean_absolute_error": 0.9092638761317412,
      "kendall_tau": 0.4316471395403325,
      "spearman_correlation": 0.4760138028036407,
      "cohen_kappa": 0.25392076371868366,
      "cat_0_accuracy": 0.7914248268114585,
      "cat_1_accuracy": 0.024165341812400636,
      "cat_2_accuracy": 0.017737617135207495,
      "cat_3_accuracy": 0.7789278131634819,
      "cat_0_precision": 0.5218518518518519,
      "cat_0_recall": 0.7914248268114585,
      "cat_0_f1": 0.6289710587009895,
      "cat_1_precision": 0.2878787878787879,
      "cat_1_recall": 0.024165341812400636,
      "cat_1_f1": 0.04458785567615137,
      "cat_2_precision": 0.33125,