{
  "config": {
    "model": "coral_gpcm_proper",
    "models": null,
    "dataset": "synthetic_OC",
    "epochs": 5,
    "batch_size": 64,
    "lr": 0.001,
    "n_folds": 5,
    "no_cv": false,
    "cv": false,
    "seed": 42,
    "device": null,
    "loss": "combined",
    "ce_weight": 0.0,
    "qwk_weight": 0.2,
    "coral_weight": 0.4,
    "focal_gamma": 2.0,
    "focal_alpha": null,
    "focal_weight": 0.4,
    "triple_coral": false,
    "triple_ce_weight": 0.33,
    "triple_qwk_weight": 0.33,
    "triple_coral_weight": 0.34,
    "enable_threshold_coupling": false,
    "coupling_type": "linear",
    "threshold_gpcm_weight": 0.7,
    "threshold_coral_weight": 0.3,
    "fold": 2
  },
  "metrics": {
    "epoch": 5,
    "train_loss": 0.38053888933999197,
    "train_accuracy": 0.4861780328569784,
    "gradient_norm": 0.17228042760065623,
    "learning_rate": 0.001,
    "categorical_accuracy": 0.484695616606449,
    "ordinal_accuracy": 0.803735769309428,
    "quadratic_weighted_kappa": 0.5562787262122966,
    "mean_absolute_error": 0.7667871020519463,
    "kendall_tau": 0.4845427629343782,
    "spearman_correlation": 0.5579504845755171,
    "cohen_kappa": 0.28916290898874353,
    "cat_0_accuracy": 0.7178247734138973,
    "cat_1_accuracy": 0.15669971218420212,
    "cat_2_accuracy": 0.21147933037239494,
    "cat_3_accuracy": 0.6676712328767124,
    "cat_0_precision": 0.5777273464094667,
    "cat_0_recall": 0.7178247734138973,
    "cat_0_f1": 0.6402011855577511,
    "cat_1_precision": 0.3017241379310345,
    "cat_1_recall": 0.15669971218420212,
    "cat_1_f1": 0.20627236371290256,
    "cat_2_precision": 0.277205553067622,
    "cat_2_recall": 0.21147933037239494,
    "cat_2_f1": 0.23992248062015503,
    "cat_3_precision": 0.5248761576566875,
    "cat_3_recall": 0.6676712328767124,
    "cat_3_f1": 0.5877245870010852,
    "cross_entropy": 1.1560326591820336,
    "best_epoch": 5,
    "total_epochs": 5,
    "parameters": 281258,
    "model_type": "CORALGPCM"
  },
  "training_history": [
    {
      "epoch": 1,
      "train_loss": 0.5531343306813922,
      "train_accuracy": 0.33786117186600667,
      "gradient_norm": 0.20889868480818613,
      "learning_rate": 0.001,
      "categorical_accuracy": 0.4204103892562547,
      "ordinal_accuracy": 0.6658940623082691,
      "quadratic_weighted_kappa": 0.3170394423125259,
      "mean_absolute_error": 1.0766923443997545,
      "kendall_tau": 0.3012641185529855,
      "spearman_correlation": 0.33073535683857175,
      "cohen_kappa": 0.16263241140619467,
      "cat_0_accuracy": 0.831017119838872,
      "cat_1_accuracy": 0.004796929964822514,
      "cat_2_accuracy": 0.0061496412709258624,
      "cat_3_accuracy": 0.5501369863013699,
      "cat_0_precision": 0.42387507704951716,
      "cat_0_recall": 0.831017119838872,
      "cat_0_f1": 0.5613987346077964,
      "cat_1_precision": 0.19736842105263158,
      "cat_1_recall": 0.004796929964822514,
      "cat_1_f1": 0.009366219169528567,
      "cat_2_precision": 0.21428571428571427,
      "cat_2_recall": 0.0061496412709258624,
      "cat_2_f1": 0.01195616074393889,
      "cat_3_precision": 0.4205235602094241,
      "cat_3_recall": 0.5501369863013699,
      "cat_3_f1": 0.4766765578635015,
      "cross_entropy": 1.3077848671236132
    },
    {
      "epoch": 2,
      "train_loss": 0.47788816690444946,
      "train_accuracy": 0.45215346412537616,
      "gradient_norm": 0.21291576538767135,
      "learning_rate": 0.001,
      "categorical_accuracy": 0.45545026927534255,
      "ordinal_accuracy": 0.7065239620969391,
      "quadratic_weighted_kappa": 0.4185167029252783,
      "mean_absolute_error": 0.9661871974913082,
      "kendall_tau": 0.3913470721701785,
      "spearman_correlation": 0.42977587050782207,
      "cohen_kappa": 0.21899015728471283,
      "cat_0_accuracy": 0.8408862034239678,
      "cat_1_accuracy": 0.006076111288775184,
      "cat_2_accuracy": 0.007857874957294158,
      "cat_3_accuracy": 0.675068493150685,
      "cat_0_precision": 0.46831183398766124,
      "cat_0_recall": 0.8408862034239678,
      "cat_0_f1": 0.6015850144092219,
      "cat_1_precision": 0.2159090909090909,
      "cat_1_recall": 0.006076111288775184,
      "cat_1_f1": 0.01181959564541213,
      "cat_2_precision": 0.23469387755102042,
      "cat_2_recall": 0.007857874957294158,
      "cat_2_f1": 0.015206611570247934,
      "cat_3_precision": 0.4425287356321839,
      "cat_3_recall": 0.675068493150685,
      "cat_3_f1": 0.5346062052505967,
      "cross_entropy": 1.246979712960211
    },
    {
      "epoch": 3,
      "train_loss": 0.4355401481900896,
      "train_accuracy": 0.4715255965399859,
      "gradient_norm": 0.2674412354826927,
      "learning_rate": 0.001,
      "categorical_accuracy": 0.46185834071852205,
      "ordinal_accuracy": 0.7541073011111868,
      "quadratic_weighted_kappa": 0.47957531868995484,
      "mean_absolute_error": 0.8710886904356125,
      "kendall_tau": 0.4237687533992907,
      "spearman_correlation": 0.4845106463549317,
      "cohen_kappa": 0.24591947840175044,
      "cat_0_accuracy": 0.7558912386706949,
      "cat_1_accuracy": 0.11000959385992964,
      "cat_2_accuracy": 0.09395285275025624,
      "cat_3_accuracy": 0.6583561643835616,
      "cat_0_precision": 0.5182270091135046,
      "cat_0_recall": 0.7558912386706949,
      "cat_0_f1": 0.614893094126321,
      "cat_1_precision": 0.26522744795682346,
      "cat_1_recall": 0.11000959385992964,
      "cat_1_f1": 0.15551537070524413,
      "cat_2_precision": 0.2589453860640301,
      "cat_2_recall": 0.09395285275025624,
      "cat_2_f1": 0.1378791677112058,
      "cat_3_precision": 0.47415153906866614,
      "cat_3_recall": 0.6583561643835616,
      "cat_3_f1": 0.5512732278045424,
      "cross_entropy": 1.2100485956517193
    },
    {
      "epoch": 4,
      "train_loss": 0.40616554021835327,
      "train_accuracy": 0.47774178164416453,
      "gradient_norm": 0.16874999127217702,
      "learning_rate": 0.001,
      "categorical_accuracy": 0.4699706864816961,
      "ordinal_accuracy": 0.7975322107846479,
      "quadratic_weighted_kappa": 0.5302764229490264,
      "mean_absolute_error": 0.7917376780966664,
      "kendall_tau": 0.45830191477277343,
      "spearman_correlation": 0.5302757353420049,
      "cohen_kappa": 0.27113038539966705,
      "cat_0_accuracy": 0.6835850956696878,
      "cat_1_accuracy": 0.19859290054365206,
      "cat_2_accuracy": 0.19781346088144858,
      "cat_3_accuracy": 0.6301369863013698,
      "cat_0_precision": 0.5716691931952165,
      "cat_0_recall": 0.6835850956696878,
      "cat_0_f1": 0.6226380480645753,
      "cat_1_precision": 0.2895104895104895,
      "cat_1_recall": 0.19859290054365206,
      "cat_1_f1": 0.23558421851289832,
      "cat_2_precision": 0.27453769559032715,
      "cat_2_recall": 0.19781346088144858,
      "cat_2_f1": 0.22994440031771246,
      "cat_3_precision": 0.5136221527467619,
      "cat_3_recall": 0.6301369863013698,
      "cat_3_f1": 0.5659448818897638,
      "cross_entropy": 1.185577232920795
    },
    {
      "epoch": 5,
      "train_loss": 0.38053888933999197,
      "train_accuracy": 0.4861780328569784,
      "gradient_norm": 0.17228042760065623,
      "learning_rate": 0.001,
      "categorical_accuracy": 0.484695616606449,
      "ordinal_accuracy": 0.803735769309428,
      "quadratic_weighted_kappa": 0.5562787262122966,
      "mean_absolute_error": 0.7667871020519463,
      "kendall_tau": 0.4845427629343782,
      "spearman_correlation": 0.5579504845755171,
      "cohen_kappa": 0.28916290898874353,
      "cat_0_accuracy": 0.7178247734138973,
      "cat_1_accuracy": 0.15669971218420212,
      "cat_2_accuracy": 0.21147933037239494,
      "cat_3_accuracy": 0.6676712328767124,
      "cat_0_precision": 0.5777273464094667,
      "cat_0_recall": 0.7178247734138973,
      "cat_0_f1": 0.6402011855577511,
      "cat_1_precision": 0.3017241379310345,
      "cat_1_recall": 0.15669971218420212,
      "cat_1_f1": 0.20627236371290256,