{
  "config": {
    "model": "attn_gpcm",
    "models": null,
    "dataset": "synthetic_OC",
    "epochs": 5,
    "batch_size": 64,
    "lr": 0.001,
    "n_folds": 5,
    "no_cv": false,
    "cv": false,
    "seed": 42,
    "device": null,
    "loss": "ce",
    "ce_weight": 0.4,
    "qwk_weight": 0.2,
    "coral_weight": 0.4,
    "focal_gamma": 2.0,
    "focal_alpha": null,
    "focal_weight": 0.0,
    "triple_coral": false,
    "triple_ce_weight": 0.33,
    "triple_qwk_weight": 0.33,
    "triple_coral_weight": 0.34,
    "enable_threshold_coupling": false,
    "coupling_type": "linear",
    "threshold_gpcm_weight": 0.7,
    "threshold_coral_weight": 0.3,
    "fold": 3
  },
  "metrics": {
    "epoch": 5,
    "train_loss": 1.2121415649141585,
    "train_accuracy": 0.45875451562655356,
    "gradient_norm": 0.2505671041352408,
    "learning_rate": 0.001,
    "categorical_accuracy": 0.5009251916468411,
    "ordinal_accuracy": 0.7490748083531589,
    "quadratic_weighted_kappa": 0.5147492832874743,
    "mean_absolute_error": 0.8548770816812054,
    "kendall_tau": 0.4761508858785429,
    "spearman_correlation": 0.5240350096734652,
    "cohen_kappa": 0.28122702668595256,
    "cat_0_accuracy": 0.8329643791507345,
    "cat_1_accuracy": 0.014023372287145243,
    "cat_2_accuracy": 0.012131715771230503,
    "cat_3_accuracy": 0.7854307728227877,
    "cat_0_precision": 0.5075413856529737,
    "cat_0_recall": 0.8329643791507345,
    "cat_0_f1": 0.63075281926242,
    "cat_1_precision": 0.24705882352941178,
    "cat_1_recall": 0.014023372287145243,
    "cat_1_f1": 0.026540284360189573,
    "cat_2_precision": 0.24822695035460993,
    "cat_2_recall": 0.012131715771230503,
    "cat_2_f1": 0.023132848645076007,
    "cat_3_precision": 0.5046504650465047,
    "cat_3_recall": 0.7854307728227877,
    "cat_3_f1": 0.6144853411270436,
    "cross_entropy": 1.1332619547638698,
    "best_epoch": 5,
    "total_epochs": 5,
    "parameters": 194464,
    "model_type": "EnhancedAttentionGPCM"
  },
  "training_history": [
    {
      "epoch": 1,
      "train_loss": 1.3488788264138358,
      "train_accuracy": 0.3944917641600106,
      "gradient_norm": 2.08545212660517,
      "learning_rate": 0.001,
      "categorical_accuracy": 0.48936029606132697,
      "ordinal_accuracy": 0.7352630187681735,
      "quadratic_weighted_kappa": 0.4855189896801876,
      "mean_absolute_error": 0.8889770023790642,
      "kendall_tau": 0.44792599545414663,
      "spearman_correlation": 0.4945885174537352,
      "cohen_kappa": 0.26522252028784554,
      "cat_0_accuracy": 0.8176695512175488,
      "cat_1_accuracy": 0.021368948247078464,
      "cat_2_accuracy": 0.01386481802426343,
      "cat_3_accuracy": 0.7560121410226477,
      "cat_0_precision": 0.49579011592434413,
      "cat_0_recall": 0.8176695512175488,
      "cat_0_f1": 0.6172895776359769,
      "cat_1_precision": 0.24060150375939848,
      "cat_1_recall": 0.021368948247078464,
      "cat_1_f1": 0.03925176326280282,
      "cat_2_precision": 0.23121387283236994,
      "cat_2_recall": 0.01386481802426343,
      "cat_2_f1": 0.026160889470241987,
      "cat_3_precision": 0.49830717143736536,
      "cat_3_recall": 0.7560121410226477,
      "cat_3_f1": 0.6006863927279473,
      "cross_entropy": 1.1966279129369546
    },
    {
      "epoch": 2,
      "train_loss": 1.2565972294126238,
      "train_accuracy": 0.44258111556689755,
      "gradient_norm": 0.43458010256290436,
      "learning_rate": 0.001,
      "categorical_accuracy": 0.49206978588421885,
      "ordinal_accuracy": 0.7366508062384352,
      "quadratic_weighted_kappa": 0.4902056152833266,
      "mean_absolute_error": 0.8853423209093312,
      "kendall_tau": 0.45304637368702366,
      "spearman_correlation": 0.49854974111100553,
      "cohen_kappa": 0.26899125055114204,
      "cat_0_accuracy": 0.8106258804588449,
      "cat_1_accuracy": 0.01702838063439065,
      "cat_2_accuracy": 0.010051993067590987,
      "cat_3_accuracy": 0.7793602614989493,
      "cat_0_precision": 0.504193265740393,
      "cat_0_recall": 0.8106258804588449,
      "cat_0_f1": 0.6217008797653959,
      "cat_1_precision": 0.26288659793814434,
      "cat_1_recall": 0.01702838063439065,
      "cat_1_f1": 0.03198494825964252,
      "cat_2_precision": 0.2457627118644068,
      "cat_2_recall": 0.010051993067590987,
      "cat_2_f1": 0.019314019314019316,
      "cat_3_precision": 0.48865466256770607,
      "cat_3_recall": 0.7793602614989493,
      "cat_3_f1": 0.6006838222062264,
      "cross_entropy": 1.1788386494489367
    },
    {
      "epoch": 3,
      "train_loss": 1.2408714975629533,
      "train_accuracy": 0.44826500513704304,
      "gradient_norm": 0.21623142489365169,
      "learning_rate": 0.001,
      "categorical_accuracy": 0.4947792757071108,
      "ordinal_accuracy": 0.7397568067671161,
      "quadratic_weighted_kappa": 0.4949812833965552,
      "mean_absolute_error": 0.8776103621464446,
      "kendall_tau": 0.45822625933204886,
      "spearman_correlation": 0.5040463577325843,
      "cohen_kappa": 0.2719244844543818,
      "cat_0_accuracy": 0.8297444153753271,
      "cat_1_accuracy": 0.01736227045075125,
      "cat_2_accuracy": 0.011438474870017331,
      "cat_3_accuracy": 0.7655848704179313,
      "cat_0_precision": 0.4972862139669521,
      "cat_0_recall": 0.8297444153753271,
      "cat_0_f1": 0.6218702865761689,
      "cat_1_precision": 0.2708333333333333,
      "cat_1_recall": 0.01736227045075125,
      "cat_1_f1": 0.03263256981487292,
      "cat_2_precision": 0.28205128205128205,
      "cat_2_recall": 0.011438474870017331,
      "cat_2_f1": 0.021985343104596936,
      "cat_3_precision": 0.5019902020820576,
      "cat_3_recall": 0.7655848704179313,
      "cat_3_f1": 0.606380027739251,
      "cross_entropy": 1.173507510570506
    },
    {
      "epoch": 4,
      "train_loss": 1.226407221385411,
      "train_accuracy": 0.45303748384317105,
      "gradient_norm": 0.24464410756315505,
      "learning_rate": 0.001,
      "categorical_accuracy": 0.4972905101771081,
      "ordinal_accuracy": 0.742862807295797,
      "quadratic_weighted_kappa": 0.5026504806930525,
      "mean_absolute_error": 0.869217552207243,
      "kendall_tau": 0.4653681548149261,
      "spearman_correlation": 0.5117297595137705,
      "cohen_kappa": 0.27561376169380425,
      "cat_0_accuracy": 0.82994566311129,
      "cat_1_accuracy": 0.014691151919866445,
      "cat_2_accuracy": 0.010051993067590987,
      "cat_3_accuracy": 0.7770254494513191,
      "cat_0_precision": 0.501093560145808,
      "cat_0_recall": 0.82994566311129,
      "cat_0_f1": 0.6248958254413213,
      "cat_1_precision": 0.24719101123595505,
      "cat_1_recall": 0.014691151919866445,
      "cat_1_f1": 0.027734005672864798,
      "cat_2_precision": 0.26126126126126126,
      "cat_2_recall": 0.010051993067590987,
      "cat_2_f1": 0.019359145527369826,
      "cat_3_precision": 0.5032511719340692,
      "cat_3_recall": 0.7770254494513191,
      "cat_3_f1": 0.6108663729809104,
      "cross_entropy": 1.156442144822323
    },
    {
      "epoch": 5,
      "train_loss": 1.2121415649141585,
      "train_accuracy": 0.45875451562655356,
      "gradient_norm": 0.2505671041352408,
      "learning_rate": 0.001,
      "categorical_accuracy": 0.5009251916468411,
      "ordinal_accuracy": 0.7490748083531589,
      "quadratic_weighted_kappa": 0.5147492832874743,
      "mean_absolute_error": 0.8548770816812054,
      "kendall_tau": 0.4761508858785429,
      "spearman_correlation": 0.5240350096734652,
      "cohen_kappa": 0.28122702668595256,
      "cat_0_accuracy": 0.8329643791507345,
      "cat_1_accuracy": 0.014023372287145243,
      "cat_2_accuracy": 0.012131715771230503,
      "cat_3_accuracy": 0.7854307728227877,
      "cat_0_precision": 0.5075413856529737,
      "cat_0_recall": 0.8329643791507345,
      "cat_0_f1": 0.63075281926242,
      "cat_1_precision": 0.24705882352941178,
      "cat_1_recall": 0.014023372287145243,
      "cat_1_f1": 0.026540284360189573,