{
  "config": {
    "model": "coral_gpcm_proper",
    "models": null,
    "dataset": "synthetic_OC",
    "epochs": 5,
    "batch_size": 64,
    "lr": 0.001,
    "n_folds": 5,
    "no_cv": false,
    "cv": false,
    "seed": 42,
    "device": null,
    "loss": "combined",
    "ce_weight": 0.0,
    "qwk_weight": 0.2,
    "coral_weight": 0.4,
    "focal_gamma": 2.0,
    "focal_alpha": null,
    "focal_weight": 0.4,
    "triple_coral": false,
    "triple_ce_weight": 0.33,
    "triple_qwk_weight": 0.33,
    "triple_coral_weight": 0.34,
    "enable_threshold_coupling": false,
    "coupling_type": "linear",
    "threshold_gpcm_weight": 0.7,
    "threshold_coral_weight": 0.3,
    "fold": 3
  },
  "metrics": {
    "epoch": 5,
    "train_loss": 0.3724114000797272,
    "train_accuracy": 0.4820203493189275,
    "gradient_norm": 0.17765149580580847,
    "learning_rate": 0.001,
    "categorical_accuracy": 0.5168517049960349,
    "ordinal_accuracy": 0.8275178429817605,
    "quadratic_weighted_kappa": 0.6164628728376526,
    "mean_absolute_error": 0.701229183187946,
    "kendall_tau": 0.5395588145525353,
    "spearman_correlation": 0.617933054881585,
    "cohen_kappa": 0.3299444110321952,
    "cat_0_accuracy": 0.7488428255182129,
    "cat_1_accuracy": 0.1315525876460768,
    "cat_2_accuracy": 0.24124783362218372,
    "cat_3_accuracy": 0.7027784263366799,
    "cat_0_precision": 0.59536,
    "cat_0_recall": 0.7488428255182129,
    "cat_0_f1": 0.6633389785185846,
    "cat_1_precision": 0.2962406015037594,
    "cat_1_recall": 0.1315525876460768,
    "cat_1_f1": 0.1821965317919075,
    "cat_2_precision": 0.2769598089932352,
    "cat_2_recall": 0.24124783362218372,
    "cat_2_f1": 0.2578732864023712,
    "cat_3_precision": 0.5973407422107561,
    "cat_3_recall": 0.7027784263366799,
    "cat_3_f1": 0.6457841664878782,
    "cross_entropy": 1.0984411955235023,
    "best_epoch": 5,
    "total_epochs": 5,
    "parameters": 281258,
    "model_type": "CORALGPCM"
  },
  "training_history": [
    {
      "epoch": 1,
      "train_loss": 0.55841121503285,
      "train_accuracy": 0.33612832664965364,
      "gradient_norm": 0.16419591967548644,
      "learning_rate": 0.001,
      "categorical_accuracy": 0.4557890563045202,
      "ordinal_accuracy": 0.6923076923076923,
      "quadratic_weighted_kappa": 0.3886214421960248,
      "mean_absolute_error": 1.0031720856463124,
      "kendall_tau": 0.36900711372791917,
      "spearman_correlation": 0.4050291346881567,
      "cohen_kappa": 0.210788396501285,
      "cat_0_accuracy": 0.8406117931173275,
      "cat_1_accuracy": 0.003005008347245409,
      "cat_2_accuracy": 0.011438474870017331,
      "cat_3_accuracy": 0.6252626663553584,
      "cat_0_precision": 0.43729061976549416,
      "cat_0_recall": 0.8406117931173275,
      "cat_0_f1": 0.5753047310791268,
      "cat_1_precision": 0.1875,
      "cat_1_recall": 0.003005008347245409,
      "cat_1_f1": 0.005915215248110417,
      "cat_2_precision": 0.21153846153846154,
      "cat_2_recall": 0.011438474870017331,
      "cat_2_f1": 0.021703387043735613,
      "cat_3_precision": 0.49813988095238093,
      "cat_3_recall": 0.6252626663553584,
      "cat_3_f1": 0.5545087483176312,
      "cross_entropy": 1.2824236661273287
    },
    {
      "epoch": 2,
      "train_loss": 0.48061289531844004,
      "train_accuracy": 0.4437079508169556,
      "gradient_norm": 0.17015180098158972,
      "learning_rate": 0.001,
      "categorical_accuracy": 0.49378799894263814,
      "ordinal_accuracy": 0.7429288924134285,
      "quadratic_weighted_kappa": 0.4988367605563713,
      "mean_absolute_error": 0.8723896378535554,
      "kendall_tau": 0.4618803235437502,
      "spearman_correlation": 0.5096350509700983,
      "cohen_kappa": 0.2706305696785224,
      "cat_0_accuracy": 0.8392030589655867,
      "cat_1_accuracy": 0.002003338898163606,
      "cat_2_accuracy": 0.02980935875216638,
      "cat_3_accuracy": 0.7494746672892832,
      "cat_0_precision": 0.4912818096135721,
      "cat_0_recall": 0.8392030589655867,
      "cat_0_f1": 0.619751802036115,
      "cat_1_precision": 0.13636363636363635,
      "cat_1_recall": 0.002003338898163606,
      "cat_1_f1": 0.003948667324777887,
      "cat_2_precision": 0.23180592991913745,
      "cat_2_recall": 0.02980935875216638,
      "cat_2_f1": 0.052825552825552825,
      "cat_3_precision": 0.5153315138866592,
      "cat_3_recall": 0.7494746672892832,
      "cat_3_f1": 0.610730593607306,
      "cross_entropy": 1.1850969074409712
    },
    {
      "epoch": 3,
      "train_loss": 0.4405921186719622,
      "train_accuracy": 0.46182017035097606,
      "gradient_norm": 0.34070036879607607,
      "learning_rate": 0.001,
      "categorical_accuracy": 0.49834787205921227,
      "ordinal_accuracy": 0.7814565159925985,
      "quadratic_weighted_kappa": 0.55266569808314,
      "mean_absolute_error": 0.7926249008723235,
      "kendall_tau": 0.49213237644594837,
      "spearman_correlation": 0.5604513250102231,
      "cohen_kappa": 0.2949865865361385,
      "cat_0_accuracy": 0.7454216140068424,
      "cat_1_accuracy": 0.07946577629382304,
      "cat_2_accuracy": 0.12616984402079723,
      "cat_3_accuracy": 0.7553116974083586,
      "cat_0_precision": 0.5588412794206397,
      "cat_0_recall": 0.7454216140068424,
      "cat_0_f1": 0.6387858929033371,
      "cat_1_precision": 0.2780373831775701,
      "cat_1_recall": 0.07946577629382304,
      "cat_1_f1": 0.12360425863412101,
      "cat_2_precision": 0.23067173637515842,
      "cat_2_recall": 0.12616984402079723,
      "cat_2_f1": 0.16311897826574054,
      "cat_3_precision": 0.5329489291598023,
      "cat_3_recall": 0.7553116974083586,
      "cat_3_f1": 0.6249396310248237,
      "cross_entropy": 1.1570178758150722
    },
    {
      "epoch": 4,
      "train_loss": 0.4061034321784973,
      "train_accuracy": 0.4727405296125675,
      "gradient_norm": 0.3550607604639871,
      "learning_rate": 0.001,
      "categorical_accuracy": 0.5004625958234206,
      "ordinal_accuracy": 0.8224953740417658,
      "quadratic_weighted_kappa": 0.5947857933001583,
      "mean_absolute_error": 0.7248876553000264,
      "kendall_tau": 0.5166361978125227,
      "spearman_correlation": 0.5950569378690217,
      "cohen_kappa": 0.3099635254813857,
      "cat_0_accuracy": 0.7244918494666935,
      "cat_1_accuracy": 0.17762938230383973,
      "cat_2_accuracy": 0.21629116117850952,
      "cat_3_accuracy": 0.6577165538174177,
      "cat_0_precision": 0.5872756933115824,
      "cat_0_recall": 0.7244918494666935,
      "cat_0_f1": 0.6487070907288945,
      "cat_1_precision": 0.28449197860962566,
      "cat_1_recall": 0.17762938230383973,
      "cat_1_f1": 0.218705035971223,
      "cat_2_precision": 0.25710754017305315,
      "cat_2_recall": 0.21629116117850952,
      "cat_2_f1": 0.23493975903614459,
      "cat_3_precision": 0.5987247608926674,
      "cat_3_recall": 0.6577165538174177,
      "cat_3_f1": 0.6268357810413885,
      "cross_entropy": 1.1321976658251112
    },
    {
      "epoch": 5,
      "train_loss": 0.3724114000797272,
      "train_accuracy": 0.4820203493189275,
      "gradient_norm": 0.17765149580580847,
      "learning_rate": 0.001,
      "categorical_accuracy": 0.5168517049960349,
      "ordinal_accuracy": 0.8275178429817605,
      "quadratic_weighted_kappa": 0.6164628728376526,
      "mean_absolute_error": 0.701229183187946,
      "kendall_tau": 0.5395588145525353,
      "spearman_correlation": 0.617933054881585,
      "cohen_kappa": 0.3299444110321952,
      "cat_0_accuracy": 0.7488428255182129,
      "cat_1_accuracy": 0.1315525876460768,
      "cat_2_accuracy": 0.24124783362218372,
      "cat_3_accuracy": 0.7027784263366799,
      "cat_0_precision": 0.59536,
      "cat_0_recall": 0.7488428255182129,
      "cat_0_f1": 0.6633389785185846,
      "cat_1_precision": 0.2962406015037594,
      "cat_1_recall": 0.1315525876460768,
      "cat_1_f1": 0.1821965317919075,
      "cat_2_precision": 0.2769598089932352,
      "cat_2_recall": 0.24124783362218372,