{
  "config": {
    "model": "attn_gpcm",
    "models": null,
    "dataset": "synthetic_OC",
    "epochs": 5,
    "batch_size": 64,
    "lr": 0.001,
    "n_folds": 5,
    "no_cv": false,
    "cv": false,
    "seed": 42,
    "device": null,
    "loss": "ce",
    "ce_weight": 0.4,
    "qwk_weight": 0.2,
    "coral_weight": 0.4,
    "focal_gamma": 2.0,
    "focal_alpha": null,
    "focal_weight": 0.0,
    "triple_coral": false,
    "triple_ce_weight": 0.33,
    "triple_qwk_weight": 0.33,
    "triple_coral_weight": 0.34,
    "enable_threshold_coupling": false,
    "coupling_type": "linear",
    "threshold_gpcm_weight": 0.7,
    "threshold_coral_weight": 0.3,
    "fold": 5
  },
  "metrics": {
    "epoch": 5,
    "train_loss": 1.1854793855122157,
    "train_accuracy": 0.4728332362001499,
    "gradient_norm": 0.2559820647750582,
    "learning_rate": 0.001,
    "categorical_accuracy": 0.46164818777151007,
    "ordinal_accuracy": 0.7213901316216041,
    "quadratic_weighted_kappa": 0.4623956474217603,
    "mean_absolute_error": 0.9268624781170979,
    "kendall_tau": 0.4275853111378615,
    "spearman_correlation": 0.4744145480418103,
    "cohen_kappa": 0.24484097662937554,
    "cat_0_accuracy": 0.778899871078642,
    "cat_1_accuracy": 0.031459987782529016,
    "cat_2_accuracy": 0.016848673946957878,
    "cat_3_accuracy": 0.7780885780885781,
    "cat_0_precision": 0.4776021080368906,
    "cat_0_recall": 0.778899871078642,
    "cat_0_f1": 0.5921267559621038,
    "cat_1_precision": 0.30029154518950435,
    "cat_1_recall": 0.031459987782529016,
    "cat_1_f1": 0.05695327619574233,
    "cat_2_precision": 0.20454545454545456,
    "cat_2_recall": 0.016848673946957878,
    "cat_2_f1": 0.031132891323147883,
    "cat_3_precision": 0.46194298367008024,
    "cat_3_recall": 0.7780885780885781,
    "cat_3_f1": 0.5797151788815561,
    "cross_entropy": 1.1964492489699126,
    "best_epoch": 5,
    "total_epochs": 5,
    "parameters": 194464,
    "model_type": "EnhancedAttentionGPCM"
  },
  "training_history": [
    {
      "epoch": 1,
      "train_loss": 1.3173271758215768,
      "train_accuracy": 0.4113895595703938,
      "gradient_norm": 2.2643615901470184,
      "learning_rate": 0.001,
      "categorical_accuracy": 0.4349348375802373,
      "ordinal_accuracy": 0.6838487972508591,
      "quadratic_weighted_kappa": 0.3912588891309824,
      "mean_absolute_error": 1.016922777669714,
      "kendall_tau": 0.36511379923750814,
      "spearman_correlation": 0.4049565166479438,
      "cohen_kappa": 0.20851655880855424,
      "cat_0_accuracy": 0.6873657069187795,
      "cat_1_accuracy": 0.020158827122785584,
      "cat_2_accuracy": 0.020904836193447737,
      "cat_3_accuracy": 0.786946386946387,
      "cat_0_precision": 0.47618338791306936,
      "cat_0_recall": 0.6873657069187795,
      "cat_0_f1": 0.5626099190995427,
      "cat_1_precision": 0.2490566037735849,
      "cat_1_recall": 0.020158827122785584,
      "cat_1_f1": 0.03729867194122634,
      "cat_2_precision": 0.24723247232472326,
      "cat_2_recall": 0.020904836193447737,
      "cat_2_f1": 0.03855005753739931,
      "cat_3_precision": 0.41326967805116904,
      "cat_3_recall": 0.786946386946387,
      "cat_3_f1": 0.5419375551809936,
      "cross_entropy": 1.2838667468871043
    },
    {
      "epoch": 2,
      "train_loss": 1.232409051486424,
      "train_accuracy": 0.4587294979602031,
      "gradient_norm": 0.5042321362665722,
      "learning_rate": 0.001,
      "categorical_accuracy": 0.4414834986708163,
      "ordinal_accuracy": 0.6926667963431239,
      "quadratic_weighted_kappa": 0.40730649445173617,
      "mean_absolute_error": 0.996498735654542,
      "kendall_tau": 0.3777983961071584,
      "spearman_correlation": 0.4180741729558628,
      "cohen_kappa": 0.21588665106526472,
      "cat_0_accuracy": 0.745595186935969,
      "cat_1_accuracy": 0.01740989615149664,
      "cat_2_accuracy": 0.01591263650546022,
      "cat_3_accuracy": 0.7531468531468531,
      "cat_0_precision": 0.4596635315935886,
      "cat_0_recall": 0.745595186935969,
      "cat_0_f1": 0.5687126116528722,
      "cat_1_precision": 0.24358974358974358,
      "cat_1_recall": 0.01740989615149664,
      "cat_1_f1": 0.03249714937286203,
      "cat_2_precision": 0.2328767123287671,
      "cat_2_recall": 0.01591263650546022,
      "cat_2_f1": 0.029789719626168224,
      "cat_3_precision": 0.435386066567848,
      "cat_3_recall": 0.7531468531468531,
      "cat_3_f1": 0.5517889164033815,
      "cross_entropy": 1.2478761189106955
    },
    {
      "epoch": 3,
      "train_loss": 1.2215559141976493,
      "train_accuracy": 0.4634085421696778,
      "gradient_norm": 0.3518397446189608,
      "learning_rate": 0.001,
      "categorical_accuracy": 0.44109446929909873,
      "ordinal_accuracy": 0.6938987226868962,
      "quadratic_weighted_kappa": 0.4056690199530413,
      "mean_absolute_error": 0.9961097062828244,
      "kendall_tau": 0.37949318391291686,
      "spearman_correlation": 0.4196099374644125,
      "cohen_kappa": 0.2131952880204082,
      "cat_0_accuracy": 0.8076923076923077,
      "cat_1_accuracy": 0.016493585827733658,
      "cat_2_accuracy": 0.0124804992199688,
      "cat_3_accuracy": 0.6876456876456877,
      "cat_0_precision": 0.43211863432578457,
      "cat_0_recall": 0.8076923076923077,
      "cat_0_f1": 0.5630195461694001,
      "cat_1_precision": 0.21686746987951808,
      "cat_1_recall": 0.016493585827733658,
      "cat_1_f1": 0.03065569117229634,
      "cat_2_precision": 0.24242424242424243,
      "cat_2_recall": 0.0124804992199688,
      "cat_2_f1": 0.02373887240356083,
      "cat_3_precision": 0.4675118858954041,
      "cat_3_recall": 0.6876456876456877,
      "cat_3_f1": 0.5566037735849056,
      "cross_entropy": 1.2383745142043994
    },
    {
      "epoch": 4,
      "train_loss": 1.1991005114146642,
      "train_accuracy": 0.4670885022063109,
      "gradient_norm": 0.2606378900153296,
      "learning_rate": 0.001,
      "categorical_accuracy": 0.45056085067755947,
      "ordinal_accuracy": 0.7036892952084549,
      "quadratic_weighted_kappa": 0.42972413316814073,
      "mean_absolute_error": 0.9688776502625949,
      "kendall_tau": 0.39879889968566584,
      "spearman_correlation": 0.4409138007127364,
      "cohen_kappa": 0.22835680034246109,
      "cat_0_accuracy": 0.7642887838418565,
      "cat_1_accuracy": 0.021686010995723884,
      "cat_2_accuracy": 0.01341653666146646,
      "cat_3_accuracy": 0.764102564102564,
      "cat_0_precision": 0.46527141922825377,
      "cat_0_recall": 0.7642887838418565,
      "cat_0_f1": 0.5784210098381982,
      "cat_1_precision": 0.29957805907172996,
      "cat_1_recall": 0.021686010995723884,
      "cat_1_f1": 0.04044431785816007,
      "cat_2_precision": 0.22279792746113988,
      "cat_2_recall": 0.01341653666146646,
      "cat_2_f1": 0.025309005297233667,
      "cat_3_precision": 0.44610778443113774,
      "cat_3_recall": 0.764102564102564,
      "cat_3_f1": 0.5633270321361059,
      "cross_entropy": 1.2237852532498705
    },
    {
      "epoch": 5,
      "train_loss": 1.1854793855122157,
      "train_accuracy": 0.4728332362001499,
      "gradient_norm": 0.2559820647750582,
      "learning_rate": 0.001,
      "categorical_accuracy": 0.46164818777151007,
      "ordinal_accuracy": 0.7213901316216041,
      "quadratic_weighted_kappa": 0.4623956474217603,
      "mean_absolute_error": 0.9268624781170979,
      "kendall_tau": 0.4275853111378615,
      "spearman_correlation": 0.4744145480418103,
      "cohen_kappa": 0.24484097662937554,
      "cat_0_accuracy": 0.778899871078642,
      "cat_1_accuracy": 0.031459987782529016,
      "cat_2_accuracy": 0.016848673946957878,
      "cat_3_accuracy": 0.7780885780885781,
      "cat_0_precision": 0.4776021080368906,
      "cat_0_recall": 0.778899871078642,
      "cat_0_f1": 0.5921267559621038,
      "cat_1_precision": 0.30029154518950435,
      "cat_1_recall": 0.031459987782529016,
      "cat_1_f1": 0.05695327619574233,