{
  "config": {
    "model": "deep_gpcm",
    "models": null,
    "dataset": "synthetic_OC",
    "epochs": 5,
    "batch_size": 64,
    "lr": 0.001,
    "n_folds": 5,
    "no_cv": false,
    "cv": false,
    "seed": 42,
    "device": null,
    "loss": "focal",
    "ce_weight": 0.4,
    "qwk_weight": 0.2,
    "coral_weight": 0.4,
    "focal_gamma": 2.0,
    "focal_alpha": null,
    "focal_weight": 0.0,
    "triple_coral": false,
    "triple_ce_weight": 0.33,
    "triple_qwk_weight": 0.33,
    "triple_coral_weight": 0.34,
    "enable_threshold_coupling": false,
    "coupling_type": "linear",
    "threshold_gpcm_weight": 0.7,
    "threshold_coral_weight": 0.3,
    "fold": 5
  },
  "metrics": {
    "epoch": 5,
    "train_loss": 0.6047820278576442,
    "train_accuracy": 0.49546249271501125,
    "gradient_norm": 0.19209470174142293,
    "learning_rate": 0.001,
    "categorical_accuracy": 0.4815535239577255,
    "ordinal_accuracy": 0.7691110678856253,
    "quadratic_weighted_kappa": 0.5397761795653173,
    "mean_absolute_error": 0.8275951501004992,
    "kendall_tau": 0.4880321594753626,
    "spearman_correlation": 0.549853899194607,
    "cohen_kappa": 0.2771844693341199,
    "cat_0_accuracy": 0.786850021486893,
    "cat_1_accuracy": 0.05925473427000611,
    "cat_2_accuracy": 0.05273010920436817,
    "cat_3_accuracy": 0.793006993006993,
    "cat_0_precision": 0.5241162158293975,
    "cat_0_recall": 0.786850021486893,
    "cat_0_f1": 0.6291555708272485,
    "cat_1_precision": 0.30842607313195547,
    "cat_1_recall": 0.05925473427000611,
    "cat_1_f1": 0.09941070971047912,
    "cat_2_precision": 0.22533333333333333,
    "cat_2_recall": 0.05273010920436817,
    "cat_2_f1": 0.08546144121365361,
    "cat_3_precision": 0.4820745359217798,
    "cat_3_recall": 0.793006993006993,
    "cat_3_f1": 0.5996298581122764,
    "cross_entropy": 1.1822614741007242,
    "best_epoch": 5,
    "total_epochs": 5,
    "parameters": 278555,
    "model_type": "DeepGPCM"
  },
  "training_history": [
    {
      "epoch": 1,
      "train_loss": 0.775065038885389,
      "train_accuracy": 0.3135126134376821,
      "gradient_norm": 0.44207064381667543,
      "learning_rate": 0.001,
      "categorical_accuracy": 0.3777475199377553,
      "ordinal_accuracy": 0.685145561823251,
      "quadratic_weighted_kappa": 0.32455696223357744,
      "mean_absolute_error": 1.0545289502690787,
      "kendall_tau": 0.2796883102442461,
      "spearman_correlation": 0.3279261379531166,
      "cohen_kappa": 0.14591625703571132,
      "cat_0_accuracy": 0.5537172324881822,
      "cat_1_accuracy": 0.13530849114233354,
      "cat_2_accuracy": 0.1001560062402496,
      "cat_3_accuracy": 0.5792540792540792,
      "cat_0_precision": 0.428428927680798,
      "cat_0_recall": 0.5537172324881822,
      "cat_0_f1": 0.48308182585059517,
      "cat_1_precision": 0.22835051546391752,
      "cat_1_recall": 0.13530849114233354,
      "cat_1_f1": 0.1699271192942079,
      "cat_2_precision": 0.1917562724014337,
      "cat_2_recall": 0.1001560062402496,
      "cat_2_f1": 0.13158434105349456,
      "cat_3_precision": 0.42889195719710044,
      "cat_3_recall": 0.5792540792540792,
      "cat_3_f1": 0.49285997619992067,
      "cross_entropy": 1.3417997610479442
    },
    {
      "epoch": 2,
      "train_loss": 0.6876151817185538,
      "train_accuracy": 0.4258096744650737,
      "gradient_norm": 0.22128837449210031,
      "learning_rate": 0.001,
      "categorical_accuracy": 0.43888996952603254,
      "ordinal_accuracy": 0.7193153083057771,
      "quadratic_weighted_kappa": 0.4331409801304533,
      "mean_absolute_error": 0.9483887700188031,
      "kendall_tau": 0.3915579969483198,
      "spearman_correlation": 0.44536194210324886,
      "cohen_kappa": 0.21760329600392225,
      "cat_0_accuracy": 0.7814782982380748,
      "cat_1_accuracy": 0.06414172266340867,
      "cat_2_accuracy": 0.059282371294851796,
      "cat_3_accuracy": 0.6368298368298368,
      "cat_0_precision": 0.44984539270253554,
      "cat_0_recall": 0.7814782982380748,
      "cat_0_f1": 0.5710024334720151,
      "cat_1_precision": 0.23972602739726026,
      "cat_1_recall": 0.06414172266340867,
      "cat_1_f1": 0.10120481927710843,
      "cat_2_precision": 0.21914648212226068,
      "cat_2_recall": 0.059282371294851796,
      "cat_2_f1": 0.09332023575638507,
      "cat_3_precision": 0.48829311885612153,
      "cat_3_recall": 0.6368298368298368,
      "cat_3_f1": 0.5527567020738493,
      "cross_entropy": 1.258043466665474
    },
    {
      "epoch": 3,
      "train_loss": 0.6521188701902118,
      "train_accuracy": 0.46900341353759056,
      "gradient_norm": 0.22683212161064148,
      "learning_rate": 0.001,
      "categorical_accuracy": 0.4554237178240291,
      "ordinal_accuracy": 0.7286520132269987,
      "quadratic_weighted_kappa": 0.4631051276593492,
      "mean_absolute_error": 0.9189522142255073,
      "kendall_tau": 0.42245809962284003,
      "spearman_correlation": 0.4755146614140194,
      "cohen_kappa": 0.23810855043264778,
      "cat_0_accuracy": 0.8044692737430168,
      "cat_1_accuracy": 0.04398289554062309,
      "cat_2_accuracy": 0.0483619344773791,
      "cat_3_accuracy": 0.6948717948717948,
      "cat_0_precision": 0.46267918932278795,
      "cat_0_recall": 0.8044692737430168,
      "cat_0_f1": 0.5874784246037973,
      "cat_1_precision": 0.2517482517482518,
      "cat_1_recall": 0.04398289554062309,
      "cat_1_f1": 0.0748829953198128,
      "cat_2_precision": 0.24681528662420382,
      "cat_2_recall": 0.0483619344773791,
      "cat_2_f1": 0.08087659796504044,
      "cat_3_precision": 0.4862175827760561,
      "cat_3_recall": 0.6948717948717948,
      "cat_3_f1": 0.5721140005757605,
      "cross_entropy": 1.2194154185088557
    },
    {
      "epoch": 4,
      "train_loss": 0.6217683979443142,
      "train_accuracy": 0.481658479726917,
      "gradient_norm": 0.3133752090590341,
      "learning_rate": 0.001,
      "categorical_accuracy": 0.46800233417623033,
      "ordinal_accuracy": 0.7516695843869545,
      "quadratic_weighted_kappa": 0.5044792933660504,
      "mean_absolute_error": 0.8681838812163651,
      "kendall_tau": 0.45822205186932674,
      "spearman_correlation": 0.5173038746985572,
      "cohen_kappa": 0.2566679931769268,
      "cat_0_accuracy": 0.8242372152986678,
      "cat_1_accuracy": 0.0531459987782529,
      "cat_2_accuracy": 0.054602184087363496,
      "cat_3_accuracy": 0.706993006993007,
      "cat_0_precision": 0.4759305210918114,
      "cat_0_recall": 0.8242372152986678,
      "cat_0_f1": 0.6034292905458549,
      "cat_1_precision": 0.2668711656441718,
      "cat_1_recall": 0.0531459987782529,
      "cat_1_f1": 0.08863983698420784,
      "cat_2_precision": 0.2348993288590604,
      "cat_2_recall": 0.054602184087363496,
      "cat_2_f1": 0.08860759493670886,
      "cat_3_precision": 0.5083808246731478,
      "cat_3_recall": 0.706993006993007,
      "cat_3_f1": 0.5914586583463338,
      "cross_entropy": 1.2094768245393153
    },
    {
      "epoch": 5,
      "train_loss": 0.6047820278576442,
      "train_accuracy": 0.49546249271501125,
      "gradient_norm": 0.19209470174142293,
      "learning_rate": 0.001,
      "categorical_accuracy": 0.4815535239577255,
      "ordinal_accuracy": 0.7691110678856253,
      "quadratic_weighted_kappa": 0.5397761795653173,
      "mean_absolute_error": 0.8275951501004992,
      "kendall_tau": 0.4880321594753626,
      "spearman_correlation": 0.549853899194607,
      "cohen_kappa": 0.2771844693341199,
      "cat_0_accuracy": 0.786850021486893,
      "cat_1_accuracy": 0.05925473427000611,
      "cat_2_accuracy": 0.05273010920436817,
      "cat_3_accuracy": 0.793006993006993,
      "cat_0_precision": 0.5241162158293975,
      "cat_0_recall": 0.786850021486893,
      "cat_0_f1": 0.6291555708272485,
      "cat_1_precision": 0.30842607313195547,
      "cat_1_recall": 0.05925473427000611,
      "cat_1_f1": 0.09941070971047912,
      "cat_2_precision": 0.22533333333333333,