{
  "config": {
    "model": "coral_gpcm_proper",
    "models": null,
    "dataset": "synthetic_OC",
    "epochs": 5,
    "batch_size": 64,
    "lr": 0.001,
    "n_folds": 5,
    "no_cv": false,
    "cv": false,
    "seed": 42,
    "device": null,
    "loss": "combined",
    "ce_weight": 0.0,
    "qwk_weight": 0.2,
    "coral_weight": 0.4,
    "focal_gamma": 2.0,
    "focal_alpha": null,
    "focal_weight": 0.4,
    "triple_coral": false,
    "triple_ce_weight": 0.33,
    "triple_qwk_weight": 0.33,
    "triple_coral_weight": 0.34,
    "enable_threshold_coupling": false,
    "coupling_type": "linear",
    "threshold_gpcm_weight": 0.7,
    "threshold_coral_weight": 0.3,
    "fold": 5
  },
  "metrics": {
    "epoch": 5,
    "train_loss": 0.3616222952093397,
    "train_accuracy": 0.49564565814669886,
    "gradient_norm": 0.1514017315847533,
    "learning_rate": 0.001,
    "categorical_accuracy": 0.49594761071127536,
    "ordinal_accuracy": 0.8224080918109318,
    "quadratic_weighted_kappa": 0.5974692747997763,
    "mean_absolute_error": 0.724437528366725,
    "kendall_tau": 0.5213469309811664,
    "spearman_correlation": 0.6011154208141325,
    "cohen_kappa": 0.3116402468012158,
    "cat_0_accuracy": 0.6991834980661796,
    "cat_1_accuracy": 0.20219914477703116,
    "cat_2_accuracy": 0.1996879875195008,
    "cat_3_accuracy": 0.720979020979021,
    "cat_0_precision": 0.5892792466497646,
    "cat_0_recall": 0.6991834980661796,
    "cat_0_f1": 0.6395440251572327,
    "cat_1_precision": 0.314638783269962,
    "cat_1_recall": 0.20219914477703116,
    "cat_1_f1": 0.24618817404239493,
    "cat_2_precision": 0.2957486136783734,
    "cat_2_recall": 0.1996879875195008,
    "cat_2_f1": 0.2384056621344757,
    "cat_3_precision": 0.5490857447186224,
    "cat_3_recall": 0.720979020979021,
    "cat_3_f1": 0.623400181396755,
    "cross_entropy": 1.1300743942178313,
    "best_epoch": 5,
    "total_epochs": 5,
    "parameters": 281258,
    "model_type": "CORALGPCM"
  },
  "training_history": [
    {
      "epoch": 1,
      "train_loss": 0.5481335435594831,
      "train_accuracy": 0.3566897011073183,
      "gradient_norm": 0.1708743827683585,
      "learning_rate": 0.001,
      "categorical_accuracy": 0.42339363288594956,
      "ordinal_accuracy": 0.6691305193542112,
      "quadratic_weighted_kappa": 0.3587917704708389,
      "mean_absolute_error": 1.0567982882707645,
      "kendall_tau": 0.3356770226257695,
      "spearman_correlation": 0.37019502983466046,
      "cohen_kappa": 0.18783116311441728,
      "cat_0_accuracy": 0.7761065749892565,
      "cat_1_accuracy": 0.0030543677458766036,
      "cat_2_accuracy": 0.012168486739469579,
      "cat_3_accuracy": 0.6687645687645688,
      "cat_0_precision": 0.42270333528379167,
      "cat_0_recall": 0.7761065749892565,
      "cat_0_f1": 0.5473141904689749,
      "cat_1_precision": 0.16129032258064516,
      "cat_1_recall": 0.0030543677458766036,
      "cat_1_f1": 0.005995203836930456,
      "cat_2_precision": 0.1921182266009852,
      "cat_2_recall": 0.012168486739469579,
      "cat_2_f1": 0.022887323943661973,
      "cat_3_precision": 0.43384243157417207,
      "cat_3_recall": 0.6687645687645688,
      "cat_3_f1": 0.5262771714207098,
      "cross_entropy": 1.3058965783135508
    },
    {
      "epoch": 2,
      "train_loss": 0.46936483468328205,
      "train_accuracy": 0.4622096411622679,
      "gradient_norm": 0.18025566637516022,
      "learning_rate": 0.001,
      "categorical_accuracy": 0.45892498216948713,
      "ordinal_accuracy": 0.7125072943007197,
      "quadratic_weighted_kappa": 0.45102527166386097,
      "mean_absolute_error": 0.9451468585878234,
      "kendall_tau": 0.41943213653416156,
      "spearman_correlation": 0.4626036013892024,
      "cohen_kappa": 0.23993154307598696,
      "cat_0_accuracy": 0.7728835410399656,
      "cat_1_accuracy": 0.0021380574221136223,
      "cat_2_accuracy": 0.027145085803432136,
      "cat_3_accuracy": 0.7895104895104895,
      "cat_0_precision": 0.48030444652156495,
      "cat_0_recall": 0.7728835410399656,
      "cat_0_f1": 0.5924400889401301,
      "cat_1_precision": 0.16279069767441862,
      "cat_1_recall": 0.0021380574221136223,
      "cat_1_f1": 0.004220681338558939,
      "cat_2_precision": 0.30313588850174217,
      "cat_2_recall": 0.027145085803432136,
      "cat_2_f1": 0.04982817869415808,
      "cat_3_precision": 0.44542346133613886,
      "cat_3_recall": 0.7895104895104895,
      "cat_3_f1": 0.569530855893728,
      "cross_entropy": 1.2386360529038
    },
    {
      "epoch": 3,
      "train_loss": 0.4282402013029371,
      "train_accuracy": 0.47996003663308634,
      "gradient_norm": 0.314903912799699,
      "learning_rate": 0.001,
      "categorical_accuracy": 0.46942877520586135,
      "ordinal_accuracy": 0.7816896842378266,
      "quadratic_weighted_kappa": 0.52581426241296,
      "mean_absolute_error": 0.8134604162614277,
      "kendall_tau": 0.4607297758187227,
      "spearman_correlation": 0.5304078752350365,
      "cohen_kappa": 0.2720181284353109,
      "cat_0_accuracy": 0.7146540610227761,
      "cat_1_accuracy": 0.09590714722052535,
      "cat_2_accuracy": 0.22714508580343215,
      "cat_3_accuracy": 0.6694638694638695,
      "cat_0_precision": 0.5348126708474031,
      "cat_0_recall": 0.7146540610227761,
      "cat_0_f1": 0.6117906741469695,
      "cat_1_precision": 0.3016330451488953,
      "cat_1_recall": 0.09590714722052535,
      "cat_1_f1": 0.1455388180764774,
      "cat_2_precision": 0.27554882664647995,
      "cat_2_recall": 0.22714508580343215,
      "cat_2_f1": 0.24901658970412177,
      "cat_3_precision": 0.5201956167360985,
      "cat_3_recall": 0.6694638694638695,
      "cat_3_f1": 0.5854652940576903,
      "cross_entropy": 1.1986842545347374
    },
    {
      "epoch": 4,
      "train_loss": 0.390983590057918,
      "train_accuracy": 0.48272416951128133,
      "gradient_norm": 0.16991510348660605,
      "learning_rate": 0.001,
      "categorical_accuracy": 0.4759774362964404,
      "ordinal_accuracy": 0.8245477533553783,
      "quadratic_weighted_kappa": 0.5751507246490046,
      "mean_absolute_error": 0.7390261298061337,
      "kendall_tau": 0.4965448193892516,
      "spearman_correlation": 0.5757952938294959,
      "cohen_kappa": 0.29012299988765433,
      "cat_0_accuracy": 0.6721100128921358,
      "cat_1_accuracy": 0.19975565058032987,
      "cat_2_accuracy": 0.30140405616224647,
      "cat_3_accuracy": 0.6044289044289044,
      "cat_0_precision": 0.5780816854555535,
      "cat_0_recall": 0.6721100128921358,
      "cat_0_f1": 0.6215598609041232,
      "cat_1_precision": 0.30013767783386874,
      "cat_1_recall": 0.19975565058032987,
      "cat_1_f1": 0.23986796258940032,
      "cat_2_precision": 0.2876712328767123,
      "cat_2_recall": 0.30140405616224647,
      "cat_2_f1": 0.294377571232668,
      "cat_3_precision": 0.579441340782123,
      "cat_3_recall": 0.6044289044289044,
      "cat_3_f1": 0.5916714204221335,
      "cross_entropy": 1.165912939400174
    },
    {
      "epoch": 5,
      "train_loss": 0.3616222952093397,
      "train_accuracy": 0.49564565814669886,
      "gradient_norm": 0.1514017315847533,
      "learning_rate": 0.001,
      "categorical_accuracy": 0.49594761071127536,
      "ordinal_accuracy": 0.8224080918109318,
      "quadratic_weighted_kappa": 0.5974692747997763,
      "mean_absolute_error": 0.724437528366725,
      "kendall_tau": 0.5213469309811664,
      "spearman_correlation": 0.6011154208141325,
      "cohen_kappa": 0.3116402468012158,
      "cat_0_accuracy": 0.6991834980661796,
      "cat_1_accuracy": 0.20219914477703116,
      "cat_2_accuracy": 0.1996879875195008,
      "cat_3_accuracy": 0.720979020979021,
      "cat_0_precision": 0.5892792466497646,
      "cat_0_recall": 0.6991834980661796,
      "cat_0_f1": 0.6395440251572327,
      "cat_1_precision": 0.314638783269962,
      "cat_1_recall": 0.20219914477703116,
      "cat_1_f1": 0.24618817404239493,
      "cat_2_precision": 0.2957486136783734,