{
  "best_qwk": 0.3242848007425111,
  "total_epochs": 5,
  "metrics_history": [
    {
      "loss": 0.6774267737682049,
      "categorical_accuracy": 0.5515593561368209,
      "ordinal_accuracy": 0.7477364185110664,
      "quadratic_weighted_kappa": 0.013967894296812222,
      "mean_absolute_error": 0.8302313883299799,
      "kendall_tau": 0.08660538073093695,
      "spearman_correlation": 0.0926561214367807,
      "cohen_kappa": 0.018072667139170995,
      "cat_0_accuracy": 0.994502977553825,
      "cat_1_accuracy": 0.02702702702702703,
      "cat_2_accuracy": 0.0,
      "cat_3_accuracy": 0.0018796992481203006,
      "cat_0_true_count": "2183",
      "cat_0_pred_count": "3912",
      "cat_1_true_count": "777",
      "cat_1_pred_count": "61",
      "cat_2_true_count": "484",
      "cat_2_pred_count": "0",
      "cat_3_true_count": "532",
      "cat_3_pred_count": "3",
      "cat_0_precision": 0.554959100204499,
      "cat_0_recall": 0.994502977553825,
      "cat_0_f1": 0.7123872026251026,
      "cat_1_precision": 0.3442622950819672,
      "cat_1_recall": 0.02702702702702703,
      "cat_1_f1": 0.050119331742243436,
      "cat_2_precision": 0.0,
      "cat_2_recall": 0.0,
      "cat_2_f1": 0.0,
      "cat_3_precision": 0.3333333333333333,
      "cat_3_recall": 0.0018796992481203006,
      "cat_3_f1": 0.003738317757009346,
      "cross_entropy": 1.1028157459874601,
      "mean_confidence": "0.683788"
    },
    {
      "loss": 0.5842834940323463,
      "categorical_accuracy": 0.5525653923541247,
      "ordinal_accuracy": 0.7489939637826962,
      "quadratic_weighted_kappa": 0.02274248372634924,
      "mean_absolute_error": 0.8244466800804829,
      "kendall_tau": 0.11485249465535043,
      "spearman_correlation": 0.12294865155255551,
      "cohen_kappa": 0.028568046137807168,
      "cat_0_accuracy": 0.9908382959230417,
      "cat_1_accuracy": 0.04247104247104247,
      "cat_2_accuracy": 0.0,
      "cat_3_accuracy": 0.0018796992481203006,
      "cat_0_true_count": "2183",
      "cat_0_pred_count": "3869",
      "cat_1_true_count": "777",
      "cat_1_pred_count": "100",
      "cat_2_true_count": "484",
      "cat_2_pred_count": "4",
      "cat_3_true_count": "532",
      "cat_3_pred_count": "3",
      "cat_0_precision": 0.5590591884207806,
      "cat_0_recall": 0.9908382959230417,
      "cat_0_f1": 0.7148050231328487,
      "cat_1_precision": 0.33,
      "cat_1_recall": 0.04247104247104247,
      "cat_1_f1": 0.07525655644241733,
      "cat_2_precision": 0.0,
      "cat_2_recall": 0.0,
      "cat_2_f1": 0.0,
      "cat_3_precision": 0.3333333333333333,
      "cat_3_recall": 0.0018796992481203006,
      "cat_3_f1": 0.003738317757009346,
      "cross_entropy": 1.168261387850597,
      "mean_confidence": "0.748892"
    },
    {
      "loss": 0.5656976470580468,
      "categorical_accuracy": 0.5606136820925554,
      "ordinal_accuracy": 0.7572937625754527,
      "quadratic_weighted_kappa": 0.30255095672559407,
      "mean_absolute_error": 0.7884808853118712,
      "kendall_tau": 0.31255883023969194,
      "spearman_correlation": 0.34249162761316776,
      "cohen_kappa": 0.18476864088867506,
      "cat_0_accuracy": 0.9106733852496565,
      "cat_1_accuracy": 0.06692406692406692,
      "cat_2_accuracy": 0.05785123966942149,
      "cat_3_accuracy": 0.3026315789473684,
      "cat_0_true_count": "2183",
      "cat_0_pred_count": "3113",
      "cat_1_true_count": "777",
      "cat_1_pred_count": "164",
      "cat_2_true_count": "484",
      "cat_2_pred_count": "141",
      "cat_3_true_count": "532",
      "cat_3_pred_count": "558",
      "cat_0_precision": 0.6386122711211051,
      "cat_0_recall": 0.9106733852496565,
      "cat_0_f1": 0.7507552870090635,
      "cat_1_precision": 0.3170731707317073,
      "cat_1_recall": 0.06692406692406692,
      "cat_1_f1": 0.11052072263549416,
      "cat_2_precision": 0.19858156028368795,
      "cat_2_recall": 0.05785123966942149,
      "cat_2_f1": 0.0896,
      "cat_3_precision": 0.2885304659498208,
      "cat_3_recall": 0.3026315789473684,
      "cat_3_f1": 0.29541284403669726,
      "cross_entropy": 0.9283142573498521,
      "mean_confidence": "0.60015523"
    },
    {
      "loss": 0.5596088400253882,
      "categorical_accuracy": 0.5669014084507042,
      "ordinal_accuracy": 0.7567907444668008,
      "quadratic_weighted_kappa": 0.2671440241255686,
      "mean_absolute_error": 0.7824446680080482,
      "kendall_tau": 0.2901642176610726,
      "spearman_correlation": 0.315948505967127,
      "cohen_kappa": 0.1623897808370509,
      "cat_0_accuracy": 0.9409070087036189,
      "cat_1_accuracy": 0.05791505791505792,
      "cat_2_accuracy": 0.03512396694214876,
      "cat_3_accuracy": 0.2593984962406015,
      "cat_0_true_count": "2183",
      "cat_0_pred_count": "3326",
      "cat_1_true_count": "777",
      "cat_1_pred_count": "131",
      "cat_2_true_count": "484",
      "cat_2_pred_count": "84",
      "cat_3_true_count": "532",
      "cat_3_pred_count": "435",
      "cat_0_precision": 0.6175586289837642,
      "cat_0_recall": 0.9409070087036189,
      "cat_0_f1": 0.7456888727536758,
      "cat_1_precision": 0.3435114503816794,
      "cat_1_recall": 0.05791505791505792,
      "cat_1_f1": 0.09911894273127753,
      "cat_2_precision": 0.20238095238095238,
      "cat_2_recall": 0.03512396694214876,
      "cat_2_f1": 0.05985915492957746,
      "cat_3_precision": 0.31724137931034485,
      "cat_3_recall": 0.2593984962406015,
      "cat_3_f1": 0.2854188210961737,
      "cross_entropy": 0.9604578524426957,
      "mean_confidence": "0.6423182"
    },
    {
      "loss": 0.5544008520933298,
      "categorical_accuracy": 0.5709255533199196,
      "ordinal_accuracy": 0.755533199195171,
      "quadratic_weighted_kappa": 0.3242848007425111,
      "mean_absolute_error": 0.7743963782696177,
      "kendall_tau": 0.3301180211023005,
      "spearman_correlation": 0.3597362184427687,
      "cohen_kappa": 0.19792974641522032,
      "cat_0_accuracy": 0.918918918918919,
      "cat_1_accuracy": 0.08108108108108109,
      "cat_2_accuracy": 0.010330578512396695,
      "cat_3_accuracy": 0.3684210526315789,
      "cat_0_true_count": "2183",
      "cat_0_pred_count": "3142",
      "cat_1_true_count": "777",
      "cat_1_pred_count": "203",
      "cat_2_true_count": "484",
      "cat_2_pred_count": "16",
      "cat_3_true_count": "532",
      "cat_3_pred_count": "615",
      "cat_0_precision": 0.6384468491406747,
      "cat_0_recall": 0.918918918918919,
      "cat_0_f1": 0.7534272300469483,
      "cat_1_precision": 0.3103448275862069,
      "cat_1_recall": 0.08108108108108109,
      "cat_1_f1": 0.12857142857142856,
      "cat_2_precision": 0.3125,
      "cat_2_recall": 0.010330578512396695,
      "cat_2_f1": 0.02,
      "cat_3_precision": 0.31869918699186994,
      "cat_3_recall": 0.3684210526315789,
      "cat_3_f1": 0.34176111595466435,
      "cross_entropy": 0.9642121477646288,
      "mean_confidence": "0.64329207"
    }
  ],
  "fold": null,
  "type": "single_run",
  "timestamp": "2025-08-03T00:49:49.553681"
}