{
  "best_qwk": 0.3327365217139371,
  "total_epochs": 5,
  "metrics_history": [
    {
      "loss": 0.8284978224680974,
      "categorical_accuracy": 0.5482897384305835,
      "ordinal_accuracy": 0.7467303822937625,
      "quadratic_weighted_kappa": 0.02216118743887696,
      "mean_absolute_error": 0.8355130784708249,
      "kendall_tau": 0.07323984578767159,
      "spearman_correlation": 0.0785647134203066,
      "cohen_kappa": 0.017889902768171595,
      "cat_0_accuracy": 0.9885478699038021,
      "cat_1_accuracy": 0.010296010296010296,
      "cat_2_accuracy": 0.02066115702479339,
      "cat_3_accuracy": 0.007518796992481203,
      "cat_0_true_count": "2183",
      "cat_0_pred_count": "3888",
      "cat_1_true_count": "777",
      "cat_1_pred_count": "23",
      "cat_2_true_count": "484",
      "cat_2_pred_count": "49",
      "cat_3_true_count": "532",
      "cat_3_pred_count": "16",
      "cat_0_precision": 0.5550411522633745,
      "cat_0_recall": 0.9885478699038021,
      "cat_0_f1": 0.7109207708779444,
      "cat_1_precision": 0.34782608695652173,
      "cat_1_recall": 0.010296010296010296,
      "cat_1_f1": 0.02,
      "cat_2_precision": 0.20408163265306123,
      "cat_2_recall": 0.02066115702479339,
      "cat_2_f1": 0.0375234521575985,
      "cat_3_precision": 0.25,
      "cat_3_recall": 0.007518796992481203,
      "cat_3_f1": 0.014598540145985401,
      "cross_entropy": 1.2275614724826767,
      "mean_confidence": "0.7405063"
    },
    {
      "loss": 0.8005465544187106,
      "categorical_accuracy": 0.5520623742454729,
      "ordinal_accuracy": 0.7515090543259557,
      "quadratic_weighted_kappa": 0.0625563332287763,
      "mean_absolute_error": 0.8211770623742455,
      "kendall_tau": 0.13256735608028097,
      "spearman_correlation": 0.14273161298477002,
      "cohen_kappa": 0.04118516656994475,
      "cat_0_accuracy": 0.9848831882730188,
      "cat_1_accuracy": 0.015444015444015444,
      "cat_2_accuracy": 0.03925619834710744,
      "cat_3_accuracy": 0.02631578947368421,
      "cat_0_true_count": "2183",
      "cat_0_pred_count": "3817",
      "cat_1_true_count": "777",
      "cat_1_pred_count": "39",
      "cat_2_true_count": "484",
      "cat_2_pred_count": "73",
      "cat_3_true_count": "532",
      "cat_3_pred_count": "47",
      "cat_0_precision": 0.5632695834424941,
      "cat_0_recall": 0.9848831882730188,
      "cat_0_f1": 0.7166666666666667,
      "cat_1_precision": 0.3076923076923077,
      "cat_1_recall": 0.015444015444015444,
      "cat_1_f1": 0.029411764705882353,
      "cat_2_precision": 0.2602739726027397,
      "cat_2_recall": 0.03925619834710744,
      "cat_2_f1": 0.06822262118491922,
      "cat_3_precision": 0.2978723404255319,
      "cat_3_recall": 0.02631578947368421,
      "cat_3_f1": 0.04835924006908463,
      "cross_entropy": 1.083969601547781,
      "mean_confidence": "0.69877225"
    },
    {
      "loss": 0.789084792137146,
      "categorical_accuracy": 0.5578470824949698,
      "ordinal_accuracy": 0.7565392354124748,
      "quadratic_weighted_kappa": 0.12212420701608173,
      "mean_absolute_error": 0.8020623742454729,
      "kendall_tau": 0.19307714395417197,
      "spearman_correlation": 0.2089216242784535,
      "cohen_kappa": 0.08164746197305128,
      "cat_0_accuracy": 0.9743472285845167,
      "cat_1_accuracy": 0.039897039897039896,
      "cat_2_accuracy": 0.047520661157024795,
      "cat_3_accuracy": 0.06954887218045112,
      "cat_0_true_count": "2183",
      "cat_0_pred_count": "3674",
      "cat_1_true_count": "777",
      "cat_1_pred_count": "87",
      "cat_2_true_count": "484",
      "cat_2_pred_count": "104",
      "cat_3_true_count": "532",
      "cat_3_pred_count": "111",
      "cat_0_precision": 0.5789330430048993,
      "cat_0_recall": 0.9743472285845167,
      "cat_0_f1": 0.7263103978145808,
      "cat_1_precision": 0.3563218390804598,
      "cat_1_recall": 0.039897039897039896,
      "cat_1_f1": 0.07175925925925926,
      "cat_2_precision": 0.22115384615384615,
      "cat_2_recall": 0.047520661157024795,
      "cat_2_f1": 0.0782312925170068,
      "cat_3_precision": 0.3333333333333333,
      "cat_3_recall": 0.06954887218045112,
      "cat_3_f1": 0.1150855365474339,
      "cross_entropy": 0.9992803685665512,
      "mean_confidence": "0.6739267"
    },
    {
      "loss": 0.7808620975567744,
      "categorical_accuracy": 0.5646378269617707,
      "ordinal_accuracy": 0.7650905432595574,
      "quadratic_weighted_kappa": 0.2233828076003742,
      "mean_absolute_error": 0.7703722334004024,
      "kendall_tau": 0.2810154396751283,
      "spearman_correlation": 0.30705743210575803,
      "cohen_kappa": 0.13136342673986534,
      "cat_0_accuracy": 0.962437013284471,
      "cat_1_accuracy": 0.05148005148005148,
      "cat_2_accuracy": 0.05371900826446281,
      "cat_3_accuracy": 0.14661654135338345,
      "cat_0_true_count": "2183",
      "cat_0_pred_count": "3476",
      "cat_1_true_count": "777",
      "cat_1_pred_count": "150",
      "cat_2_true_count": "484",
      "cat_2_pred_count": "116",
      "cat_3_true_count": "532",
      "cat_3_pred_count": "234",
      "cat_0_precision": 0.6044303797468354,
      "cat_0_recall": 0.962437013284471,
      "cat_0_f1": 0.7425340166107086,
      "cat_1_precision": 0.26666666666666666,
      "cat_1_recall": 0.05148005148005148,
      "cat_1_f1": 0.08629989212513485,
      "cat_2_precision": 0.22413793103448276,
      "cat_2_recall": 0.05371900826446281,
      "cat_2_f1": 0.08666666666666667,
      "cat_3_precision": 0.3333333333333333,
      "cat_3_recall": 0.14661654135338345,
      "cat_3_f1": 0.20365535248041775,
      "cross_entropy": 0.993893476630959,
      "mean_confidence": "0.6725262"
    },
    {
      "loss": 0.7721469264764053,
      "categorical_accuracy": 0.5714285714285714,
      "ordinal_accuracy": 0.7703722334004024,
      "quadratic_weighted_kappa": 0.3327365217139371,
      "mean_absolute_error": 0.7464788732394366,
      "kendall_tau": 0.3517294957199961,
      "spearman_correlation": 0.38649864394154926,
      "cohen_kappa": 0.1933137151827934,
      "cat_0_accuracy": 0.9326614750343564,
      "cat_1_accuracy": 0.08622908622908623,
      "cat_2_accuracy": 0.022727272727272728,
      "cat_3_accuracy": 0.29699248120300753,
      "cat_0_true_count": "2183",
      "cat_0_pred_count": "3173",
      "cat_1_true_count": "777",
      "cat_1_pred_count": "244",
      "cat_2_true_count": "484",
      "cat_2_pred_count": "78",
      "cat_3_true_count": "532",
      "cat_3_pred_count": "481",
      "cat_0_precision": 0.6416640403403718,
      "cat_0_recall": 0.9326614750343564,
      "cat_0_f1": 0.760268857356236,
      "cat_1_precision": 0.27459016393442626,
      "cat_1_recall": 0.08622908622908623,
      "cat_1_f1": 0.13124387855044076,
      "cat_2_precision": 0.14102564102564102,
      "cat_2_recall": 0.022727272727272728,
      "cat_2_f1": 0.03914590747330961,
      "cat_3_precision": 0.3284823284823285,
      "cat_3_recall": 0.29699248120300753,
      "cat_3_f1": 0.3119447186574531,
      "cross_entropy": 0.9676639988479695,
      "mean_confidence": "0.6621485"
    }
  ],
  "fold": null,
  "type": "single_run",
  "timestamp": "2025-08-03T00:50:18.706035"
}