{
  "train_loss": [
    1.6199263334274292,
    1.6487150073051453,
    1.6387599587440491,
    1.5733574271202087,
    1.5825663566589356,
    1.5494969367980957,
    1.5204518795013429,
    1.5622989535331726,
    1.5802242398262023,
    1.4932387232780457,
    1.5983881115913392,
    1.523208999633789,
    1.530548632144928,
    1.6455394506454468,
    1.5522154331207276,
    1.5290793657302857,
    1.5911373615264892,
    1.5032228827476501,
    1.6037932515144349,
    1.571239161491394,
    1.5947948813438415,
    1.5848526120185853,
    1.5929492592811585,
    1.5815477967262268,
    1.5327964305877686,
    1.5483349204063415,
    1.5251569628715516,
    1.4809651613235473,
    1.539251446723938,
    1.4887710571289063,
    1.5224827885627747,
    1.4854010224342347,
    1.4727374911308289,
    1.5025317668914795,
    1.463482391834259
  ],
  "train_kl": [
    152.21410675048827,
    152.09622802734376,
    151.51473541259764,
    150.7921875,
    149.97069091796874,
    149.08623657226562,
    148.1741455078125,
    147.24828033447267,
    146.3132568359375,
    145.37383728027345,
    144.4097900390625,
    143.45152435302734,
    142.4689208984375,
    141.49099884033203,
    140.54463653564454,
    139.58086090087892,
    138.59935455322267,
    137.59327239990233,
    136.5905776977539,
    135.57987060546876,
    134.53378601074218,
    133.48631591796874,
    132.4841278076172,
    131.55455627441407,
    130.6689926147461,
    129.8253173828125,
    129.00521545410157,
    128.19447174072266,
    127.42734146118164,
    126.69939498901367,
    126.00759201049804,
    125.34332427978515,
    124.70793533325195,
    124.08161849975586,
    123.50210342407226
  ],
  "train_accuracy": [
    0.369515306122449,
    0.3229591836734694,
    0.28188775510204084,
    0.3419642857142857,
    0.39528061224489797,
    0.39247448979591837,
    0.4628826530612245,
    0.4,
    0.34183673469387754,
    0.42385204081632655,
    0.33137755102040817,
    0.39987244897959184,
    0.3399234693877551,
    0.3237244897959184,
    0.41683673469387755,
    0.40994897959183674,
    0.3426020408163265,
    0.5145408163265306,
    0.39974489795918366,
    0.4378826530612245,
    0.4034438775510204,
    0.367984693877551,
    0.38826530612244897,
    0.3705357142857143,
    0.42257653061224487,
    0.47079081632653064,
    0.36020408163265305,
    0.4487244897959184,
    0.36275510204081635,
    0.43112244897959184,
    0.3977040816326531,
    0.4479591836734694,
    0.444515306122449,
    0.4104591836734694,
    0.44961734693877553
  ],
  "test_loss": [
    1.7695192098617554,
    1.7498777707417805,
    1.814084490140279,
    1.6707559823989868,
    1.670565088589986,
    1.7964990139007568,
    1.7252380847930908,
    1.6412334044774373,
    1.6386394103368123,
    1.607182463010152,
    1.6467839082082112,
    1.5908488829930623,
    1.7327730258305867,
    1.6931399901707966,
    1.8693621555964153,
    1.7146834929784138,
    1.7381298144658406,
    1.68263844648997,
    1.687588055928548,
    1.8458378712336223,
    1.6585259040196736,
    1.6955133279164631,
    1.7668222188949585,
    1.673194448153178,
    1.680631438891093,
    1.680572748184204,
    1.5943323771158855,
    1.6176040172576904,
    1.6032265424728394,
    1.6397323608398438,
    1.6208216349283855,
    1.652240792910258,
    1.599196235338847,
    1.6757372220357258,
    1.5783851941426594
  ],
  "test_accuracy": [
    0.3709183633327484,
    0.3622449040412903,
    0.18316327035427094,
    0.28622448444366455,
    0.37346938252449036,
    0.3086734712123871,
    0.2954081594944,
    0.3678571283817291,
    0.3658163249492645,
    0.3729591965675354,
    0.4719387888908386,
    0.4612244963645935,
    0.31122449040412903,
    0.32397958636283875,
    0.15459184348583221,
    0.2984693944454193,
    0.4556122422218323,
    0.45204082131385803,
    0.29897958040237427,
    0.2928571403026581,
    0.4244897961616516,
    0.48571428656578064,
    0.2530612349510193,
    0.3790816366672516,
    0.28520408272743225,
    0.4714285731315613,
    0.5484693646430969,
    0.4545918405056,
    0.5086734890937805,
    0.3484693765640259,
    0.37959182262420654,
    0.44081631302833557,
    0.4454081654548645,
    0.3653061091899872,
    0.4571428596973419
  ],
  "test_qwk": [
    -0.02567549401801328,
    0.0020599323720315033,
    -0.21446542166949634,
    -0.0780130359094775,
    0.0543648416210889,
    -0.02765237020316036,
    -0.030681864607590814,
    0.024360074217425032,
    0.043295368863843775,
    0.04079013881868021,
    0.13065232814308658,
    0.15629280170445892,
    -0.05800913747750247,
    -0.0488134663243911,
    -0.19948690728945495,
    -0.002483443708609423,
    0.14057507987220452,
    0.15349587872499848,
    -0.001474080746867612,
    -0.10328441649196352,
    0.08436677223642541,
    0.12871833551021916,
    0.01800416938659477,
    0.10475744996004599,
    0.05987850737633782,
    0.12867626463503434,
    0.2376199894754033,
    0.17893699294866927,
    0.2126459399186672,
    0.07971087039224711,
    0.15333571740771657,
    0.09301618664032207,
    0.19888346127006262,
    0.12207709079271101,
    0.22952736599901935
  ],
  "test_ordinal_accuracy": [
    0.7454081773757935,
    0.7596938610076904,
    0.7091836929321289,
    0.7602040767669678,
    0.7556122541427612,
    0.7607142925262451,
    0.7596938610076904,
    0.7714285850524902,
    0.7770408391952515,
    0.7602040767669678,
    0.7566326260566711,
    0.765816330909729,
    0.7515305876731873,
    0.7571428418159485,
    0.7709183692932129,
    0.7704081535339355,
    0.7693877816200256,
    0.7673469185829163,
    0.7653061151504517,
    0.7438775300979614,
    0.7551020383834839,
    0.7397959232330322,
    0.7887755036354065,
    0.7714285850524902,
    0.7841836810112,
    0.7530612349510193,
    0.7795918583869934,
    0.7806122303009033,
    0.780102014541626,
    0.7719388008117676,
    0.7852040529251099,
    0.7663265466690063,
    0.7831632494926453,
    0.7821428775787354,
    0.7892857193946838
  ],
  "test_mae": [
    0.9943877458572388,
    0.9806122183799744,
    1.202551007270813,
    1.055101990699768,
    0.9556122422218323,
    1.0204081535339355,
    1.0275510549545288,
    0.9535714387893677,
    0.9479591846466064,
    0.9571428298950195,
    0.859183669090271,
    0.8479591608047485,
    1.0403060913085938,
    1.0280612707138062,
    1.163265347480774,
    1.0061224699020386,
    0.8571428656578064,
    0.8525510430335999,
    1.0112245082855225,
    1.070918321609497,
    0.9081632494926453,
    0.8607142567634583,
    1.0219388008117676,
    0.9229592084884644,
    0.9897959232330322,
    0.8617346882820129,
    0.7556122541427612,
    0.8397959470748901,
    0.7872449159622192,
    0.9474489688873291,
    0.8928571343421936,
    0.8887755274772644,
    0.831632673740387,
    0.9147959351539612,
    0.8163265585899353
  ],
  "kl_weight": [
    0.0,
    0.05,
    0.1,
    0.15,
    0.2,
    0.25,
    0.3,
    0.35,
    0.4,
    0.45,
    0.5,
    0.55,
    0.6,
    0.65,
    0.7,
    0.75,
    0.8,
    0.85,
    0.9,
    0.95,
    1.0,
    1.0,
    1.0,
    1.0,
    1.0,
    1.0,
    1.0,
    1.0,
    1.0,
    1.0,
    1.0,
    1.0,
    1.0,
    1.0,
    1.0
  ],
  "final_metrics": {
    "best_epoch": 27,
    "best_test_accuracy": 0.5484693646430969,
    "best_test_qwk": 0.2376199894754033
  },
  "irt_comparison": {
    "theta_correlation": 0.07148454817940217,
    "theta_mse": 0.871400223954026,
    "alpha_correlation": 0.26165735096001175,
    "alpha_mse": 0.28954046068794204,
    "alpha_mean_ratio": 0.7614934302871097,
    "beta_correlation": 0.5983832844645707,
    "beta_mse": 2.195313637137293,
    "theta_kl_divergence": 2.030547574265208,
    "alpha_kl_divergence": 1.0353328416004834
  }
}