{
  "train_loss": [
    1.4688887357711793,
    1.2617074251174927,
    1.048303133249283,
    1.0479897439479828,
    1.1555232644081115,
    1.329943549633026,
    1.5751545071601867,
    1.836236846446991,
    2.151649332046509,
    2.4933749437332153,
    2.872130584716797,
    3.2677428245544435,
    3.709360694885254,
    4.164747190475464,
    4.650031805038452,
    5.1418558120727536,
    5.657335615158081,
    6.207147121429443,
    6.78387131690979,
    7.320969772338867,
    7.909783172607422,
    7.7908182621002195,
    7.657152414321899,
    7.5373951435089115,
    7.426531839370727,
    7.326651382446289,
    7.25014591217041,
    7.125848722457886,
    7.030042552947998,
    6.947652435302734
  ],
  "train_kl": [
    152.21025848388672,
    152.0436218261719,
    151.30726623535156,
    150.32162017822264,
    149.0884231567383,
    147.6082962036133,
    145.90069427490235,
    144.00067901611328,
    141.93791809082032,
    139.76607818603514,
    137.5236846923828,
    135.2317321777344,
    132.9219223022461,
    130.62139434814452,
    128.3353729248047,
    126.0745246887207,
    123.84115142822266,
    121.6329948425293,
    119.45225830078125,
    117.29657363891602,
    115.1582145690918,
    113.06214141845703,
    111.0742401123047,
    109.20396575927734,
    107.43890609741212,
    105.7638671875,
    104.1652931213379,
    102.63232727050782,
    101.1543197631836,
    99.72633590698243
  ],
  "train_accuracy": [
    0.3149234693877551,
    0.49081632653061225,
    0.6105867346938776,
    0.6720663265306123,
    0.6858418367346939,
    0.6903061224489796,
    0.6910714285714286,
    0.6792091836734694,
    0.6869897959183674,
    0.6927295918367347,
    0.6881377551020408,
    0.6915816326530613,
    0.6885204081632653,
    0.6901785714285714,
    0.6957908163265306,
    0.6997448979591837,
    0.6968112244897959,
    0.6966836734693878,
    0.6908163265306122,
    0.6973214285714285,
    0.6982142857142857,
    0.6977040816326531,
    0.6971938775510204,
    0.699234693877551,
    0.6983418367346939,
    0.6966836734693878,
    0.6996173469387755,
    0.6998724489795919,
    0.6991071428571428,
    0.6996173469387755
  ],
  "test_loss": [
    1.3656892379124959,
    1.1204871733983357,
    1.0482509930928547,
    1.157225787639618,
    1.32639479637146,
    1.5753490130106609,
    1.8841004371643066,
    2.2590726216634116,
    2.6703941027323403,
    3.1536287466684976,
    3.6320784091949463,
    4.165979385375977,
    4.760691324869792,
    5.33228079477946,
    6.002262274424235,
    6.650362650553386,
    7.342198530832927,
    8.046732266743978,
    8.785667419433594,
    9.533076604207357,
    10.283093293507894,
    10.133275508880615,
    9.961139837900797,
    9.795330047607422,
    9.63890552520752,
    9.577224731445312,
    9.439744790395102,
    9.297093868255615,
    9.198499997456869,
    9.06643788019816
  ],
  "test_accuracy": [
    0.46377551555633545,
    0.5612244606018066,
    0.6494898200035095,
    0.6719387769699097,
    0.6770408153533936,
    0.6673469543457031,
    0.670918345451355,
    0.6688775420188904,
    0.6596938967704773,
    0.670918345451355,
    0.6704081892967224,
    0.6653061509132385,
    0.6642857193946838,
    0.6693877577781677,
    0.6775510311126709,
    0.6755102276802063,
    0.6801020503044128,
    0.6714285612106323,
    0.6704081892967224,
    0.6755102276802063,
    0.6729592084884644,
    0.6642857193946838,
    0.6744897961616516,
    0.684183657169342,
    0.6729592084884644,
    0.668367326259613,
    0.672448992729187,
    0.6586734652519226,
    0.6668367385864258,
    0.6637755036354065
  ],
  "test_qwk": [
    0.39103727488482476,
    0.6203537933413268,
    0.6987890735004224,
    0.7237592679179747,
    0.7186477644492912,
    0.7238782906751328,
    0.7399205630269667,
    0.7453701144341865,
    0.7367359371826983,
    0.7439954789488556,
    0.7498528143269849,
    0.7402421307506053,
    0.722697305910041,
    0.7442327657107417,
    0.7471419874179801,
    0.7277191807578548,
    0.7400072406441491,
    0.7435295402424374,
    0.729604966439392,
    0.7342975092123126,
    0.7480489904740745,
    0.732524925895985,
    0.7285340168273249,
    0.7437860614990568,
    0.7528540824904412,
    0.7353065093743416,
    0.7507082879302609,
    0.7279112159553935,
    0.7151787672735248,
    0.7383878086681728
  ],
  "test_ordinal_accuracy": [
    0.831632673740387,
    0.8841836452484131,
    0.8918367624282837,
    0.8964285850524902,
    0.8969388008117676,
    0.9010204076766968,
    0.905102014541626,
    0.9061224460601807,
    0.9010204076766968,
    0.9040816426277161,
    0.9117347002029419,
    0.9081632494926453,
    0.9035714268684387,
    0.9010204076766968,
    0.8999999761581421,
    0.8974489569664001,
    0.8974489569664001,
    0.905102014541626,
    0.8928571343421936,
    0.9015306234359741,
    0.9056122303009033,
    0.9005101919174194,
    0.9015306234359741,
    0.9030612111091614,
    0.9045918583869934,
    0.8994898200035095,
    0.9035714268684387,
    0.8969388008117676,
    0.8918367624282837,
    0.8984693884849548
  ],
  "test_mae": [
    0.7188775539398193,
    0.565816342830658,
    0.47959184646606445,
    0.4545918405056,
    0.4443877637386322,
    0.44897958636283875,
    0.43724489212036133,
    0.43673470616340637,
    0.4535714387893677,
    0.4403061270713806,
    0.43214285373687744,
    0.4413265287876129,
    0.4454081654548645,
    0.4423469305038452,
    0.43418368697166443,
    0.44285714626312256,
    0.43826529383659363,
    0.43775510787963867,
    0.45510202646255493,
    0.43877550959587097,
    0.4316326677799225,
    0.45306122303009033,
    0.44183674454689026,
    0.42704081535339355,
    0.4326530694961548,
    0.45204082131385803,
    0.4423469305038452,
    0.4622448980808258,
    0.4612244963645935,
    0.4556122422218323
  ],
  "kl_weight": [
    0.0,
    0.05,
    0.1,
    0.15,
    0.2,
    0.25,
    0.3,
    0.35,
    0.4,
    0.45,
    0.5,
    0.55,
    0.6,
    0.65,
    0.7,
    0.75,
    0.8,
    0.85,
    0.9,
    0.95,
    1.0,
    1.0,
    1.0,
    1.0,
    1.0,
    1.0,
    1.0,
    1.0,
    1.0,
    1.0
  ],
  "final_metrics": {
    "best_epoch": 24,
    "best_test_accuracy": 0.684183657169342,
    "best_test_qwk": 0.7437860614990568
  },
  "irt_comparison": {
    "theta_correlation": 0.037233364960507866,
    "theta_mse": 0.8750274996345542,
    "alpha_correlation": 0.2269740911259217,
    "alpha_mse": 0.2413881745044931,
    "alpha_mean_ratio": 0.8840885711453967,
    "beta_correlation": 0.26383818573750056,
    "beta_mse": 2.750315201825182,
    "theta_kl_divergence": 2.055344820079237,
    "alpha_kl_divergence": 1.871552788220516
  }
}