{
  "train_loss": [
    5.01001615524292,
    4.995008373260498,
    4.661194324493408,
    4.2878978729248045,
    4.207944917678833,
    4.184081315994263,
    4.012583065032959,
    4.013078212738037,
    4.015598344802856,
    3.965074300765991,
    3.793965291976929,
    3.7461156368255617,
    3.7241005897521973,
    3.7745590209960938,
    3.725110626220703,
    3.6477433681488036,
    3.6304811000823975,
    3.620913600921631,
    3.6154171943664553,
    3.5532843589782717,
    3.5050512313842774,
    3.506697750091553,
    3.4586766242980955,
    3.4647710800170897,
    3.5007203102111815,
    3.3963027954101563,
    3.3330453872680663,
    3.3748870849609376,
    3.391570472717285,
    3.4088117599487306,
    3.302966499328613,
    3.316327953338623,
    3.1856194019317625,
    3.214938497543335,
    3.200878858566284,
    3.1416252136230467,
    3.1876541137695313,
    3.1016966342926025,
    3.1551440715789796,
    3.0352262020111085,
    3.077466297149658,
    3.0610018730163575,
    3.0235605239868164,
    3.0184988975524902,
    2.9461119174957275,
    2.9394682884216308,
    2.8907351970672606,
    2.902717447280884,
    2.952797222137451,
    2.896134853363037
  ],
  "train_kl": [
    97.451513671875,
    96.56485595703126,
    95.69161834716797,
    94.83087921142578,
    93.98260040283203,
    93.14402618408204,
    92.31443328857422,
    91.49400024414062,
    90.68119201660156,
    89.87581176757813,
    89.07782135009765,
    88.28578033447266,
    87.50067443847657,
    86.72335510253906,
    85.95492401123047,
    85.19268951416015,
    84.43538055419921,
    83.68386383056641,
    82.93871307373047,
    82.20022583007812,
    81.46656799316406,
    80.73864135742187,
    80.0172103881836,
    79.3021224975586,
    78.59387512207032,
    77.89496154785157,
    77.20176391601562,
    76.51351776123047,
    75.83041534423828,
    75.15350189208985,
    74.48350067138672,
    73.81872100830078,
    73.1598617553711,
    72.50526885986328,
    71.85643920898437,
    71.21332244873047,
    70.57646484375,
    69.94551696777344,
    69.3192352294922,
    68.69951629638672,
    68.08498077392578,
    67.47649536132812,
    66.87438659667968,
    66.27872467041016,
    65.68731842041015,
    65.09961242675782,
    64.51725769042969,
    63.940161895751956,
    63.3686164855957,
    62.80350341796875
  ],
  "train_accuracy": [
    0.31900510204081634,
    0.32653061224489793,
    0.457015306122449,
    0.6094387755102041,
    0.6619897959183674,
    0.657015306122449,
    0.6701530612244898,
    0.675,
    0.6775510204081633,
    0.6650510204081632,
    0.6568877551020408,
    0.6739795918367347,
    0.6739795918367347,
    0.6548469387755103,
    0.6595663265306122,
    0.6735969387755102,
    0.6770408163265306,
    0.6822704081632653,
    0.6832908163265307,
    0.6655612244897959,
    0.6701530612244898,
    0.6752551020408163,
    0.6716836734693877,
    0.6696428571428571,
    0.6838010204081633,
    0.6881377551020408,
    0.6769132653061225,
    0.6767857142857143,
    0.6723214285714286,
    0.678954081632653,
    0.6784438775510204,
    0.6752551020408163,
    0.6849489795918368,
    0.6855867346938775,
    0.6701530612244898,
    0.6813775510204082,
    0.6832908163265307,
    0.6682397959183674,
    0.6818877551020408,
    0.6846938775510204,
    0.6771683673469387,
    0.6889030612244897,
    0.6857142857142857,
    0.6891581632653061,
    0.6794642857142857,
    0.6872448979591836,
    0.6846938775510204,
    0.6846938775510204,
    0.6823979591836735,
    0.6850765306122449
  ],
  "test_loss": [
    9.304854393005371,
    9.216028213500977,
    8.740500688552856,
    9.026298999786377,
    8.677352666854858,
    8.621894836425781,
    8.646600723266602,
    8.4083251953125,
    8.15159296989441,
    8.26583194732666,
    7.988600730895996,
    7.998651742935181,
    7.9906229972839355,
    7.917101621627808,
    7.729161500930786,
    7.963831424713135,
    7.6195454597473145,
    7.744459629058838,
    7.5729265213012695,
    7.593988656997681,
    7.413218021392822,
    7.356361150741577,
    7.353993892669678,
    7.307722091674805,
    7.231580495834351,
    7.237864971160889,
    7.149848937988281,
    6.985580086708069,
    7.0887229442596436,
    6.987861275672913,
    7.015794515609741,
    6.858024835586548,
    6.725637078285217,
    6.786574959754944,
    6.483620285987854,
    6.600492715835571,
    6.558062553405762,
    6.406426191329956,
    6.441327929496765,
    6.436020612716675,
    6.3899006843566895,
    6.354809761047363,
    6.238658785820007,
    6.14457368850708,
    6.160243034362793,
    6.191466689109802,
    5.978009819984436,
    6.02146053314209,
    6.010694622993469,
    5.875504851341248
  ],
  "test_accuracy": [
    0.49438774585723877,
    0.36071428656578064,
    0.6275510191917419,
    0.6204081773757935,
    0.656632661819458,
    0.6520408391952515,
    0.36938774585723877,
    0.6622449159622192,
    0.6714285612106323,
    0.6576530337333679,
    0.668367326259613,
    0.6545918583869934,
    0.6464285850524902,
    0.6499999761581421,
    0.6576530337333679,
    0.6795918345451355,
    0.6535714268684387,
    0.656632661819458,
    0.655102014541626,
    0.6586734652519226,
    0.6510204076766968,
    0.6515306234359741,
    0.670918345451355,
    0.6596938967704773,
    0.6515306234359741,
    0.6448979377746582,
    0.6464285850524902,
    0.6642857193946838,
    0.655102014541626,
    0.675000011920929,
    0.6658163070678711,
    0.6637755036354065,
    0.6484693884849548,
    0.6459183692932129,
    0.6637755036354065,
    0.6760203838348389,
    0.6586734652519226,
    0.6647959351539612,
    0.6571428775787354,
    0.652550995349884,
    0.6719387769699097,
    0.6734693646430969,
    0.6632652878761292,
    0.672448992729187,
    0.6581632494926453,
    0.6556122303009033,
    0.6637755036354065,
    0.6734693646430969,
    0.675000011920929,
    0.6826530694961548
  ],
  "test_qwk": [
    0.2774114560559685,
    0.20293633623638618,
    0.5964794684230467,
    0.6144717946133884,
    0.6167007546371394,
    0.6577532975020338,
    0.5187562976824529,
    0.6508585445625511,
    0.6706841866787494,
    0.6759765455514647,
    0.6842766265323396,
    0.6813058686358336,
    0.6681676480775892,
    0.6727322554124417,
    0.6821860635627873,
    0.6922907569808827,
    0.6795803809699089,
    0.6611101942014634,
    0.6444967791092333,
    0.6509163685213363,
    0.6694612721765469,
    0.6266497099624964,
    0.6809394670713806,
    0.6237374476681208,
    0.6597455805366581,
    0.6687438978821885,
    0.6387733384927929,
    0.675479495602416,
    0.6792505333457008,
    0.7143874010143252,
    0.7078459830957056,
    0.6800994048786868,
    0.6951634413870064,
    0.6332955547160307,
    0.6496600035573069,
    0.7283846478279208,
    0.6952952359789144,
    0.7015958885582905,
    0.6634364517331346,
    0.6793836344314559,
    0.6925672534041847,
    0.6716627129609661,
    0.686664814206684,
    0.7211681998545492,
    0.7058187666429381,
    0.6817667654187988,
    0.7039607201309329,
    0.6807522667597946,
    0.6912363208826988,
    0.6939450327313619
  ],