{
  "train_loss": [
    5.01001615524292,
    4.995008373260498,
    4.661194324493408,
    4.2878978729248045,
    4.207944917678833,
    4.184081315994263,
    4.012583065032959,
    4.013078212738037,
    4.015598344802856,
    3.965074300765991,
    3.793965291976929,
    3.7461156368255617,
    3.7241005897521973,
    3.7745590209960938,
    3.725110626220703,
    3.6477433681488036,
    3.6304811000823975,
    3.620913600921631,
    3.6154171943664553,
    3.5532843589782717,
    3.5050512313842774,
    3.506697750091553,
    3.4586766242980955,
    3.4647710800170897,
    3.5007203102111815,
    3.3963027954101563,
    3.3330453872680663,
    3.3748870849609376,
    3.391570472717285,
    3.4088117599487306,
    3.302966499328613,
    3.316327953338623,
    3.1856194019317625,
    3.214938497543335,
    3.200878858566284,
    3.1416252136230467,
    3.1876541137695313,
    3.1016966342926025,
    3.1551440715789796,
    3.0352262020111085,
    3.077466297149658,
    3.0610018730163575,
    3.0235605239868164,
    3.0184988975524902,
    2.9461119174957275,
    2.9394682884216308,
    2.8907351970672606,
    2.902717447280884,
    2.952797222137451,
    2.896134853363037
  ],
  "train_kl": [
    97.451513671875,
    96.56485595703126,
    95.69161834716797,
    94.83087921142578,
    93.98260040283203,
    93.14402618408204,
    92.31443328857422,
    91.49400024414062,
    90.68119201660156,
    89.87581176757813,
    89.07782135009765,
    88.28578033447266,
    87.50067443847657,
    86.72335510253906,
    85.95492401123047,
    85.19268951416015,
    84.43538055419921,
    83.68386383056641,
    82.93871307373047,
    82.20022583007812,
    81.46656799316406,
    80.73864135742187,
    80.0172103881836,
    79.3021224975586,
    78.59387512207032,
    77.89496154785157,
    77.20176391601562,
    76.51351776123047,
    75.83041534423828,
    75.15350189208985,
    74.48350067138672,
    73.81872100830078,
    73.1598617553711,
    72.50526885986328,
    71.85643920898437,
    71.21332244873047,
    70.57646484375,
    69.94551696777344,
    69.3192352294922,
    68.69951629638672,
    68.08498077392578,
    67.47649536132812,
    66.87438659667968,
    66.27872467041016,
    65.68731842041015,
    65.09961242675782,
    64.51725769042969,
    63.940161895751956,
    63.3686164855957,
    62.80350341796875
  ],
  "train_accuracy": [
    0.31900510204081634,
    0.32653061224489793,
    0.457015306122449,
    0.6094387755102041,
    0.6619897959183674,
    0.657015306122449,
    0.6701530612244898,
    0.675,
    0.6775510204081633,
    0.6650510204081632,
    0.6568877551020408,
    0.6739795918367347,
    0.6739795918367347,
    0.6548469387755103,
    0.6595663265306122,
    0.6735969387755102,
    0.6770408163265306,
    0.6822704081632653,
    0.6832908163265307,
    0.6655612244897959,
    0.6701530612244898,
    0.6752551020408163,
    0.6716836734693877,
    0.6696428571428571,
    0.6838010204081633,
    0.6881377551020408,
    0.6769132653061225,
    0.6767857142857143,
    0.6723214285714286,
    0.678954081632653,
    0.6784438775510204,
    0.6752551020408163,
    0.6849489795918368,
    0.6855867346938775,
    0.6701530612244898,
    0.6813775510204082,
    0.6832908163265307,
    0.6682397959183674,
    0.6818877551020408,
    0.6846938775510204,
    0.6771683673469387,
    0.6889030612244897,
    0.6857142857142857,
    0.6891581632653061,
    0.6794642857142857,
    0.6872448979591836,
    0.6846938775510204,
    0.6846938775510204,
    0.6823979591836735,
    0.6850765306122449
  ],
  "test_loss": [
    9.304854393005371,
    9.216028213500977,
    8.740500688552856,
    9.026298999786377,
    8.677352666854858,
    8.621894836425781,
    8.646600723266602,
    8.4083251953125,
    8.15159296989441,
    8.26583194732666,
    7.988600730895996,
    7.998651742935181,
    7.9906229972839355,
    7.917101621627808,
    7.729161500930786,
    7.963831424713135,
    7.6195454597473145,
    7.744459629058838,
    7.5729265213012695,
    7.593988656997681,
    7.413218021392822,
    7.356361150741577,
    7.353993892669678,
    7.307722091674805,
    7.231580495834351,
    7.237864971160889,
    7.149848937988281,
    6.985580086708069,
    7.0887229442596436,
    6.987861275672913,
    7.015794515609741,
    6.858024835586548,
    6.725637078285217,
    6.786574959754944,
    6.483620285987854,
    6.600492715835571,
    6.558062553405762,
    6.406426191329956,
    6.441327929496765,
    6.436020612716675,
    6.3899006843566895,
    6.354809761047363,
    6.238658785820007,
    6.14457368850708,
    6.160243034362793,
    6.191466689109802,
    5.978009819984436,
    6.02146053314209,
    6.010694622993469,
    5.875504851341248
  ],
  "test_accuracy": [
    0.4943877551020408,
    0.3607142857142857,
    0.6275510204081632,
    0.6204081632653061,
    0.6566326530612245,
    0.6520408163265307,
    0.3693877551020408,
    0.6622448979591836,
    0.6714285714285714,
    0.6576530612244897,
    0.6683673469387755,
    0.6545918367346939,
    0.6464285714285715,
    0.65,
    0.6576530612244897,
    0.6795918367346939,
    0.6535714285714286,
    0.6566326530612245,
    0.6551020408163265,
    0.6586734693877551,
    0.6510204081632653,
    0.6515306122448979,
    0.6709183673469388,
    0.6596938775510204,
    0.6515306122448979,
    0.6448979591836734,
    0.6464285714285715,
    0.6642857142857143,
    0.6551020408163265,
    0.675,
    0.6658163265306123,
    0.6637755102040817,
    0.648469387755102,
    0.6459183673469387,
    0.6637755102040817,
    0.6760204081632653,
    0.6586734693877551,
    0.664795918367347,
    0.6571428571428571,
    0.6525510204081633,
    0.6719387755102041,
    0.673469387755102,
    0.6632653061224489,
    0.6724489795918367,
    0.6581632653061225,
    0.6556122448979592,
    0.6637755102040817,
    0.673469387755102,
    0.675,
    0.6826530612244898
  ],
  "test_qwk": [
    0.0,
    0.0,
    0.0,
    0.0,
    0.0,
    0.0,
    0.0,
    0.0,
    0.0,
    0.0,
    0.0,
    0.0,
    0.0,
    0.0,
    0.0,
    0.0,
    0.0,
    0.0,
    0.0,
    0.0,
    0.0,
    0.0,
    0.0,
    0.0,
    0.0,
    0.0,
    0.0,
    0.0,
    0.0,
    0.0,
    0.0,
    0.0,
    0.0,
    0.0,
    0.0,
    0.0,
    0.0,
    0.0,
    0.0,
    0.0,
    0.0,
    0.0,
    0.0,
    0.0,
    0.0,
    0.0,
    0.0,
    0.0,
    0.0,
    0.0
  ],
  "kl_weight": [
    1.0,
    1.0,
    1.0,
    1.0,
    1.0,
    1.0,
    1.0,
    1.0,
    1.0,
    1.0,
    1.0,
    1.0,
    1.0,
    1.0,
    1.0,
    1.0,
    1.0,
    1.0,
    1.0,
    1.0,
    1.0,
    1.0,
    1.0,
    1.0,
    1.0,
    1.0,
    1.0,
    1.0,
    1.0,
    1.0,
    1.0,
    1.0,
    1.0,
    1.0,
    1.0,
    1.0,
    1.0,
    1.0,
    1.0,
    1.0,
    1.0,
    1.0,
    1.0,
    1.0,
    1.0,
    1.0,
    1.0,
    1.0,
    1.0,
    1.0
  ],
  "final_metrics": {
    "best_epoch": 50,
    "best_test_accuracy": 0.6826530612244898,
    "best_test_qwk": 0.0
  },
  "irt_comparison": {
    "theta_correlation": 0.0,
    "theta_mse": 0.0,
    "alpha_correlation": 0.22557101762047072,
    "alpha_mse": 0.21955216779556605,
    "alpha_mean_ratio": 0.965535202966856,
    "beta_correlation": -0.17668219119424036,
    "beta_mse": 2.468027551739476,
    "theta_kl_divergence": 1.5667617600076797,
    "alpha_kl_divergence": 0.815168640462132
  }
}