{
  "train_loss": [
    1.4688889741897584,
    1.2384324073791504,
    0.955644553899765,
    0.8408283233642578,
    0.7901970982551575,
    0.764656537771225,
    0.7702331721782685,
    0.7548435986042022,
    0.7592645883560181,
    0.7579483985900879,
    0.7633988857269287,
    0.7594545245170593,
    0.7741767346858979,
    0.7800094246864319,
    0.7934742152690888,
    0.7940072000026703,
    0.7991835236549377,
    0.8198778331279755,
    0.8487630128860474,
    0.8363891005516052,
    0.855741822719574,
    0.8521044790744782,
    0.8517144381999969,
    0.8469735264778138,
    0.8405430793762207,
    0.8457126379013061,
    0.8586458623409271,
    0.8388456642627716,
    0.8318349838256835,
    0.8341979742050171,
    0.8338532030582428,
    0.833921205997467,
    0.8330788552761078,
    0.8290263652801514,
    0.824886006116867,
    0.8240045964717865,
    0.8177523076534271,
    0.8200971364974976,
    0.8188193678855896,
    0.8098485231399536
  ],
  "train_kl": [
    152.21025848388672,
    152.05531158447266,
    151.36488037109376,
    150.4991256713867,
    149.5168212890625,
    148.4574752807617,
    147.35095977783203,
    146.21430358886718,
    145.04790344238282,
    143.86052551269532,
    142.66464385986328,
    141.44097442626952,
    140.19451904296875,
    138.94173431396484,
    137.6571243286133,
    136.34331512451172,
    135.00252380371094,
    133.62651824951172,
    132.2429656982422,
    130.85558624267577,
    129.41044006347656,
    127.94117736816406,
    126.52606048583985,
    125.17630081176758,
    123.88326263427734,
    122.64779739379883,
    121.47752075195312,
    120.35270233154297,
    119.23583068847657,
    118.15273513793946,
    117.09598999023437,
    116.06006927490235,
    115.04619750976562,
    114.0638442993164,
    113.11005630493165,
    112.15102005004883,
    111.1941162109375,
    110.24467620849609,
    109.32906570434571,
    108.4354461669922
  ],
  "train_accuracy": [
    0.3149234693877551,
    0.49081632653061225,
    0.6105867346938776,
    0.6721938775510204,
    0.6858418367346939,
    0.6903061224489796,
    0.6913265306122449,
    0.6795918367346939,
    0.6876275510204082,
    0.6932397959183674,
    0.6880102040816326,
    0.6923469387755102,
    0.6915816326530613,
    0.6919642857142857,
    0.6996173469387755,
    0.7019132653061224,
    0.6977040816326531,
    0.6998724489795919,
    0.6975765306122449,
    0.7017857142857142,
    0.7038265306122449,
    0.7057397959183673,
    0.7025510204081633,
    0.7028061224489796,
    0.7017857142857142,
    0.6991071428571428,
    0.7040816326530612,
    0.70625,
    0.704719387755102,
    0.704719387755102,
    0.707780612244898,
    0.7071428571428572,
    0.7057397959183673,
    0.700765306122449,
    0.7071428571428572,
    0.7079081632653061,
    0.7086734693877551,
    0.7030612244897959,
    0.705484693877551,
    0.7066326530612245
  ],
  "test_loss": [
    1.3656893968582153,
    1.0895241896311443,
    0.9251077572504679,
    0.8821211854616801,
    0.8416542410850525,
    0.8260976672172546,
    0.8184045950571696,
    0.8289921681086222,
    0.8298550446828207,
    0.8596942027409872,
    0.8453654646873474,
    0.8517529964447021,
    0.8836610714594523,
    0.8638770580291748,
    0.9073200225830078,
    0.911065399646759,
    0.9275520443916321,
    0.9375544190406799,
    0.9569287498792013,
    0.9733960032463074,
    0.9984332124392191,
    0.9864829182624817,
    0.9911468823750814,
    0.9924653768539429,
    0.9565756320953369,
    1.0036960045496623,
    0.9936287800470988,
    0.9802146553993225,
    0.9856012264887491,
    0.9791151285171509,
    0.9892914692560831,
    0.9724904298782349,
    0.9710082213083903,
    0.9694655537605286,
    0.9615845282872518,
    0.9557918508847555,
    0.9476629694302877,
    0.9644111394882202,
    0.9422594706217448,
    0.9483966032663981
  ],
  "test_accuracy": [
    0.46377551555633545,
    0.5612244606018066,
    0.6494898200035095,
    0.6719387769699097,
    0.6775510311126709,
    0.6673469543457031,
    0.6719387769699097,
    0.6698979735374451,
    0.6622449159622192,
    0.672448992729187,
    0.672448992729187,
    0.6673469543457031,
    0.6658163070678711,
    0.6719387769699097,
    0.6790816187858582,
    0.675000011920929,
    0.6801020503044128,
    0.6719387769699097,
    0.6780612468719482,
    0.6816326379776001,
    0.6719387769699097,
    0.675000011920929,
    0.6739795804023743,
    0.6663265228271484,
    0.6755102276802063,
    0.675000011920929,
    0.6785714030265808,
    0.6658163070678711,
    0.6734693646430969,
    0.6698979735374451,
    0.6647959351539612,
    0.6770408153533936,
    0.6673469543457031,
    0.6770408153533936,
    0.6734693646430969,
    0.6734693646430969,
    0.6770408153533936,
    0.6647959351539612,
    0.6780612468719482,
    0.6734693646430969
  ],
  "test_qwk": [
    0.39103727488482476,
    0.6203537933413268,
    0.6987890735004224,
    0.7242577300301986,
    0.7188898329085245,
    0.7236375906866881,
    0.7409358191901457,
    0.7480073489798456,
    0.7382611984654455,
    0.7462212898714431,
    0.7480463671324364,
    0.7413399393830356,
    0.7240125118207609,
    0.7484145764316138,
    0.7521373274991585,
    0.7294685990338164,
    0.7423152037240162,
    0.7465736694981953,
    0.7383437165191857,
    0.7381021614810507,
    0.7438814296261862,
    0.7463273110905975,
    0.750892437114315,
    0.7346132450897886,
    0.7549961355857349,
    0.7375985413203197,
    0.7528384616373712,
    0.7389480948652272,
    0.7262712897849681,
    0.7463296112489661,
    0.7432216905901117,
    0.7425106417155248,
    0.7278313806570181,
    0.7522294396124629,
    0.7346045989904655,
    0.7467121151484206,
    0.7432557889213298,
    0.736371903921254,
    0.7480894424002265,
    0.7249009247027741
  ],
  "test_ordinal_accuracy": [
    0.831632673740387,
    0.8841836452484131,
    0.8918367624282837,
    0.8969388008117676,
    0.8969388008117676,
    0.9010204076766968,
    0.9056122303009033,
    0.9071428775787354,
    0.9010204076766968,
    0.9045918583869934,
    0.9102040529251099,
    0.9076530337333679,
    0.9030612111091614,
    0.9020408391952515,
    0.9020408391952515,
    0.8979591727256775,
    0.8989796042442322,
    0.9071428775787354,
    0.8959183692932129,
    0.9010204076766968,
    0.9081632494926453,
    0.9035714268684387,
    0.9061224460601807,
    0.9056122303009033,
    0.9086734652519226,
    0.9045918583869934,
    0.9076530337333679,
    0.9005101919174194,
    0.8948979377746582,
    0.9005101919174194,
    0.9015306234359741,
    0.9020408391952515,
    0.9010204076766968,
    0.9076530337333679,
    0.9010204076766968,
    0.9147959351539612,
    0.9030612111091614,
    0.8994898200035095,
    0.906632661819458,
    0.8999999761581421
  ],
  "test_mae": [
    0.7188775539398193,
    0.565816342830658,
    0.47959184646606445,
    0.45408162474632263,
    0.44387754797935486,
    0.44897958636283875,
    0.4357142746448517,
    0.43418368697166443,
    0.45102041959762573,
    0.43775510787963867,
    0.43214285373687744,
    0.4392857253551483,
    0.4443877637386322,
    0.43724489212036133,
    0.43010205030441284,
    0.44285714626312256,
    0.43673470616340637,
    0.4357142746448517,
    0.4433673322200775,
    0.43214285373687744,
    0.4357142746448517,
    0.43877550959587097,
    0.4295918345451355,
    0.4403061270713806,
    0.4255101978778839,
    0.44081631302833557,
    0.43418368697166443,
    0.4505102038383484,
    0.4505102038383484,
    0.44693878293037415,
    0.45306122303009033,
    0.43775510787963867,
    0.44387754797935486,
    0.4265305995941162,
    0.43877550959587097,
    0.42908161878585815,
    0.43622449040412903,
    0.45204082131385803,
    0.43112245202064514,
    0.44693878293037415
  ],