{
  "train_loss": [
    1.8571419596672059,
    1.415796935558319
  ],
  "train_kl": [
    39.90348587036133,
    39.56669998168945
  ],
  "train_accuracy": [
    0.1114795918367347,
    0.5341836734693878
  ],
  "test_loss": [
    1.6164831320444744,
    1.366440971692403
  ],
  "test_accuracy": [
    0.19132652878761292,
    0.5571428537368774
  ],
  "test_qwk": [
    -0.0007049203440010476,
    0.30565228029889513
  ],
  "test_ordinal_accuracy": [
    0.7989795804023743,
    0.7785714268684387
  ],
  "test_mae": [
    1.0377551317214966,
    0.7117347121238708
  ],
  "final_metrics": {
    "best_epoch": 2,
    "best_test_accuracy": 0.5571428537368774,
    "best_test_qwk": 0.30565228029889513
  },
  "irt_comparison": {
    "alpha_correlation": 0.0703941125754801,
    "alpha_mse": 0.541386566401697,
    "beta_correlation": 0.3825920344078942,
    "beta_mse": 2.780658550633531,
    "theta_correlation": -0.25151879572585467,
    "theta_mse": 1.615548471260034
  }
}