{
  "config": {
    "model": "deep_integration",
    "dataset": "synthetic_OC",
    "epochs": 2,
    "batch_size": 32,
    "lr": 0.001,
    "n_folds": 5,
    "no_cv": false,
    "seed": 42,
    "device": null
  },
  "fold": 1,
  "metrics": {
    "categorical_accuracy": 0.6504237055778503,
    "ordinal_accuracy": 0.7759534120559692,
    "quadratic_weighted_kappa": 0.3645755525516703,
    "mean_absolute_error": 0.6927965879440308,
    "train_accuracy": 0.6326188016528925,
    "train_loss": 1.107702660560608,
    "best_epoch": 2,
    "total_epochs": 2,
    "parameters": 174354,
    "model_type": "ProperDeepIntegrationGPCM"
  },
  "training_history": [
    {
      "epoch": 1,
      "train_loss": 1.1883517265319825,
      "train_accuracy": 0.5550411522633745,
      "test_accuracy": 0.6366525292396545,
      "qwk": 0.22213256415629046,
      "ordinal_accuracy": 0.7552965879440308,
      "mae": 0.7409957647323608,
      "gradient_norm": 1.0110186815261841,
      "learning_rate": 0.001
    },
    {
      "epoch": 2,
      "train_loss": 1.107702660560608,
      "train_accuracy": 0.6326188016528925,
      "test_accuracy": 0.6504237055778503,
      "qwk": 0.3645755525516703,
      "ordinal_accuracy": 0.7759534120559692,
      "mae": 0.6927965879440308,
      "gradient_norm": 0.3044989466667175,
      "learning_rate": 0.001
    }
  ]
}