{
  "config": {
    "model": "deep_integration",
    "dataset": "synthetic_OC",
    "epochs": 2,
    "batch_size": 32,
    "lr": 0.001,
    "n_folds": 5,
    "no_cv": false,
    "seed": 42,
    "device": null
  },
  "fold": 4,
  "metrics": {
    "categorical_accuracy": 0.6131198406219482,
    "ordinal_accuracy": 0.7210744023323059,
    "quadratic_weighted_kappa": 0.041232469264342986,
    "mean_absolute_error": 0.8326446413993835,
    "train_accuracy": 0.49651342975206614,
    "train_loss": 1.2848190546035767,
    "best_epoch": 1,
    "total_epochs": 2,
    "parameters": 174354,
    "model_type": "ProperDeepIntegrationGPCM"
  },
  "training_history": [
    {
      "epoch": 1,
      "train_loss": 1.2848190546035767,
      "train_accuracy": 0.49651342975206614,
      "test_accuracy": 0.6131198406219482,
      "qwk": 0.041232469264342986,
      "ordinal_accuracy": 0.7210744023323059,
      "mae": 0.8326446413993835,
      "gradient_norm": 0.9049281597137451,
      "learning_rate": 0.001
    },
    {
      "epoch": 2,
      "train_loss": 1.144958257675171,
      "train_accuracy": 0.6024305555555556,
      "test_accuracy": 0.6151859760284424,
      "qwk": 0.03929742334279185,
      "ordinal_accuracy": 0.7236570119857788,
      "mae": 0.8238636255264282,
      "gradient_norm": 0.22209762036800385,
      "learning_rate": 0.001
    }
  ]
}