{
  "config": {
    "model": "deep_gpcm",
    "models": null,
    "dataset": "synthetic_OC",
    "epochs": 5,
    "batch_size": 64,
    "lr": 0.001,
    "n_folds": 5,
    "no_cv": false,
    "seed": 42,
    "device": null,
    "loss": "focal",
    "ce_weight": 0.4,
    "qwk_weight": 0.2,
    "coral_weight": 0.4,
    "focal_gamma": 2.0,
    "focal_alpha": null,
    "focal_weight": 0.0,
    "triple_coral": false,
    "triple_ce_weight": 0.33,
    "triple_qwk_weight": 0.33,
    "triple_coral_weight": 0.34,
    "enable_threshold_coupling": false,
    "coupling_type": "linear",
    "threshold_gpcm_weight": 0.7,
    "threshold_coral_weight": 0.3,
    "fold": 2
  },
  "metrics": {
    "epoch": 5,
    "train_loss": 0.6059957827840533,
    "train_accuracy": 0.4964232268249766,
    "gradient_norm": 0.19143832900694438,
    "learning_rate": 0.001,
    "categorical_accuracy": 0.49028563637603106,
    "ordinal_accuracy": 0.7676733246983435,
    "quadratic_weighted_kappa": 0.5309487634894399,
    "mean_absolute_error": 0.823437180448565,
    "kendall_tau": 0.4804426277317113,
    "spearman_correlation": 0.539516249461759,
    "cohen_kappa": 0.2811014508089259,
    "cat_0_accuracy": 0.8151057401812689,
    "cat_1_accuracy": 0.05948193156379917,
    "cat_2_accuracy": 0.06662111376836351,
    "cat_3_accuracy": 0.7572602739726028,
    "cat_0_precision": 0.5363817097415507,
    "cat_0_recall": 0.8151057401812689,
    "cat_0_f1": 0.6470023980815348,
    "cat_1_precision": 0.2971246006389776,
    "cat_1_recall": 0.05948193156379917,
    "cat_1_f1": 0.0991207034372502,
    "cat_2_precision": 0.26933701657458564,
    "cat_2_recall": 0.06662111376836351,
    "cat_2_f1": 0.10682004930156122,
    "cat_3_precision": 0.4786976099757534,
    "cat_3_recall": 0.7572602739726028,
    "cat_3_f1": 0.5865874363327674,
    "cross_entropy": 1.1777298225432373,
    "best_epoch": 5,
    "total_epochs": 5,
    "parameters": 278555,
    "model_type": "DeepGPCM"
  },
  "training_history": [
    {
      "epoch": 1,
      "train_loss": 0.7854611618178231,
      "train_accuracy": 0.3024881185350853,
      "gradient_norm": 0.3291807398200035,
      "learning_rate": 0.001,
      "categorical_accuracy": 0.3779398732019906,
      "ordinal_accuracy": 0.684709250801009,
      "quadratic_weighted_kappa": 0.28476107095777015,
      "mean_absolute_error": 1.060331310927807,
      "kendall_tau": 0.24826063165351125,
      "spearman_correlation": 0.29005101827549284,
      "cohen_kappa": 0.13071976131331087,
      "cat_0_accuracy": 0.6700906344410876,
      "cat_1_accuracy": 0.12248161176846818,
      "cat_2_accuracy": 0.16399043389135634,
      "cat_3_accuracy": 0.37095890410958904,
      "cat_0_precision": 0.437360326015512,
      "cat_0_recall": 0.6700906344410876,
      "cat_0_f1": 0.5292713967546929,
      "cat_1_precision": 0.23525798525798525,
      "cat_1_recall": 0.12248161176846818,
      "cat_1_f1": 0.16109358569926394,
      "cat_2_precision": 0.2317720907774022,
      "cat_2_recall": 0.16399043389135634,
      "cat_2_f1": 0.19207683073229292,
      "cat_3_precision": 0.40261671126969967,
      "cat_3_recall": 0.37095890410958904,
      "cat_3_f1": 0.38614002566661915,
      "cross_entropy": 1.337564503450193
    },
    {
      "epoch": 2,
      "train_loss": 0.6948631661278861,
      "train_accuracy": 0.4178164416451512,
      "gradient_norm": 0.2935868799686432,
      "learning_rate": 0.001,
      "categorical_accuracy": 0.4436566909809803,
      "ordinal_accuracy": 0.7285431863112687,
      "quadratic_weighted_kappa": 0.4441073454228762,
      "mean_absolute_error": 0.9291703592610266,
      "kendall_tau": 0.392713317071775,
      "spearman_correlation": 0.44960055119523007,
      "cohen_kappa": 0.22275534969566047,
      "cat_0_accuracy": 0.7091641490433032,
      "cat_1_accuracy": 0.07643108410617205,
      "cat_2_accuracy": 0.08711991800478305,
      "cat_3_accuracy": 0.683013698630137,
      "cat_0_precision": 0.5211663706335109,
      "cat_0_recall": 0.7091641490433032,
      "cat_0_f1": 0.6008019793532975,
      "cat_1_precision": 0.26034858387799564,
      "cat_1_recall": 0.07643108410617205,
      "cat_1_f1": 0.11817058096415328,
      "cat_2_precision": 0.23351648351648352,
      "cat_2_recall": 0.08711991800478305,
      "cat_2_f1": 0.12689723811893505,
      "cat_3_precision": 0.4223276300186346,
      "cat_3_recall": 0.683013698630137,
      "cat_3_f1": 0.5219302836805192,
      "cross_entropy": 1.2614846032782885
    },
    {
      "epoch": 3,
      "train_loss": 0.6551981823784965,
      "train_accuracy": 0.46333601933924257,
      "gradient_norm": 0.5593387974160058,
      "learning_rate": 0.001,
      "categorical_accuracy": 0.4636989569841162,
      "ordinal_accuracy": 0.740950303360829,
      "quadratic_weighted_kappa": 0.46659492877767583,
      "mean_absolute_error": 0.8944713341059377,
      "kendall_tau": 0.4218106435661373,
      "spearman_correlation": 0.47579015591966156,
      "cohen_kappa": 0.23895929489847612,
      "cat_0_accuracy": 0.82134944612286,
      "cat_1_accuracy": 0.05340582027502398,
      "cat_2_accuracy": 0.06320464639562692,
      "cat_3_accuracy": 0.6498630136986301,
      "cat_0_precision": 0.4929288045449051,
      "cat_0_recall": 0.82134944612286,
      "cat_0_f1": 0.6161051518356248,
      "cat_1_precision": 0.25972006220839816,
      "cat_1_recall": 0.05340582027502398,
      "cat_1_f1": 0.08859416445623342,
      "cat_2_precision": 0.24732620320855614,
      "cat_2_recall": 0.06320464639562692,
      "cat_2_f1": 0.10068027210884353,
      "cat_3_precision": 0.47392607392607394,
      "cat_3_recall": 0.6498630136986301,
      "cat_3_f1": 0.5481224725592143,
      "cross_entropy": 1.2144594323118427
    },
    {
      "epoch": 4,
      "train_loss": 0.626076306615557,
      "train_accuracy": 0.4834975085924781,
      "gradient_norm": 0.22829973910536086,
      "learning_rate": 0.001,
      "categorical_accuracy": 0.47821937419046967,
      "ordinal_accuracy": 0.7555388915399823,
      "quadratic_weighted_kappa": 0.49308507807653856,
      "mean_absolute_error": 0.8560910764196605,
      "kendall_tau": 0.4474587159088166,
      "spearman_correlation": 0.5040606810259809,
      "cohen_kappa": 0.25873389905588295,
      "cat_0_accuracy": 0.8441087613293051,
      "cat_1_accuracy": 0.06555804285257436,
      "cat_2_accuracy": 0.07789545609839427,
      "cat_3_accuracy": 0.6550684931506849,
      "cat_0_precision": 0.4958003075831066,
      "cat_0_recall": 0.8441087613293051,
      "cat_0_f1": 0.6246832612908034,
      "cat_1_precision": 0.28711484593837533,
      "cat_1_recall": 0.06555804285257436,
      "cat_1_f1": 0.10674303566779485,
      "cat_2_precision": 0.2889733840304182,
      "cat_2_recall": 0.07789545609839427,
      "cat_2_f1": 0.12271259418729817,
      "cat_3_precision": 0.5073201782304265,
      "cat_3_recall": 0.6550684931506849,
      "cat_3_f1": 0.571804376419945,
      "cross_entropy": 1.2060352166103696
    },
    {
      "epoch": 5,
      "train_loss": 0.6059957827840533,
      "train_accuracy": 0.4964232268249766,
      "gradient_norm": 0.19143832900694438,
      "learning_rate": 0.001,
      "categorical_accuracy": 0.49028563637603106,
      "ordinal_accuracy": 0.7676733246983435,
      "quadratic_weighted_kappa": 0.5309487634894399,
      "mean_absolute_error": 0.823437180448565,
      "kendall_tau": 0.4804426277317113,
      "spearman_correlation": 0.539516249461759,
      "cohen_kappa": 0.2811014508089259,
      "cat_0_accuracy": 0.8151057401812689,
      "cat_1_accuracy": 0.05948193156379917,
      "cat_2_accuracy": 0.06662111376836351,
      "cat_3_accuracy": 0.7572602739726028,
      "cat_0_precision": 0.5363817097415507,
      "cat_0_recall": 0.8151057401812689,
      "cat_0_f1": 0.6470023980815348,
      "cat_1_precision": 0.2971246006389776,
      "cat_1_recall": 0.05948193156379917,
      "cat_1_f1": 0.0991207034372502,
      "cat_2_precision": 0.26933701657458564,
      "cat_2_recall": 0.06662111376836351,