{
  "config": {
    "model": "coral_gpcm_proper",
    "models": null,
    "dataset": "synthetic_OC",
    "epochs": 1,
    "batch_size": 64,
    "lr": 0.001,
    "n_folds": 0,
    "no_cv": false,
    "seed": 42,
    "device": null,
    "loss": "combined",
    "ce_weight": 0.0,
    "qwk_weight": 0.2,
    "coral_weight": 0.4,
    "focal_gamma": 2.0,
    "focal_alpha": null,
    "focal_weight": 0.4,
    "triple_coral": false,
    "triple_ce_weight": 0.33,
    "triple_qwk_weight": 0.33,
    "triple_coral_weight": 0.34,
    "enable_threshold_coupling": false,
    "coupling_type": "linear",
    "threshold_gpcm_weight": 0.7,
    "threshold_coral_weight": 0.3
  },
  "metrics": {
    "epoch": 1,
    "train_loss": 0.5427425163132804,
    "train_accuracy": 0.3650199559478661,
    "gradient_norm": 0.17401735484600067,
    "learning_rate": 0.001,
    "categorical_accuracy": 0.4608810864524677,
    "ordinal_accuracy": 0.6969195097714475,
    "quadratic_weighted_kappa": 0.4139643385820029,
    "mean_absolute_error": 0.9798608810864524,
    "kendall_tau": 0.385531080754668,
    "spearman_correlation": 0.42302061127129836,
    "cohen_kappa": 0.22581697386335653,
    "cat_0_accuracy": 0.7782056218713901,
    "cat_1_accuracy": 0.007838014369693011,
    "cat_2_accuracy": 0.005780346820809248,
    "cat_3_accuracy": 0.737301180092355,
    "cat_0_precision": 0.4987660414610069,
    "cat_0_recall": 0.7782056218713901,
    "cat_0_f1": 0.6079109640547451,
    "cat_1_precision": 0.19834710743801653,
    "cat_1_recall": 0.007838014369693011,
    "cat_1_f1": 0.015080113100848256,
    "cat_2_precision": 0.2833333333333333,
    "cat_2_recall": 0.005780346820809248,
    "cat_2_f1": 0.011329556814395202,
    "cat_3_precision": 0.4220264317180617,
    "cat_3_recall": 0.737301180092355,
    "cat_3_f1": 0.536794919686216,
    "cross_entropy": 1.26938420170701,
    "best_epoch": 1,
    "total_epochs": 1,
    "parameters": 281258,
    "model_type": "CORALGPCM"
  },
  "training_history": [
    {
      "epoch": 1,
      "train_loss": 0.5427425163132804,
      "train_accuracy": 0.3650199559478661,
      "gradient_norm": 0.17401735484600067,
      "learning_rate": 0.001,
      "categorical_accuracy": 0.4608810864524677,
      "ordinal_accuracy": 0.6969195097714475,
      "quadratic_weighted_kappa": 0.4139643385820029,
      "mean_absolute_error": 0.9798608810864524,
      "kendall_tau": 0.385531080754668,
      "spearman_correlation": 0.42302061127129836,
      "cohen_kappa": 0.22581697386335653,
      "cat_0_accuracy": 0.7782056218713901,
      "cat_1_accuracy": 0.007838014369693011,
      "cat_2_accuracy": 0.005780346820809248,
      "cat_3_accuracy": 0.737301180092355,
      "cat_0_precision": 0.4987660414610069,
      "cat_0_recall": 0.7782056218713901,
      "cat_0_f1": 0.6079109640547451,
      "cat_1_precision": 0.19834710743801653,
      "cat_1_recall": 0.007838014369693011,
      "cat_1_f1": 0.015080113100848256,
      "cat_2_precision": 0.2833333333333333,
      "cat_2_recall": 0.005780346820809248,
      "cat_2_f1": 0.011329556814395202,
      "cat_3_precision": 0.4220264317180617,
      "cat_3_recall": 0.737301180092355,
      "cat_3_f1": 0.536794919686216,
      "cross_entropy": 1.26938420170701
    }
  ],
  "timestamp": "2025-08-01T22:32:24.825300"
}