{
  "config": {
    "model": "deep_gpcm",
    "models": null,
    "dataset": "synthetic_OC",
    "epochs": 5,
    "batch_size": 64,
    "lr": 0.001,
    "n_folds": 5,
    "no_cv": false,
    "seed": 42,
    "device": null,
    "loss": "focal",
    "ce_weight": 0.4,
    "qwk_weight": 0.2,
    "coral_weight": 0.4,
    "focal_gamma": 2.0,
    "focal_alpha": null,
    "focal_weight": 0.0,
    "triple_coral": false,
    "triple_ce_weight": 0.33,
    "triple_qwk_weight": 0.33,
    "triple_coral_weight": 0.34,
    "enable_threshold_coupling": false,
    "coupling_type": "linear",
    "threshold_gpcm_weight": 0.7,
    "threshold_coral_weight": 0.3,
    "fold": 1
  },
  "metrics": {
    "epoch": 5,
    "train_loss": 0.6106228998729161,
    "train_accuracy": 0.49014322098369334,
    "gradient_norm": 0.1474161030990737,
    "learning_rate": 0.001,
    "categorical_accuracy": 0.4838795630162537,
    "ordinal_accuracy": 0.7668531841193712,
    "quadratic_weighted_kappa": 0.5290454333766617,
    "mean_absolute_error": 0.8292033040234479,
    "kendall_tau": 0.4790265176882031,
    "spearman_correlation": 0.5406584495837481,
    "cohen_kappa": 0.2760478219207111,
    "cat_0_accuracy": 0.8292323869610936,
    "cat_1_accuracy": 0.06321839080459771,
    "cat_2_accuracy": 0.07038598767434318,
    "cat_3_accuracy": 0.7189510143493321,
    "cat_0_precision": 0.5100905562742561,
    "cat_0_recall": 0.8292323869610936,
    "cat_0_f1": 0.6316379655586704,
    "cat_1_precision": 0.25680933852140075,
    "cat_1_recall": 0.06321839080459771,
    "cat_1_f1": 0.10146041506533436,
    "cat_2_precision": 0.2627118644067797,
    "cat_2_recall": 0.07038598767434318,
    "cat_2_f1": 0.11102583781018163,
    "cat_3_precision": 0.511169744942832,
    "cat_3_recall": 0.7189510143493321,
    "cat_3_f1": 0.5975120797779377,
    "cross_entropy": 1.181066694965013,
    "best_epoch": 5,
    "total_epochs": 5,
    "parameters": 278555,
    "model_type": "DeepGPCM"
  },
  "training_history": [
    {
      "epoch": 1,
      "train_loss": 0.7729192631585258,
      "train_accuracy": 0.31025700393609634,
      "gradient_norm": 0.346921580178397,
      "learning_rate": 0.001,
      "categorical_accuracy": 0.3745670130562217,
      "ordinal_accuracy": 0.6820543565147882,
      "quadratic_weighted_kappa": 0.275264200907518,
      "mean_absolute_error": 1.0711430855315747,
      "kendall_tau": 0.26012066107261145,
      "spearman_correlation": 0.30199187630352414,
      "cohen_kappa": 0.1321064569983439,
      "cat_0_accuracy": 0.7284963196635121,
      "cat_1_accuracy": 0.16379310344827586,
      "cat_2_accuracy": 0.13396042815439507,
      "cat_3_accuracy": 0.3050470064324592,
      "cat_0_precision": 0.4142549629275293,
      "cat_0_recall": 0.7284963196635121,
      "cat_0_f1": 0.5281695509643973,
      "cat_1_precision": 0.23181201988251243,
      "cat_1_recall": 0.16379310344827586,
      "cat_1_f1": 0.19195509822263798,
      "cat_2_precision": 0.23735632183908045,
      "cat_2_recall": 0.13396042815439507,
      "cat_2_f1": 0.17126269956458637,
      "cat_3_precision": 0.457174638487208,
      "cat_3_recall": 0.3050470064324592,
      "cat_3_f1": 0.3659296631547707,
      "cross_entropy": 1.3333887837133198
    },
    {
      "epoch": 2,
      "train_loss": 0.6814360022544861,
      "train_accuracy": 0.42918334270499126,
      "gradient_norm": 0.24583815783262253,
      "learning_rate": 0.001,
      "categorical_accuracy": 0.43818278710365044,
      "ordinal_accuracy": 0.7193578470556888,
      "quadratic_weighted_kappa": 0.4147948629415109,
      "mean_absolute_error": 0.9524380495603517,
      "kendall_tau": 0.37680624462033385,
      "spearman_correlation": 0.4302033255295868,
      "cohen_kappa": 0.21298937424580944,
      "cat_0_accuracy": 0.7905362776025237,
      "cat_1_accuracy": 0.09067688378033206,
      "cat_2_accuracy": 0.08400908206292572,
      "cat_3_accuracy": 0.5630875804057397,
      "cat_0_precision": 0.4625892197883337,
      "cat_0_recall": 0.7905362776025237,
      "cat_0_f1": 0.5836503377066998,
      "cat_1_precision": 0.25155004428697963,
      "cat_1_recall": 0.09067688378033206,
      "cat_1_f1": 0.1333020417742314,
      "cat_2_precision": 0.25848303393213573,
      "cat_2_recall": 0.08400908206292572,
      "cat_2_f1": 0.12680538555691553,
      "cat_3_precision": 0.4786540483701367,
      "cat_3_recall": 0.5630875804057397,
      "cat_3_f1": 0.5174491303853587,
      "cross_entropy": 1.2496497786934737
    },
    {
      "epoch": 3,
      "train_loss": 0.6603441153253827,
      "train_accuracy": 0.4642774451758013,
      "gradient_norm": 0.38657926661627634,
      "learning_rate": 0.001,
      "categorical_accuracy": 0.45530242472688515,
      "ordinal_accuracy": 0.7369437783106848,
      "quadratic_weighted_kappa": 0.4620633745026058,
      "mean_absolute_error": 0.9058752997601919,
      "kendall_tau": 0.4160572427770658,
      "spearman_correlation": 0.47304222156969566,
      "cohen_kappa": 0.23738149326495772,
      "cat_0_accuracy": 0.7861198738170347,
      "cat_1_accuracy": 0.07950191570881227,
      "cat_2_accuracy": 0.06973726889393447,
      "cat_3_accuracy": 0.6514101929737753,
      "cat_0_precision": 0.48811700182815354,
      "cat_0_recall": 0.7861198738170347,
      "cat_0_f1": 0.602271811810199,
      "cat_1_precision": 0.2577639751552795,
      "cat_1_recall": 0.07950191570881227,
      "cat_1_f1": 0.12152269399707175,
      "cat_2_precision": 0.23915461624026696,
      "cat_2_recall": 0.06973726889393447,
      "cat_2_f1": 0.10798593671521849,
      "cat_3_precision": 0.4796866460193113,
      "cat_3_recall": 0.6514101929737753,
      "cat_3_f1": 0.5525128527961389,
      "cross_entropy": 1.2264105746013023
    },
    {
      "epoch": 4,
      "train_loss": 0.6285928062030247,
      "train_accuracy": 0.47772301789435384,
      "gradient_norm": 0.13541509743247712,
      "learning_rate": 0.001,
      "categorical_accuracy": 0.46982414068745004,
      "ordinal_accuracy": 0.7557953637090328,
      "quadratic_weighted_kappa": 0.5004613528050494,
      "mean_absolute_error": 0.8607114308553158,
      "kendall_tau": 0.44947991852435654,
      "spearman_correlation": 0.5104770608876212,
      "cohen_kappa": 0.2587558028338771,
      "cat_0_accuracy": 0.7936908517350157,
      "cat_1_accuracy": 0.07854406130268199,
      "cat_2_accuracy": 0.07719753486863444,
      "cat_3_accuracy": 0.6914893617021277,
      "cat_0_precision": 0.509518023491292,
      "cat_0_recall": 0.7936908517350157,
      "cat_0_f1": 0.6206216082881105,
      "cat_1_precision": 0.25732217573221755,
      "cat_1_recall": 0.07854406130268199,
      "cat_1_f1": 0.12035225048923678,
      "cat_2_precision": 0.24843423799582465,
      "cat_2_recall": 0.07719753486863444,
      "cat_2_f1": 0.11779262558772581,
      "cat_3_precision": 0.4911263398348269,
      "cat_3_recall": 0.6914893617021277,
      "cat_3_f1": 0.5743347374910099,
      "cross_entropy": 1.2218103542347767
    },
    {
      "epoch": 5,
      "train_loss": 0.6106228998729161,
      "train_accuracy": 0.49014322098369334,
      "gradient_norm": 0.1474161030990737,
      "learning_rate": 0.001,
      "categorical_accuracy": 0.4838795630162537,
      "ordinal_accuracy": 0.7668531841193712,
      "quadratic_weighted_kappa": 0.5290454333766617,
      "mean_absolute_error": 0.8292033040234479,
      "kendall_tau": 0.4790265176882031,
      "spearman_correlation": 0.5406584495837481,
      "cohen_kappa": 0.2760478219207111,
      "cat_0_accuracy": 0.8292323869610936,
      "cat_1_accuracy": 0.06321839080459771,
      "cat_2_accuracy": 0.07038598767434318,
      "cat_3_accuracy": 0.7189510143493321,
      "cat_0_precision": 0.5100905562742561,
      "cat_0_recall": 0.8292323869610936,
      "cat_0_f1": 0.6316379655586704,
      "cat_1_precision": 0.25680933852140075,
      "cat_1_recall": 0.06321839080459771,
      "cat_1_f1": 0.10146041506533436,
      "cat_2_precision": 0.2627118644067797,