{
  "config": {
    "model": "deep_gpcm",
    "models": null,
    "dataset": "synthetic_4000_200_2",
    "epochs": 2,
    "batch_size": 64,
    "lr": 0.001,
    "n_folds": 0,
    "no_cv": false,
    "seed": 42,
    "device": null,
    "loss": "ce",
    "ce_weight": 0.4,
    "qwk_weight": 0.2,
    "emd_weight": 0.0,
    "coral_weight": 0.4,
    "triple_coral": false,
    "triple_ce_weight": 0.33,
    "triple_qwk_weight": 0.33,
    "triple_coral_weight": 0.34,
    "enable_threshold_coupling": false,
    "coupling_type": "linear",
    "threshold_gpcm_weight": 0.7,
    "threshold_coral_weight": 0.3
  },
  "metrics": {
    "epoch": 2,
    "train_loss": 0.563511095046997,
    "train_accuracy": 0.703494504552146,
    "gradient_norm": 0.09790058985352516,
    "learning_rate": 0.001,
    "categorical_accuracy": 0.7087870546948172,
    "ordinal_accuracy": 1.0,
    "quadratic_weighted_kappa": 0.41395975605318636,
    "mean_absolute_error": 0.2912129453051829,
    "kendall_tau": 0.4149000182699734,
    "spearman_correlation": 0.41490001826997336,
    "cohen_kappa": 0.41395975605318636,
    "cat_0_accuracy": 0.6575733771334714,
    "cat_1_accuracy": 0.754945290710148,
    "cat_0_precision": 0.70747323669518,
    "cat_0_recall": 0.6575733771334714,
    "cat_0_f1": 0.6816112516192708,
    "cat_1_precision": 0.7098218788453392,
    "cat_1_recall": 0.754945290710148,
    "cat_1_f1": 0.7316885520310242,
    "cross_entropy": 0.5563435853337098,
    "best_epoch": 2,
    "total_epochs": 2,
    "parameters": 198453,
    "model_type": "DeepGPCM"
  },
  "training_history": [
    {
      "epoch": 1,
      "train_loss": 0.6347932648658753,
      "train_accuracy": 0.6351565738133692,
      "gradient_norm": 0.08877701483666897,
      "learning_rate": 0.001,
      "categorical_accuracy": 0.695166950653923,
      "ordinal_accuracy": 1.0,
      "quadratic_weighted_kappa": 0.38728373463960974,
      "mean_absolute_error": 0.304833049346077,
      "kendall_tau": 0.38766231199130813,
      "spearman_correlation": 0.38766231199130813,
      "cohen_kappa": 0.38728373463960974,
      "cat_0_accuracy": 0.6552881525387417,
      "cat_1_accuracy": 0.7311092040334692,
      "cat_0_precision": 0.6871520930580864,
      "cat_0_recall": 0.6552881525387417,
      "cat_0_f1": 0.6708419641769221,
      "cat_1_precision": 0.701779315457803,
      "cat_1_recall": 0.7311092040334692,
      "cat_1_f1": 0.7161440820443846,
      "cross_entropy": 0.5782542125542324
    },
    {
      "epoch": 2,
      "train_loss": 0.563511095046997,
      "train_accuracy": 0.703494504552146,
      "gradient_norm": 0.09790058985352516,
      "learning_rate": 0.001,
      "categorical_accuracy": 0.7087870546948172,
      "ordinal_accuracy": 1.0,
      "quadratic_weighted_kappa": 0.41395975605318636,
      "mean_absolute_error": 0.2912129453051829,
      "kendall_tau": 0.4149000182699734,
      "spearman_correlation": 0.41490001826997336,
      "cohen_kappa": 0.41395975605318636,
      "cat_0_accuracy": 0.6575733771334714,
      "cat_1_accuracy": 0.754945290710148,
      "cat_0_precision": 0.70747323669518,
      "cat_0_recall": 0.6575733771334714,
      "cat_0_f1": 0.6816112516192708,
      "cat_1_precision": 0.7098218788453392,
      "cat_1_recall": 0.754945290710148,
      "cat_1_f1": 0.7316885520310242,
      "cross_entropy": 0.5563435853337098
    }
  ],
  "timestamp": "2025-08-01T15:28:39.372863"
}