{
  "config": {
    "model": "attn_gpcm",
    "models": null,
    "dataset": "synthetic_4000_200_3",
    "epochs": 5,
    "batch_size": 64,
    "lr": 0.001,
    "n_folds": 5,
    "no_cv": false,
    "cv": false,
    "seed": 42,
    "device": null,
    "loss": "ce",
    "ce_weight": 0.4,
    "qwk_weight": 0.2,
    "coral_weight": 0.4,
    "focal_gamma": 2.0,
    "focal_alpha": null,
    "focal_weight": 0.0,
    "triple_coral": false,
    "triple_ce_weight": 0.33,
    "triple_qwk_weight": 0.33,
    "triple_coral_weight": 0.34,
    "enable_threshold_coupling": false,
    "coupling_type": "linear",
    "threshold_gpcm_weight": 0.7,
    "threshold_coral_weight": 0.3,
    "fold": 4
  },
  "metrics": {
    "epoch": 5,
    "train_loss": 0.82400350689888,
    "train_accuracy": 0.6094680781490359,
    "gradient_norm": 0.2473106111586094,
    "learning_rate": 0.001,
    "categorical_accuracy": 0.6180869840695149,
    "ordinal_accuracy": 0.9043265749456916,
    "quadratic_weighted_kappa": 0.5932646343126309,
    "mean_absolute_error": 0.47758644098479364,
    "kendall_tau": 0.5515287863751537,
    "spearman_correlation": 0.5979216938801555,
    "cohen_kappa": 0.4060082464924678,
    "cat_0_accuracy": 0.8049580751002552,
    "cat_1_accuracy": 0.12525573044966806,
    "cat_2_accuracy": 0.7980443666082896,
    "cat_0_precision": 0.6082949308755761,
    "cat_0_recall": 0.8049580751002552,
    "cat_0_f1": 0.6929430393289682,
    "cat_1_precision": 0.40827436037016873,
    "cat_1_recall": 0.12525573044966806,
    "cat_1_f1": 0.19169941531678328,
    "cat_2_precision": 0.6651016833706335,
    "cat_2_recall": 0.7980443666082896,
    "cat_2_f1": 0.7255333828680607,
    "cross_entropy": 0.8116887375581072,
    "best_epoch": 5,
    "total_epochs": 5,
    "parameters": 194348,
    "model_type": "EnhancedAttentionGPCM"
  },
  "training_history": [
    {
      "epoch": 1,
      "train_loss": 0.9765992307662964,
      "train_accuracy": 0.5245943125563356,
      "gradient_norm": 0.3483378355950117,
      "learning_rate": 0.001,
      "categorical_accuracy": 0.587368754525706,
      "ordinal_accuracy": 0.8712549782766111,
      "quadratic_weighted_kappa": 0.5267036929115301,
      "mean_absolute_error": 0.5413762671976828,
      "kendall_tau": 0.49561564762401983,
      "spearman_correlation": 0.5334224107416975,
      "cohen_kappa": 0.3552745495917452,
      "cat_0_accuracy": 0.8062174792032611,
      "cat_1_accuracy": 0.0556970481399524,
      "cat_2_accuracy": 0.7663164039696438,
      "cat_0_precision": 0.5628412771864877,
      "cat_0_recall": 0.8062174792032611,
      "cat_0_f1": 0.662897006526508,
      "cat_1_precision": 0.35031512605042014,
      "cat_1_recall": 0.0556970481399524,
      "cat_1_f1": 0.09611297236932166,
      "cat_2_precision": 0.634829287165103,
      "cat_2_recall": 0.7663164039696438,
      "cat_2_f1": 0.6944033008887008,
      "cross_entropy": 0.8761732370821899
    },
    {
      "epoch": 2,
      "train_loss": 0.8560385966300964,
      "train_accuracy": 0.5936471919633083,
      "gradient_norm": 0.34742313727736474,
      "learning_rate": 0.001,
      "categorical_accuracy": 0.6125090514120203,
      "ordinal_accuracy": 0.8916319695872557,
      "quadratic_weighted_kappa": 0.5758087727642515,
      "mean_absolute_error": 0.4958589790007241,
      "kendall_tau": 0.5413495126877924,
      "spearman_correlation": 0.581398914892499,
      "cohen_kappa": 0.39201269368654634,
      "cat_0_accuracy": 0.7876578397905412,
      "cat_1_accuracy": 0.06083253308838879,
      "cat_2_accuracy": 0.8439287799182721,
      "cat_0_precision": 0.6165780256842651,
      "cat_0_recall": 0.7876578397905412,
      "cat_0_f1": 0.6916964987339562,
      "cat_1_precision": 0.40104596751995597,
      "cat_1_recall": 0.06083253308838879,
      "cat_1_f1": 0.10564095127610208,
      "cat_2_precision": 0.6257412457256634,
      "cat_2_recall": 0.8439287799182721,
      "cat_2_f1": 0.7186389282429846,
      "cross_entropy": 0.8230290456509882
    },
    {
      "epoch": 3,
      "train_loss": 0.8326423346996308,
      "train_accuracy": 0.6042276228578253,
      "gradient_norm": 0.1987100873887539,
      "learning_rate": 0.001,
      "categorical_accuracy": 0.6166840152063722,
      "ordinal_accuracy": 0.8980019007965243,
      "quadratic_weighted_kappa": 0.5863248831346766,
      "mean_absolute_error": 0.4853140839971036,
      "kendall_tau": 0.5482318260332781,
      "spearman_correlation": 0.5912247245448687,
      "cohen_kappa": 0.4010555750996867,
      "cat_0_accuracy": 0.8026381201736652,
      "cat_1_accuracy": 0.08926558390046345,
      "cat_2_accuracy": 0.8216287215411558,
      "cat_0_precision": 0.610194260374411,
      "cat_0_recall": 0.8026381201736652,
      "cat_0_f1": 0.6933096676304715,
      "cat_1_precision": 0.41202543842744266,
      "cat_1_recall": 0.08926558390046345,
      "cat_1_f1": 0.14673987645847633,
      "cat_2_precision": 0.64701420493725,
      "cat_2_recall": 0.8216287215411558,
      "cat_2_f1": 0.7239410539310238,
      "cross_entropy": 0.8167211180819304
    },
    {
      "epoch": 4,
      "train_loss": 0.8284694278240203,
      "train_accuracy": 0.6073013787828382,
      "gradient_norm": 0.26123622447252276,
      "learning_rate": 0.001,
      "categorical_accuracy": 0.6177022990586531,
      "ordinal_accuracy": 0.9016677226647357,
      "quadratic_weighted_kappa": 0.5897219512882941,
      "mean_absolute_error": 0.48062997827661114,
      "kendall_tau": 0.5498339969301792,
      "spearman_correlation": 0.5945516424180537,
      "cohen_kappa": 0.40260911093559426,
      "cat_0_accuracy": 0.7738706790839492,
      "cat_1_accuracy": 0.10496430211682184,
      "cat_2_accuracy": 0.83861646234676,
      "cat_0_precision": 0.6289562289562289,
      "cat_0_recall": 0.7738706790839492,
      "cat_0_f1": 0.6939284971321584,
      "cat_1_precision": 0.4071255060728745,
      "cat_1_recall": 0.10496430211682184,
      "cat_1_f1": 0.1668990240987851,
      "cat_2_precision": 0.6372770827788129,
      "cat_2_recall": 0.83861646234676,
      "cat_2_f1": 0.7242135511191773,
      "cross_entropy": 0.8122676957429363
    },
    {
      "epoch": 5,
      "train_loss": 0.82400350689888,
      "train_accuracy": 0.6094680781490359,
      "gradient_norm": 0.2473106111586094,
      "learning_rate": 0.001,
      "categorical_accuracy": 0.6180869840695149,
      "ordinal_accuracy": 0.9043265749456916,
      "quadratic_weighted_kappa": 0.5932646343126309,
      "mean_absolute_error": 0.47758644098479364,
      "kendall_tau": 0.5515287863751537,
      "spearman_correlation": 0.5979216938801555,
      "cohen_kappa": 0.4060082464924678,
      "cat_0_accuracy": 0.8049580751002552,
      "cat_1_accuracy": 0.12525573044966806,
      "cat_2_accuracy": 0.7980443666082896,
      "cat_0_precision": 0.6082949308755761,
      "cat_0_recall": 0.8049580751002552,
      "cat_0_f1": 0.6929430393289682,
      "cat_1_precision": 0.40827436037016873,
      "cat_1_recall": 0.12525573044966806,
      "cat_1_f1": 0.19169941531678328,
      "cat_2_precision": 0.6651016833706335,
      "cat_2_recall": 0.7980443666082896,
      "cat_2_f1": 0.7255333828680607,
      "cross_entropy": 0.8116887375581072
    }
  ],
  "timestamp": "2025-08-02T02:02:45.386992"
}