{
  "config": {
    "model": "coral_gpcm_proper",
    "models": null,
    "dataset": "synthetic_4000_200_3",
    "epochs": 5,
    "batch_size": 64,
    "lr": 0.001,
    "n_folds": 5,
    "no_cv": false,
    "cv": false,
    "seed": 42,
    "device": null,
    "loss": "combined",
    "ce_weight": 0.0,
    "qwk_weight": 0.2,
    "coral_weight": 0.4,
    "focal_gamma": 2.0,
    "focal_alpha": null,
    "focal_weight": 0.4,
    "triple_coral": false,
    "triple_ce_weight": 0.33,
    "triple_qwk_weight": 0.33,
    "triple_coral_weight": 0.34,
    "enable_threshold_coupling": false,
    "coupling_type": "linear",
    "threshold_gpcm_weight": 0.7,
    "threshold_coral_weight": 0.3,
    "fold": 1
  },
  "metrics": {
    "epoch": 5,
    "train_loss": 0.2508865877985954,
    "train_accuracy": 0.6088961222756863,
    "gradient_norm": 0.12721842639148234,
    "learning_rate": 0.001,
    "categorical_accuracy": 0.600661511334432,
    "ordinal_accuracy": 0.9359348169319243,
    "quadratic_weighted_kappa": 0.5961142775229816,
    "mean_absolute_error": 0.4634036717336437,
    "kendall_tau": 0.5407578008399757,
    "spearman_correlation": 0.5961333922443819,
    "cohen_kappa": 0.39325576243741434,
    "cat_0_accuracy": 0.6735704947361179,
    "cat_1_accuracy": 0.34475242638591874,
    "cat_2_accuracy": 0.7235616520410914,
    "cat_0_precision": 0.6611732126574584,
    "cat_0_recall": 0.6735704947361179,
    "cat_0_f1": 0.6673142798711591,
    "cat_1_precision": 0.3891467830285025,
    "cat_1_recall": 0.34475242638591874,
    "cat_1_f1": 0.3656068733917746,
    "cat_2_precision": 0.6782806446178898,
    "cat_2_recall": 0.7235616520410914,
    "cat_2_f1": 0.700189835813758,
    "cross_entropy": 0.8398727747515834,
    "best_epoch": 5,
    "total_epochs": 5,
    "parameters": 241156,
    "model_type": "CORALGPCM"
  },
  "training_history": [
    {
      "epoch": 1,
      "train_loss": 0.36610707342624665,
      "train_accuracy": 0.5282988961222757,
      "gradient_norm": 0.21205736070871353,
      "learning_rate": 0.001,
      "categorical_accuracy": 0.5749501561581635,
      "ordinal_accuracy": 0.9113413467633196,
      "quadratic_weighted_kappa": 0.5393496593826643,
      "mean_absolute_error": 0.5137084970785171,
      "kendall_tau": 0.48842043580456684,
      "spearman_correlation": 0.5396232779142288,
      "cohen_kappa": 0.35180045930676274,
      "cat_0_accuracy": 0.6707149246542352,
      "cat_1_accuracy": 0.2815841421286396,
      "cat_2_accuracy": 0.7052322621222559,
      "cat_0_precision": 0.6163842165170103,
      "cat_0_recall": 0.6707149246542352,
      "cat_0_f1": 0.6424028734306522,
      "cat_1_precision": 0.36877255345505466,
      "cat_1_recall": 0.2815841421286396,
      "cat_1_f1": 0.3193340018189026,
      "cat_2_precision": 0.6437828083989501,
      "cat_2_recall": 0.7052322621222559,
      "cat_2_f1": 0.6731079825627099,
      "cross_entropy": 0.8878367936505802
    },
    {
      "epoch": 2,
      "train_loss": 0.2739808547496796,
      "train_accuracy": 0.5940532125672233,
      "gradient_norm": 0.13459304288029672,
      "learning_rate": 0.001,
      "categorical_accuracy": 0.5906812183794125,
      "ordinal_accuracy": 0.9289278676055364,
      "quadratic_weighted_kappa": 0.5770365515295536,
      "mean_absolute_error": 0.48039091401505113,
      "kendall_tau": 0.5229990391057401,
      "spearman_correlation": 0.5773402914807643,
      "cohen_kappa": 0.37723656422426377,
      "cat_0_accuracy": 0.6605656093029657,
      "cat_1_accuracy": 0.324765586445139,
      "cat_2_accuracy": 0.7235017520740363,
      "cat_0_precision": 0.6500761808024378,
      "cat_0_recall": 0.6605656093029657,
      "cat_0_f1": 0.6552789201549462,
      "cat_1_precision": 0.37915306318417513,
      "cat_1_recall": 0.324765586445139,
      "cat_1_f1": 0.3498582314371788,
      "cat_2_precision": 0.6635080202153373,
      "cat_2_recall": 0.7235017520740363,
      "cat_2_f1": 0.6922074014642463,
      "cross_entropy": 0.8560723567385915
    },
    {
      "epoch": 3,
      "train_loss": 0.2604028910398483,
      "train_accuracy": 0.6024709878290405,
      "gradient_norm": 0.11090162329375744,
      "learning_rate": 0.001,
      "categorical_accuracy": 0.5971234629081145,
      "ordinal_accuracy": 0.9305989328231783,
      "quadratic_weighted_kappa": 0.5883581003232707,
      "mean_absolute_error": 0.4722776042687073,
      "kendall_tau": 0.5334776689698041,
      "spearman_correlation": 0.5884486727231188,
      "cohen_kappa": 0.38666440698200977,
      "cat_0_accuracy": 0.6871946604279915,
      "cat_1_accuracy": 0.3139907879585458,
      "cat_2_accuracy": 0.7249094012998293,
      "cat_0_precision": 0.6483801856781146,
      "cat_0_recall": 0.6871946604279915,
      "cat_0_f1": 0.6672234099412079,
      "cat_1_precision": 0.3838612368024133,
      "cat_1_recall": 0.3139907879585458,
      "cat_1_f1": 0.34542822241324705,
      "cat_2_precision": 0.6709355509355509,
      "cat_2_recall": 0.7249094012998293,
      "cat_2_f1": 0.6968789588851779,
      "cross_entropy": 0.844755463085711
    },
    {
      "epoch": 4,
      "train_loss": 0.2532243737578392,
      "train_accuracy": 0.6071384092838947,
      "gradient_norm": 0.10610470920801163,
      "learning_rate": 0.001,
      "categorical_accuracy": 0.5992900853971949,
      "ordinal_accuracy": 0.9338719157322147,
      "quadratic_weighted_kappa": 0.5934978311518726,
      "mean_absolute_error": 0.4668379988705904,
      "kendall_tau": 0.5381322681351334,
      "spearman_correlation": 0.5934338379913278,
      "cohen_kappa": 0.39090309915521027,
      "cat_0_accuracy": 0.686300144498727,
      "cat_1_accuracy": 0.33200361901628556,
      "cat_2_accuracy": 0.7182006049896672,
      "cat_0_precision": 0.6533473077426962,
      "cat_0_recall": 0.686300144498727,
      "cat_0_f1": 0.6694184368602973,
      "cat_1_precision": 0.3869715271786022,
      "cat_1_recall": 0.33200361901628556,
      "cat_1_f1": 0.3573863384833326,
      "cat_2_precision": 0.6778415354608927,
      "cat_2_recall": 0.7182006049896672,
      "cat_2_f1": 0.6974376872291539,
      "cross_entropy": 0.8413558993782239
    },
    {
      "epoch": 5,
      "train_loss": 0.2508865877985954,
      "train_accuracy": 0.6088961222756863,
      "gradient_norm": 0.12721842639148234,
      "learning_rate": 0.001,
      "categorical_accuracy": 0.600661511334432,
      "ordinal_accuracy": 0.9359348169319243,
      "quadratic_weighted_kappa": 0.5961142775229816,
      "mean_absolute_error": 0.4634036717336437,
      "kendall_tau": 0.5407578008399757,
      "spearman_correlation": 0.5961333922443819,
      "cohen_kappa": 0.39325576243741434,
      "cat_0_accuracy": 0.6735704947361179,
      "cat_1_accuracy": 0.34475242638591874,
      "cat_2_accuracy": 0.7235616520410914,
      "cat_0_precision": 0.6611732126574584,
      "cat_0_recall": 0.6735704947361179,
      "cat_0_f1": 0.6673142798711591,
      "cat_1_precision": 0.3891467830285025,
      "cat_1_recall": 0.34475242638591874,
      "cat_1_f1": 0.3656068733917746,
      "cat_2_precision": 0.6782806446178898,
      "cat_2_recall": 0.7235616520410914,
      "cat_2_f1": 0.700189835813758,
      "cross_entropy": 0.8398727747515834
    }
  ],
  "timestamp": "2025-08-02T02:07:04.866029"
}