{
  "config": {
    "model": "coral_gpcm_proper",
    "models": null,
    "dataset": "synthetic_4000_200_3",
    "epochs": 5,
    "batch_size": 64,
    "lr": 0.001,
    "n_folds": 5,
    "no_cv": false,
    "cv": false,
    "seed": 42,
    "device": null,
    "loss": "combined",
    "ce_weight": 0.0,
    "qwk_weight": 0.2,
    "coral_weight": 0.4,
    "focal_gamma": 2.0,
    "focal_alpha": null,
    "focal_weight": 0.4,
    "triple_coral": false,
    "triple_ce_weight": 0.33,
    "triple_qwk_weight": 0.33,
    "triple_coral_weight": 0.34,
    "enable_threshold_coupling": false,
    "coupling_type": "linear",
    "threshold_gpcm_weight": 0.7,
    "threshold_coral_weight": 0.3,
    "fold": 5
  },
  "metrics": {
    "epoch": 5,
    "train_loss": 0.25308152616024016,
    "train_accuracy": 0.6056972452786165,
    "gradient_norm": 0.10123411051928997,
    "learning_rate": 0.001,
    "categorical_accuracy": 0.6057447144565536,
    "ordinal_accuracy": 0.9384237008957783,
    "quadratic_weighted_kappa": 0.6066728695830483,
    "mean_absolute_error": 0.45583158464766804,
    "kendall_tau": 0.5502707007923574,
    "spearman_correlation": 0.6065412718119613,
    "cohen_kappa": 0.40001066077449454,
    "cat_0_accuracy": 0.69780750137893,
    "cat_1_accuracy": 0.3409128154703376,
    "cat_2_accuracy": 0.7134461416160355,
    "cat_0_precision": 0.6514756525377362,
    "cat_0_recall": 0.69780750137893,
    "cat_0_f1": 0.6738461026315351,
    "cat_1_precision": 0.3830678574716877,
    "cat_1_recall": 0.3409128154703376,
    "cat_1_f1": 0.360763060914806,
    "cat_2_precision": 0.7010461710140884,
    "cat_2_recall": 0.7134461416160355,
    "cat_2_f1": 0.7071918049164873,
    "cross_entropy": 0.828820767819569,
    "best_epoch": 5,
    "total_epochs": 5,
    "parameters": 241156,
    "model_type": "CORALGPCM"
  },
  "training_history": [
    {
      "epoch": 1,
      "train_loss": 0.3533755189180374,
      "train_accuracy": 0.5365176292493875,
      "gradient_norm": 0.2052587854862213,
      "learning_rate": 0.001,
      "categorical_accuracy": 0.5888106681107426,
      "ordinal_accuracy": 0.9181163834924073,
      "quadratic_weighted_kappa": 0.5632592613925359,
      "mean_absolute_error": 0.4930729483968501,
      "kendall_tau": 0.5109956461579978,
      "spearman_correlation": 0.5636021002324759,
      "cohen_kappa": 0.3691145315687838,
      "cat_0_accuracy": 0.6658852730281302,
      "cat_1_accuracy": 0.2752376270075385,
      "cat_2_accuracy": 0.7426324456305718,
      "cat_0_precision": 0.6349561158410308,
      "cat_0_recall": 0.6658852730281302,
      "cat_0_f1": 0.6500530044254489,
      "cat_1_precision": 0.3687764176318823,
      "cat_1_recall": 0.2752376270075385,
      "cat_1_f1": 0.3152140762463343,
      "cat_2_precision": 0.653925,
      "cat_2_recall": 0.7426324456305718,
      "cat_2_f1": 0.6954614341549015,
      "cross_entropy": 0.866838849160127
    },
    {
      "epoch": 2,
      "train_loss": 0.2716018182039261,
      "train_accuracy": 0.5930604126533365,
      "gradient_norm": 0.14385545842349529,
      "learning_rate": 0.001,
      "categorical_accuracy": 0.5958843836729169,
      "ordinal_accuracy": 0.9296238633543176,
      "quadratic_weighted_kappa": 0.5838803254882321,
      "mean_absolute_error": 0.47449175297276563,
      "kendall_tau": 0.530203503062997,
      "spearman_correlation": 0.5848819037897227,
      "cohen_kappa": 0.38135482766254625,
      "cat_0_accuracy": 0.6486831218974076,
      "cat_1_accuracy": 0.3093248115372009,
      "cat_2_accuracy": 0.7509795014479587,
      "cat_0_precision": 0.6558959880093416,
      "cat_0_recall": 0.6486831218974076,
      "cat_0_f1": 0.6522696154046138,
      "cat_1_precision": 0.3723981454079116,
      "cat_1_recall": 0.3093248115372009,
      "cat_1_f1": 0.337943690971756,
      "cat_2_precision": 0.6666918714555765,
      "cat_2_recall": 0.7509795014479587,
      "cat_2_f1": 0.7063300265698226,
      "cross_entropy": 0.8475301256427857
    },
    {
      "epoch": 3,
      "train_loss": 0.26265907406806943,
      "train_accuracy": 0.5989420458522677,
      "gradient_norm": 0.13067273154854775,
      "learning_rate": 0.001,
      "categorical_accuracy": 0.6008596764367427,
      "ordinal_accuracy": 0.9346894108621584,
      "quadratic_weighted_kappa": 0.5971526877454088,
      "mean_absolute_error": 0.46445091270109884,
      "kendall_tau": 0.5415875406349127,
      "spearman_correlation": 0.5974285528332824,
      "cohen_kappa": 0.389690431959677,
      "cat_0_accuracy": 0.6637479316050745,
      "cat_1_accuracy": 0.31514257620452313,
      "cat_2_accuracy": 0.747061495656124,
      "cat_0_precision": 0.6604239555464088,
      "cat_0_recall": 0.6637479316050745,
      "cat_0_f1": 0.6620817716034524,
      "cat_1_precision": 0.37401536516580763,
      "cat_1_recall": 0.31514257620452313,
      "cat_1_f1": 0.34206430381998487,
      "cat_2_precision": 0.6761138804666221,
      "cat_2_recall": 0.747061495656124,
      "cat_2_f1": 0.7098192608578365,
      "cross_entropy": 0.8353896135076938
    },
    {
      "epoch": 4,
      "train_loss": 0.2556283387541771,
      "train_accuracy": 0.603657027086244,
      "gradient_norm": 0.09300544641911984,
      "learning_rate": 0.001,
      "categorical_accuracy": 0.6049211399174169,
      "ordinal_accuracy": 0.9365734786434712,
      "quadratic_weighted_kappa": 0.6027930835972781,
      "mean_absolute_error": 0.4585053814391119,
      "kendall_tau": 0.546876696670205,
      "spearman_correlation": 0.6027484309940195,
      "cohen_kappa": 0.3966728894936017,
      "cat_0_accuracy": 0.671573359073359,
      "cat_1_accuracy": 0.3282940019665683,
      "cat_2_accuracy": 0.7417239225484072,
      "cat_0_precision": 0.6619211035982467,
      "cat_0_recall": 0.671573359073359,
      "cat_0_f1": 0.6667122982939475,
      "cat_1_precision": 0.3812990720913633,
      "cat_1_recall": 0.3282940019665683,
      "cat_1_f1": 0.35281685489729875,
      "cat_2_precision": 0.6840437788018433,
      "cat_2_recall": 0.7417239225484072,
      "cat_2_f1": 0.7117171111777045,
      "cross_entropy": 0.8311472116465862
    },
    {
      "epoch": 5,
      "train_loss": 0.25308152616024016,
      "train_accuracy": 0.6056972452786165,
      "gradient_norm": 0.10123411051928997,
      "learning_rate": 0.001,
      "categorical_accuracy": 0.6057447144565536,
      "ordinal_accuracy": 0.9384237008957783,
      "quadratic_weighted_kappa": 0.6066728695830483,
      "mean_absolute_error": 0.45583158464766804,
      "kendall_tau": 0.5502707007923574,
      "spearman_correlation": 0.6065412718119613,
      "cohen_kappa": 0.40001066077449454,
      "cat_0_accuracy": 0.69780750137893,
      "cat_1_accuracy": 0.3409128154703376,
      "cat_2_accuracy": 0.7134461416160355,
      "cat_0_precision": 0.6514756525377362,
      "cat_0_recall": 0.69780750137893,
      "cat_0_f1": 0.6738461026315351,
      "cat_1_precision": 0.3830678574716877,
      "cat_1_recall": 0.3409128154703376,
      "cat_1_f1": 0.360763060914806,
      "cat_2_precision": 0.7010461710140884,
      "cat_2_recall": 0.7134461416160355,
      "cat_2_f1": 0.7071918049164873,
      "cross_entropy": 0.828820767819569
    }
  ],
  "timestamp": "2025-08-02T02:14:34.438304"
}