{
  "config": {
    "model": "deep_gpcm",
    "models": null,
    "dataset": "synthetic_4000_200_3",
    "epochs": 5,
    "batch_size": 64,
    "lr": 0.001,
    "n_folds": 5,
    "no_cv": false,
    "cv": false,
    "seed": 42,
    "device": null,
    "loss": "focal",
    "ce_weight": 0.4,
    "qwk_weight": 0.2,
    "coral_weight": 0.4,
    "focal_gamma": 2.0,
    "focal_alpha": null,
    "focal_weight": 0.0,
    "triple_coral": false,
    "triple_ce_weight": 0.33,
    "triple_qwk_weight": 0.33,
    "triple_coral_weight": 0.34,
    "enable_threshold_coupling": false,
    "coupling_type": "linear",
    "threshold_gpcm_weight": 0.7,
    "threshold_coral_weight": 0.3,
    "fold": 3
  },
  "metrics": {
    "epoch": 5,
    "train_loss": 0.3469057893753052,
    "train_accuracy": 0.608320681092586,
    "gradient_norm": 0.068178476318717,
    "learning_rate": 0.001,
    "categorical_accuracy": 0.6079296661193213,
    "ordinal_accuracy": 0.9214787447546068,
    "quadratic_weighted_kappa": 0.5890413221427176,
    "mean_absolute_error": 0.4705915891260719,
    "kendall_tau": 0.536717890662439,
    "spearman_correlation": 0.5891139953068442,
    "cohen_kappa": 0.3961760705630193,
    "cat_0_accuracy": 0.7134202836576152,
    "cat_1_accuracy": 0.2562024274840568,
    "cat_2_accuracy": 0.7661128251578023,
    "cat_0_precision": 0.6360401575803787,
    "cat_0_recall": 0.7134202836576152,
    "cat_0_f1": 0.672511673217105,
    "cat_1_precision": 0.39799309727725934,
    "cat_1_recall": 0.2562024274840568,
    "cat_1_f1": 0.31173187154263976,
    "cat_2_precision": 0.6670774387538818,
    "cat_2_recall": 0.7661128251578023,
    "cat_2_f1": 0.7131733923560334,
    "cross_entropy": 0.8679615204875464,
    "best_epoch": 5,
    "total_epochs": 5,
    "parameters": 238504,
    "model_type": "DeepGPCM"
  },
  "training_history": [
    {
      "epoch": 1,
      "train_loss": 0.42637745559215545,
      "train_accuracy": 0.5124086555516141,
      "gradient_norm": 0.12840184867382048,
      "learning_rate": 0.001,
      "categorical_accuracy": 0.5796387520525451,
      "ordinal_accuracy": 0.8737228607918263,
      "quadratic_weighted_kappa": 0.5125636033084704,
      "mean_absolute_error": 0.5466383871556285,
      "kendall_tau": 0.4779022314527755,
      "spearman_correlation": 0.5166858487946207,
      "cohen_kappa": 0.34053864097574615,
      "cat_0_accuracy": 0.7219727745705937,
      "cat_1_accuracy": 0.0756222999382843,
      "cat_2_accuracy": 0.8133261626425883,
      "cat_0_precision": 0.5820501034245001,
      "cat_0_recall": 0.7219727745705937,
      "cat_0_f1": 0.6445045331636711,
      "cat_1_precision": 0.3561325324549506,
      "cat_1_recall": 0.0756222999382843,
      "cat_1_f1": 0.12475395370935995,
      "cat_2_precision": 0.6020491545665976,
      "cat_2_recall": 0.8133261626425883,
      "cat_2_f1": 0.6919187054517434,
      "cross_entropy": 0.9158516375504437
    },
    {
      "epoch": 2,
      "train_loss": 0.364777575135231,
      "train_accuracy": 0.5933848882582476,
      "gradient_norm": 0.09545483350753785,
      "learning_rate": 0.001,
      "categorical_accuracy": 0.5956486042692939,
      "ordinal_accuracy": 0.8939860426929392,
      "quadratic_weighted_kappa": 0.5523920072390307,
      "mean_absolute_error": 0.5103653530377669,
      "kendall_tau": 0.5101648122057058,
      "spearman_correlation": 0.5549080201875359,
      "cohen_kappa": 0.37007828640806206,
      "cat_0_accuracy": 0.7489487563252797,
      "cat_1_accuracy": 0.12676404032092162,
      "cat_2_accuracy": 0.7964561691528206,
      "cat_0_precision": 0.5969381958645762,
      "cat_0_recall": 0.7489487563252797,
      "cat_0_f1": 0.6643590959380433,
      "cat_1_precision": 0.3841645885286783,
      "cat_1_recall": 0.12676404032092162,
      "cat_1_f1": 0.1906264501160093,
      "cat_2_precision": 0.6327696320949897,
      "cat_2_recall": 0.7964561691528206,
      "cat_2_f1": 0.7052395453463163,
      "cross_entropy": 0.8883725999844542
    },
    {
      "epoch": 3,
      "train_loss": 0.35639472901821134,
      "train_accuracy": 0.6001305427456545,
      "gradient_norm": 0.08996504712849855,
      "learning_rate": 0.001,
      "categorical_accuracy": 0.6015895821930305,
      "ordinal_accuracy": 0.9031540777230432,
      "quadratic_weighted_kappa": 0.5657777439870503,
      "mean_absolute_error": 0.49525634008392627,
      "kendall_tau": 0.5200515634615777,
      "spearman_correlation": 0.5675692865615544,
      "cohen_kappa": 0.381179434086537,
      "cat_0_accuracy": 0.7358705723041836,
      "cat_1_accuracy": 0.16807241308372764,
      "cat_2_accuracy": 0.7931727476011209,
      "cat_0_precision": 0.6116887348558903,
      "cat_0_recall": 0.7358705723041836,
      "cat_0_f1": 0.6680577797188657,
      "cat_1_precision": 0.3961788381340316,
      "cat_1_recall": 0.16807241308372764,
      "cat_1_f1": 0.23601802634619828,
      "cat_2_precision": 0.6423233851373035,
      "cat_2_recall": 0.7931727476011209,
      "cat_2_f1": 0.7098220505351149,
      "cross_entropy": 0.8790048704588898
    },
    {
      "epoch": 4,
      "train_loss": 0.3503443312644958,
      "train_accuracy": 0.6060390209294076,
      "gradient_norm": 0.08957681939005852,
      "learning_rate": 0.001,
      "categorical_accuracy": 0.606663929939792,
      "ordinal_accuracy": 0.9136904761904762,
      "quadratic_weighted_kappa": 0.5797078816460994,
      "mean_absolute_error": 0.4796455938697318,
      "kendall_tau": 0.5308698251728461,
      "spearman_correlation": 0.5811762536903533,
      "cohen_kappa": 0.3905675214023223,
      "cat_0_accuracy": 0.709108402822322,
      "cat_1_accuracy": 0.2136185969965028,
      "cat_2_accuracy": 0.7956919244813043,
      "cat_0_precision": 0.6345749091141016,
      "cat_0_recall": 0.709108402822322,
      "cat_0_f1": 0.6697744867048132,
      "cat_1_precision": 0.39926176561058135,
      "cat_1_recall": 0.2136185969965028,
      "cat_1_f1": 0.2783242649226728,
      "cat_2_precision": 0.648705404532238,
      "cat_2_recall": 0.7956919244813043,
      "cat_2_f1": 0.7147197538868337,
      "cross_entropy": 0.8721291543508681
    },
    {
      "epoch": 5,
      "train_loss": 0.3469057893753052,
      "train_accuracy": 0.608320681092586,
      "gradient_norm": 0.068178476318717,
      "learning_rate": 0.001,
      "categorical_accuracy": 0.6079296661193213,
      "ordinal_accuracy": 0.9214787447546068,
      "quadratic_weighted_kappa": 0.5890413221427176,
      "mean_absolute_error": 0.4705915891260719,
      "kendall_tau": 0.536717890662439,
      "spearman_correlation": 0.5891139953068442,
      "cohen_kappa": 0.3961760705630193,
      "cat_0_accuracy": 0.7134202836576152,
      "cat_1_accuracy": 0.2562024274840568,
      "cat_2_accuracy": 0.7661128251578023,
      "cat_0_precision": 0.6360401575803787,
      "cat_0_recall": 0.7134202836576152,
      "cat_0_f1": 0.672511673217105,
      "cat_1_precision": 0.39799309727725934,
      "cat_1_recall": 0.2562024274840568,
      "cat_1_f1": 0.31173187154263976,
      "cat_2_precision": 0.6670774387538818,
      "cat_2_recall": 0.7661128251578023,
      "cat_2_f1": 0.7131733923560334,
      "cross_entropy": 0.8679615204875464
    }
  ],
  "timestamp": "2025-08-02T01:48:29.468521"
}