{
  "config": {
    "model": "attn_gpcm",
    "models": null,
    "dataset": "synthetic_4000_200_3",
    "epochs": 5,
    "batch_size": 64,
    "lr": 0.001,
    "n_folds": 5,
    "no_cv": false,
    "cv": false,
    "seed": 42,
    "device": null,
    "loss": "ce",
    "ce_weight": 0.4,
    "qwk_weight": 0.2,
    "coral_weight": 0.4,
    "focal_gamma": 2.0,
    "focal_alpha": null,
    "focal_weight": 0.0,
    "triple_coral": false,
    "triple_ce_weight": 0.33,
    "triple_qwk_weight": 0.33,
    "triple_coral_weight": 0.34,
    "enable_threshold_coupling": false,
    "coupling_type": "linear",
    "threshold_gpcm_weight": 0.7,
    "threshold_coral_weight": 0.3,
    "fold": 1
  },
  "metrics": {
    "epoch": 5,
    "train_loss": 0.8184222793579101,
    "train_accuracy": 0.613082366260968,
    "gradient_norm": 0.22363077491521835,
    "learning_rate": 0.001,
    "categorical_accuracy": 0.6073457722049994,
    "ordinal_accuracy": 0.903931036867156,
    "quadratic_weighted_kappa": 0.5795951515615438,
    "mean_absolute_error": 0.48872319092784455,
    "kendall_tau": 0.5367235978252966,
    "spearman_correlation": 0.5834599818036516,
    "cohen_kappa": 0.3925350750946166,
    "cat_0_accuracy": 0.7742723456960022,
    "cat_1_accuracy": 0.14036025662115478,
    "cat_2_accuracy": 0.8021204588337476,
    "cat_0_precision": 0.6083418932799913,
    "cat_0_recall": 0.7742723456960022,
    "cat_0_f1": 0.6813502876173176,
    "cat_1_precision": 0.41394784718010913,
    "cat_1_recall": 0.14036025662115478,
    "cat_1_f1": 0.2096372961518381,
    "cat_2_precision": 0.6448521621881922,
    "cat_2_recall": 0.8021204588337476,
    "cat_2_f1": 0.7149397365224703,
    "cross_entropy": 0.8256828280736045,
    "best_epoch": 5,
    "total_epochs": 5,
    "parameters": 194348,
    "model_type": "EnhancedAttentionGPCM"
  },
  "training_history": [
    {
      "epoch": 1,
      "train_loss": 0.9768328309059143,
      "train_accuracy": 0.5253269176337391,
      "gradient_norm": 0.3680345442891121,
      "learning_rate": 0.001,
      "categorical_accuracy": 0.5763907296216478,
      "ordinal_accuracy": 0.8714893224694886,
      "quadratic_weighted_kappa": 0.511179061261281,
      "mean_absolute_error": 0.5521199479088635,
      "kendall_tau": 0.47815645138901225,
      "spearman_correlation": 0.5163883127227025,
      "cohen_kappa": 0.3397943590401862,
      "cat_0_accuracy": 0.7322989059382096,
      "cat_1_accuracy": 0.06892581016614575,
      "cat_2_accuracy": 0.8102369043697026,
      "cat_0_precision": 0.586622202623746,
      "cat_0_recall": 0.7322989059382096,
      "cat_0_f1": 0.65141545524101,
      "cat_1_precision": 0.3610512710038776,
      "cat_1_recall": 0.06892581016614575,
      "cat_1_f1": 0.11575385040403342,
      "cat_2_precision": 0.5900970662013306,
      "cat_2_recall": 0.8102369043697026,
      "cat_2_f1": 0.6828634172198803,
      "cross_entropy": 0.8866151344429166
    },
    {
      "epoch": 2,
      "train_loss": 0.8487626159191132,
      "train_accuracy": 0.5986640249080102,
      "gradient_norm": 0.22460896462202073,
      "learning_rate": 0.001,
      "categorical_accuracy": 0.5991287411692847,
      "ordinal_accuracy": 0.8903435479595717,
      "quadratic_weighted_kappa": 0.5599948785265111,
      "mean_absolute_error": 0.5105277108711436,
      "kendall_tau": 0.5250346654021384,
      "spearman_correlation": 0.5659066294134982,
      "cohen_kappa": 0.3751281194479751,
      "cat_0_accuracy": 0.7660840844973509,
      "cat_1_accuracy": 0.07065306793880573,
      "cat_2_accuracy": 0.8386594387373087,
      "cat_0_precision": 0.607906303748396,
      "cat_0_recall": 0.7660840844973509,
      "cat_0_f1": 0.6778902503995737,
      "cat_1_precision": 0.3914331282752335,
      "cat_1_recall": 0.07065306793880573,
      "cat_1_f1": 0.11970040062706845,
      "cat_2_precision": 0.6120254409546915,
      "cat_2_recall": 0.8386594387373087,
      "cat_2_f1": 0.7076394329180461,
      "cross_entropy": 0.8379817933332511
    },
    {
      "epoch": 3,
      "train_loss": 0.828483806848526,
      "train_accuracy": 0.6079620718935749,
      "gradient_norm": 0.26301959574222566,
      "learning_rate": 0.001,
      "categorical_accuracy": 0.602044461859377,
      "ordinal_accuracy": 0.894181235666294,
      "quadratic_weighted_kappa": 0.5648032676948984,
      "mean_absolute_error": 0.503774302474329,
      "kendall_tau": 0.5290005350071123,
      "spearman_correlation": 0.5715344530941757,
      "cohen_kappa": 0.37982826548761617,
      "cat_0_accuracy": 0.7458886671712655,
      "cat_1_accuracy": 0.08994077973350881,
      "cat_2_accuracy": 0.8497708826260145,
      "cat_0_precision": 0.6234901645001726,
      "cat_0_recall": 0.7458886671712655,
      "cat_0_f1": 0.6792192737867727,
      "cat_1_precision": 0.40447567967449605,
      "cat_1_recall": 0.08994077973350881,
      "cat_1_f1": 0.14715876593883526,
      "cat_2_precision": 0.6089672046703297,
      "cat_2_recall": 0.8497708826260145,
      "cat_2_f1": 0.709493504707368,
      "cross_entropy": 0.8334991157281002
    },
    {
      "epoch": 4,
      "train_loss": 0.8244339799880982,
      "train_accuracy": 0.6104557033682423,
      "gradient_norm": 0.29625041276216507,
      "learning_rate": 0.001,
      "categorical_accuracy": 0.6033467402703668,
      "ordinal_accuracy": 0.8980995954869715,
      "quadratic_weighted_kappa": 0.5687378054341753,
      "mean_absolute_error": 0.49855366424266173,
      "kendall_tau": 0.5304089844590805,
      "spearman_correlation": 0.5749388052696808,
      "cohen_kappa": 0.38314158243386387,
      "cat_0_accuracy": 0.7390077754076928,
      "cat_1_accuracy": 0.11317650929429182,
      "cat_2_accuracy": 0.8422234867770823,
      "cat_0_precision": 0.6271532846715329,
      "cat_0_recall": 0.7390077754076928,
      "cat_0_f1": 0.6785014846168425,
      "cat_1_precision": 0.4068598462448256,
      "cat_1_recall": 0.11317650929429182,
      "cat_1_f1": 0.1770913770913771,
      "cat_2_precision": 0.6145726336953908,
      "cat_2_recall": 0.8422234867770823,
      "cat_2_f1": 0.7106107699694236,
      "cross_entropy": 0.8336672101427214
    },
    {
      "epoch": 5,
      "train_loss": 0.8184222793579101,
      "train_accuracy": 0.613082366260968,
      "gradient_norm": 0.22363077491521835,
      "learning_rate": 0.001,
      "categorical_accuracy": 0.6073457722049994,
      "ordinal_accuracy": 0.903931036867156,
      "quadratic_weighted_kappa": 0.5795951515615438,
      "mean_absolute_error": 0.48872319092784455,
      "kendall_tau": 0.5367235978252966,
      "spearman_correlation": 0.5834599818036516,
      "cohen_kappa": 0.3925350750946166,
      "cat_0_accuracy": 0.7742723456960022,
      "cat_1_accuracy": 0.14036025662115478,
      "cat_2_accuracy": 0.8021204588337476,
      "cat_0_precision": 0.6083418932799913,
      "cat_0_recall": 0.7742723456960022,
      "cat_0_f1": 0.6813502876173176,
      "cat_1_precision": 0.41394784718010913,
      "cat_1_recall": 0.14036025662115478,
      "cat_1_f1": 0.2096372961518381,
      "cat_2_precision": 0.6448521621881922,
      "cat_2_recall": 0.8021204588337476,
      "cat_2_f1": 0.7149397365224703,
      "cross_entropy": 0.8256828280736045
    }
  ],
  "timestamp": "2025-08-02T01:55:37.768956"
}