{
  "config": {
    "model": "deep_gpcm",
    "models": null,
    "dataset": "synthetic_4000_200_3",
    "epochs": 5,
    "batch_size": 64,
    "lr": 0.001,
    "n_folds": 5,
    "no_cv": false,
    "cv": false,
    "seed": 42,
    "device": null,
    "loss": "focal",
    "ce_weight": 0.4,
    "qwk_weight": 0.2,
    "coral_weight": 0.4,
    "focal_gamma": 2.0,
    "focal_alpha": null,
    "focal_weight": 0.0,
    "triple_coral": false,
    "triple_ce_weight": 0.33,
    "triple_qwk_weight": 0.33,
    "triple_coral_weight": 0.34,
    "enable_threshold_coupling": false,
    "coupling_type": "linear",
    "threshold_gpcm_weight": 0.7,
    "threshold_coral_weight": 0.3,
    "fold": 5
  },
  "metrics": {
    "epoch": 5,
    "train_loss": 0.34695142805576323,
    "train_accuracy": 0.6082382701681401,
    "gradient_norm": 0.061451151110231875,
    "learning_rate": 0.001,
    "categorical_accuracy": 0.6076062185518626,
    "ordinal_accuracy": 0.9234865407612988,
    "quadratic_weighted_kappa": 0.5924746877395558,
    "mean_absolute_error": 0.4689072406868386,
    "kendall_tau": 0.5396914289157146,
    "spearman_correlation": 0.5931365835665771,
    "cohen_kappa": 0.3981759671081325,
    "cat_0_accuracy": 0.7221800882515168,
    "cat_1_accuracy": 0.27105866928875777,
    "cat_2_accuracy": 0.7464652773834535,
    "cat_0_precision": 0.6318885168763008,
    "cat_0_recall": 0.7221800882515168,
    "cat_0_f1": 0.6740239056643232,
    "cat_1_precision": 0.39327111692325983,
    "cat_1_recall": 0.27105866928875777,
    "cat_1_f1": 0.32092357692027845,
    "cat_2_precision": 0.6800475919507527,
    "cat_2_recall": 0.7464652773834535,
    "cat_2_f1": 0.711710248497645,
    "cross_entropy": 0.8630479046466358,
    "best_epoch": 5,
    "total_epochs": 5,
    "parameters": 238504,
    "model_type": "DeepGPCM"
  },
  "training_history": [
    {
      "epoch": 1,
      "train_loss": 0.4198653745651245,
      "train_accuracy": 0.521738140698227,
      "gradient_norm": 0.15023387886583806,
      "learning_rate": 0.001,
      "categorical_accuracy": 0.5840835758929579,
      "ordinal_accuracy": 0.8770730386515941,
      "quadratic_weighted_kappa": 0.5200440592967372,
      "mean_absolute_error": 0.538843385455448,
      "kendall_tau": 0.4862640500812017,
      "spearman_correlation": 0.5263829502601306,
      "cohen_kappa": 0.34743962619389723,
      "cat_0_accuracy": 0.7021511307225593,
      "cat_1_accuracy": 0.08710258931497869,
      "cat_2_accuracy": 0.8312418374879337,
      "cat_0_precision": 0.6027283756991093,
      "cat_0_recall": 0.7021511307225593,
      "cat_0_f1": 0.6486520915272049,
      "cat_1_precision": 0.36566907464740284,
      "cat_1_recall": 0.08710258931497869,
      "cat_1_f1": 0.1406922109721395,
      "cat_2_precision": 0.597132426424099,
      "cat_2_recall": 0.8312418374879337,
      "cat_2_f1": 0.6950019583872384,
      "cross_entropy": 0.9054729906546295
    },
    {
      "epoch": 2,
      "train_loss": 0.3628341966867447,
      "train_accuracy": 0.594540068804011,
      "gradient_norm": 0.10603133235126734,
      "learning_rate": 0.001,
      "categorical_accuracy": 0.5989191994404206,
      "ordinal_accuracy": 0.896500372300819,
      "quadratic_weighted_kappa": 0.5598940372483564,
      "mean_absolute_error": 0.5045804282587604,
      "kendall_tau": 0.5170928864378233,
      "spearman_correlation": 0.5631192209711093,
      "cohen_kappa": 0.37730744669185456,
      "cat_0_accuracy": 0.7609280198565913,
      "cat_1_accuracy": 0.13950344149459193,
      "cat_2_accuracy": 0.7838566804837885,
      "cat_0_precision": 0.5939509727417055,
      "cat_0_recall": 0.7609280198565913,
      "cat_0_f1": 0.667150262199453,
      "cat_1_precision": 0.38785738694612143,
      "cat_1_recall": 0.13950344149459193,
      "cat_1_f1": 0.20520083165094766,
      "cat_2_precision": 0.6466413715570545,
      "cat_2_recall": 0.7838566804837885,
      "cat_2_f1": 0.7086680869632177,
      "cross_entropy": 0.8860494137298931
    },
    {
      "epoch": 3,
      "train_loss": 0.35357518672943117,
      "train_accuracy": 0.6037822287605319,
      "gradient_norm": 0.08015551630407572,
      "learning_rate": 0.001,
      "categorical_accuracy": 0.6057672781425574,
      "ordinal_accuracy": 0.9098355107290327,
      "quadratic_weighted_kappa": 0.5776140244923236,
      "mean_absolute_error": 0.48439721112840994,
      "kendall_tau": 0.5299520682448299,
      "spearman_correlation": 0.5797687657094575,
      "cohen_kappa": 0.38946275072055425,
      "cat_0_accuracy": 0.7235590182018753,
      "cat_1_accuracy": 0.19444444444444445,
      "cat_2_accuracy": 0.7937936516949634,
      "cat_0_precision": 0.6260327497241029,
      "cat_0_recall": 0.7235590182018753,
      "cat_0_f1": 0.6712720876309267,
      "cat_1_precision": 0.39431704885343966,
      "cat_1_recall": 0.19444444444444445,
      "cat_1_f1": 0.26045439578531443,
      "cat_2_precision": 0.6490771909460243,
      "cat_2_recall": 0.7937936516949634,
      "cat_2_f1": 0.7141780655708393,
      "cross_entropy": 0.8725851682292958
    },
    {
      "epoch": 4,
      "train_loss": 0.3489396345615387,
      "train_accuracy": 0.6080049397751491,
      "gradient_norm": 0.05776825875043869,
      "learning_rate": 0.001,
      "categorical_accuracy": 0.6075272456508495,
      "ordinal_accuracy": 0.9195040501816377,
      "quadratic_weighted_kappa": 0.5883645454241269,
      "mean_absolute_error": 0.4729687041675128,
      "kendall_tau": 0.5368792131880336,
      "spearman_correlation": 0.5893717659328279,
      "cohen_kappa": 0.3960522211905244,
      "cat_0_accuracy": 0.7184569773855488,
      "cat_1_accuracy": 0.24766470009832842,
      "cat_2_accuracy": 0.7655442621089092,
      "cat_0_precision": 0.6313732618376806,
      "cat_0_recall": 0.7184569773855488,
      "cat_0_f1": 0.672106035441895,
      "cat_1_precision": 0.39419628301271603,
      "cat_1_recall": 0.24766470009832842,
      "cat_1_f1": 0.30420451400246584,
      "cat_2_precision": 0.6691815158584404,
      "cat_2_recall": 0.7655442621089092,
      "cat_2_f1": 0.71412680756396,
      "cross_entropy": 0.8704979848105209
    },
    {
      "epoch": 5,
      "train_loss": 0.34695142805576323,
      "train_accuracy": 0.6082382701681401,
      "gradient_norm": 0.061451151110231875,
      "learning_rate": 0.001,
      "categorical_accuracy": 0.6076062185518626,
      "ordinal_accuracy": 0.9234865407612988,
      "quadratic_weighted_kappa": 0.5924746877395558,
      "mean_absolute_error": 0.4689072406868386,
      "kendall_tau": 0.5396914289157146,
      "spearman_correlation": 0.5931365835665771,
      "cohen_kappa": 0.3981759671081325,
      "cat_0_accuracy": 0.7221800882515168,
      "cat_1_accuracy": 0.27105866928875777,
      "cat_2_accuracy": 0.7464652773834535,
      "cat_0_precision": 0.6318885168763008,
      "cat_0_recall": 0.7221800882515168,
      "cat_0_f1": 0.6740239056643232,
      "cat_1_precision": 0.39327111692325983,
      "cat_1_recall": 0.27105866928875777,
      "cat_1_f1": 0.32092357692027845,
      "cat_2_precision": 0.6800475919507527,
      "cat_2_recall": 0.7464652773834535,
      "cat_2_f1": 0.711710248497645,
      "cross_entropy": 0.8630479046466358
    }
  ],
  "timestamp": "2025-08-02T01:53:04.568600"
}