{
  "config": {
    "model": "deep_gpcm",
    "models": null,
    "dataset": "synthetic_4000_200_3",
    "epochs": 5,
    "batch_size": 64,
    "lr": 0.001,
    "n_folds": 5,
    "no_cv": false,
    "cv": false,
    "seed": 42,
    "device": null,
    "loss": "focal",
    "ce_weight": 0.4,
    "qwk_weight": 0.2,
    "coral_weight": 0.4,
    "focal_gamma": 2.0,
    "focal_alpha": null,
    "focal_weight": 0.0,
    "triple_coral": false,
    "triple_ce_weight": 0.33,
    "triple_qwk_weight": 0.33,
    "triple_coral_weight": 0.34,
    "enable_threshold_coupling": false,
    "coupling_type": "linear",
    "threshold_gpcm_weight": 0.7,
    "threshold_coral_weight": 0.3,
    "fold": 1
  },
  "metrics": {
    "epoch": 5,
    "train_loss": 0.3456930249929428,
    "train_accuracy": 0.6098131899235777,
    "gradient_norm": 0.07402088593691587,
    "learning_rate": 0.001,
    "categorical_accuracy": 0.6009957243779603,
    "ordinal_accuracy": 0.9205610169296193,
    "quadratic_weighted_kappa": 0.5815934525681661,
    "mean_absolute_error": 0.47844325869242027,
    "kendall_tau": 0.5302909811476718,
    "spearman_correlation": 0.5830616966849511,
    "cohen_kappa": 0.3887013516468171,
    "cat_0_accuracy": 0.6930434184270281,
    "cat_1_accuracy": 0.26398256292153316,
    "cat_2_accuracy": 0.7663002785348468,
    "cat_0_precision": 0.6451654229254076,
    "cat_0_recall": 0.6930434184270281,
    "cat_0_f1": 0.668247939093367,
    "cat_1_precision": 0.39499107747215556,
    "cat_1_recall": 0.26398256292153316,
    "cat_1_f1": 0.3164641210836394,
    "cat_2_precision": 0.6510929587500318,
    "cat_2_recall": 0.7663002785348468,
    "cat_2_f1": 0.704014528244779,
    "cross_entropy": 0.875999032779719,
    "best_epoch": 5,
    "total_epochs": 5,
    "parameters": 238504,
    "model_type": "DeepGPCM"
  },
  "training_history": [
    {
      "epoch": 1,
      "train_loss": 0.4202360540628433,
      "train_accuracy": 0.5179818850834984,
      "gradient_norm": 0.12581313319504261,
      "learning_rate": 0.001,
      "categorical_accuracy": 0.581980154659967,
      "ordinal_accuracy": 0.8791762224706411,
      "quadratic_weighted_kappa": 0.5230698516813297,
      "mean_absolute_error": 0.5388436228693918,
      "kendall_tau": 0.4865402710326608,
      "spearman_correlation": 0.5275411619962178,
      "cohen_kappa": 0.3503393636811154,
      "cat_0_accuracy": 0.7318860524323952,
      "cat_1_accuracy": 0.10042770192465866,
      "cat_2_accuracy": 0.8021803588008026,
      "cat_0_precision": 0.5935381267263748,
      "cat_0_recall": 0.7318860524323952,
      "cat_0_f1": 0.6554917035142589,
      "cat_1_precision": 0.3842039018250472,
      "cat_1_recall": 0.10042770192465866,
      "cat_1_f1": 0.15923317683881064,
      "cat_2_precision": 0.6008884102840221,
      "cat_2_recall": 0.8021803588008026,
      "cat_2_f1": 0.6870951605248644,
      "cross_entropy": 0.912770651503465
    },
    {
      "epoch": 2,
      "train_loss": 0.36169639945030213,
      "train_accuracy": 0.59648740447212,
      "gradient_norm": 0.0717943749204278,
      "learning_rate": 0.001,
      "categorical_accuracy": 0.5931359555611898,
      "ordinal_accuracy": 0.894377153657328,
      "quadratic_weighted_kappa": 0.5511891393440242,
      "mean_absolute_error": 0.5124868907814822,
      "kendall_tau": 0.508923361677963,
      "spearman_correlation": 0.5544790083043502,
      "cohen_kappa": 0.370827388489236,
      "cat_0_accuracy": 0.7506020780293126,
      "cat_1_accuracy": 0.14303339365027143,
      "cat_2_accuracy": 0.7838509688819671,
      "cat_0_precision": 0.5999120081392472,
      "cat_0_recall": 0.7506020780293126,
      "cat_0_f1": 0.666850060367093,
      "cat_1_precision": 0.3961726848160383,
      "cat_1_recall": 0.14303339365027143,
      "cat_1_f1": 0.21018280707055448,
      "cat_2_precision": 0.6287567567567568,
      "cat_2_recall": 0.7838509688819671,
      "cat_2_f1": 0.697789745914096,
      "cross_entropy": 0.8927342585754908
    },
    {
      "epoch": 3,
      "train_loss": 0.35465872585773467,
      "train_accuracy": 0.6025757146900651,
      "gradient_norm": 0.0879564829915762,
      "learning_rate": 0.001,
      "categorical_accuracy": 0.5978379873460027,
      "ordinal_accuracy": 0.9048299547083704,
      "quadratic_weighted_kappa": 0.564318689367389,
      "mean_absolute_error": 0.497332057945627,
      "kendall_tau": 0.5182951481190833,
      "spearman_correlation": 0.5670361386445203,
      "cohen_kappa": 0.3797757502972321,
      "cat_0_accuracy": 0.7219775682928508,
      "cat_1_accuracy": 0.18847672314525415,
      "cat_2_accuracy": 0.7878942166581808,
      "cat_0_precision": 0.6222017967800278,
      "cat_0_recall": 0.7219775682928508,
      "cat_0_f1": 0.6683866036023124,
      "cat_1_precision": 0.39893802228412256,
      "cat_1_recall": 0.18847672314525415,
      "cat_1_f1": 0.2560049156518825,
      "cat_2_precision": 0.6330493791510251,
      "cat_2_recall": 0.7878942166581808,
      "cat_2_f1": 0.7020348255387284,
      "cross_entropy": 0.88459595954221
    },
    {
      "epoch": 4,
      "train_loss": 0.3491255682706833,
      "train_accuracy": 0.6079281064251344,
      "gradient_norm": 0.05747512426227331,
      "learning_rate": 0.001,
      "categorical_accuracy": 0.6012838390706573,
      "ordinal_accuracy": 0.9143492641550749,
      "quadratic_weighted_kappa": 0.5773818173083979,
      "mean_absolute_error": 0.4843668967742679,
      "kendall_tau": 0.5276627612258578,
      "spearman_correlation": 0.5790317556296563,
      "cohen_kappa": 0.38778831621941157,
      "cat_0_accuracy": 0.72166792816349,
      "cat_1_accuracy": 0.22956078302352362,
      "cat_2_accuracy": 0.767198778040672,
      "cat_0_precision": 0.6279299506061967,
      "cat_0_recall": 0.72166792816349,
      "cat_0_f1": 0.6715435962286501,
      "cat_1_precision": 0.3983443944908299,
      "cat_1_recall": 0.22956078302352362,
      "cat_1_f1": 0.29126770852357226,
      "cat_2_precision": 0.6509287729016847,
      "cat_2_recall": 0.767198778040672,
      "cat_2_f1": 0.7042973797805945,
      "cross_entropy": 0.8776518219049013
    },
    {
      "epoch": 5,
      "train_loss": 0.3456930249929428,
      "train_accuracy": 0.6098131899235777,
      "gradient_norm": 0.07402088593691587,
      "learning_rate": 0.001,
      "categorical_accuracy": 0.6009957243779603,
      "ordinal_accuracy": 0.9205610169296193,
      "quadratic_weighted_kappa": 0.5815934525681661,
      "mean_absolute_error": 0.47844325869242027,
      "kendall_tau": 0.5302909811476718,
      "spearman_correlation": 0.5830616966849511,
      "cohen_kappa": 0.3887013516468171,
      "cat_0_accuracy": 0.6930434184270281,
      "cat_1_accuracy": 0.26398256292153316,
      "cat_2_accuracy": 0.7663002785348468,
      "cat_0_precision": 0.6451654229254076,
      "cat_0_recall": 0.6930434184270281,
      "cat_0_f1": 0.668247939093367,
      "cat_1_precision": 0.39499107747215556,
      "cat_1_recall": 0.26398256292153316,
      "cat_1_f1": 0.3164641210836394,
      "cat_2_precision": 0.6510929587500318,
      "cat_2_recall": 0.7663002785348468,
      "cat_2_f1": 0.704014528244779,
      "cross_entropy": 0.875999032779719
    }
  ],
  "timestamp": "2025-08-02T01:43:58.156342"
}