{
  "config": {
    "model": "attn_gpcm",
    "models": null,
    "dataset": "synthetic_4000_200_3",
    "epochs": 5,
    "batch_size": 64,
    "lr": 0.001,
    "n_folds": 5,
    "no_cv": false,
    "cv": false,
    "seed": 42,
    "device": null,
    "loss": "ce",
    "ce_weight": 0.4,
    "qwk_weight": 0.2,
    "coral_weight": 0.4,
    "focal_gamma": 2.0,
    "focal_alpha": null,
    "focal_weight": 0.0,
    "triple_coral": false,
    "triple_ce_weight": 0.33,
    "triple_qwk_weight": 0.33,
    "triple_coral_weight": 0.34,
    "enable_threshold_coupling": false,
    "coupling_type": "linear",
    "threshold_gpcm_weight": 0.7,
    "threshold_coral_weight": 0.3,
    "fold": 3
  },
  "metrics": {
    "epoch": 5,
    "train_loss": 0.8202367317676544,
    "train_accuracy": 0.6128669741042923,
    "gradient_norm": 0.26200406700372697,
    "learning_rate": 0.001,
    "categorical_accuracy": 0.6122172048896187,
    "ordinal_accuracy": 0.9051724137931034,
    "quadratic_weighted_kappa": 0.583116481295515,
    "mean_absolute_error": 0.48261038131727785,
    "kendall_tau": 0.5398745426912843,
    "spearman_correlation": 0.586360220437699,
    "cohen_kappa": 0.39658062471521494,
    "cat_0_accuracy": 0.7681918608794811,
    "cat_1_accuracy": 0.1421929644106151,
    "cat_2_accuracy": 0.8116844518667383,
    "cat_0_precision": 0.6061466651670229,
    "cat_0_recall": 0.7681918608794811,
    "cat_0_f1": 0.6776160689026499,
    "cat_1_precision": 0.4164859002169197,
    "cat_1_recall": 0.1421929644106151,
    "cat_1_f1": 0.2120050302119437,
    "cat_2_precision": 0.6541953734543962,
    "cat_2_recall": 0.8116844518667383,
    "cat_2_f1": 0.7244798706466404,
    "cross_entropy": 0.818096238727794,
    "best_epoch": 5,
    "total_epochs": 5,
    "parameters": 194348,
    "model_type": "EnhancedAttentionGPCM"
  },
  "training_history": [
    {
      "epoch": 1,
      "train_loss": 0.9662987911701202,
      "train_accuracy": 0.5322596665484214,
      "gradient_norm": 0.4078429071605206,
      "learning_rate": 0.001,
      "categorical_accuracy": 0.5853858784893268,
      "ordinal_accuracy": 0.8739281153074256,
      "quadratic_weighted_kappa": 0.5244762100054845,
      "mean_absolute_error": 0.5406860062032476,
      "kendall_tau": 0.4922032569063244,
      "spearman_correlation": 0.5294335700909696,
      "cohen_kappa": 0.35089895341930843,
      "cat_0_accuracy": 0.7704368897441379,
      "cat_1_accuracy": 0.05537955153260646,
      "cat_2_accuracy": 0.8030230122562201,
      "cat_0_precision": 0.562508130610121,
      "cat_0_recall": 0.7704368897441379,
      "cat_0_f1": 0.6502548987172354,
      "cat_1_precision": 0.364670820915741,
      "cat_1_recall": 0.05537955153260646,
      "cat_1_f1": 0.09615659379911416,
      "cat_2_precision": 0.6225587008997148,
      "cat_2_recall": 0.8030230122562201,
      "cat_2_f1": 0.7013683729094303,
      "cross_entropy": 0.8732983205802138
    },
    {
      "epoch": 2,
      "train_loss": 0.8479892575740814,
      "train_accuracy": 0.5986974104292302,
      "gradient_norm": 0.3316242755949497,
      "learning_rate": 0.001,
      "categorical_accuracy": 0.6030719759168035,
      "ordinal_accuracy": 0.8911238825031929,
      "quadratic_weighted_kappa": 0.5606096007922704,
      "mean_absolute_error": 0.5058041415800036,
      "kendall_tau": 0.5247200512128166,
      "spearman_correlation": 0.5654897736286737,
      "cohen_kappa": 0.3771351291188224,
      "cat_0_accuracy": 0.7598531822393272,
      "cat_1_accuracy": 0.07595145031886442,
      "cat_2_accuracy": 0.8411786351156274,
      "cat_0_precision": 0.6022255486203293,
      "cat_0_recall": 0.7598531822393272,
      "cat_0_f1": 0.6719185744221589,
      "cat_1_precision": 0.3971600688468158,
      "cat_1_recall": 0.07595145031886442,
      "cat_1_f1": 0.12751701032708182,
      "cat_2_precision": 0.6237904326105665,
      "cat_2_recall": 0.8411786351156274,
      "cat_2_f1": 0.7163553091478848,
      "cross_entropy": 0.8319619656033006
    },
    {
      "epoch": 3,
      "train_loss": 0.8293028962612152,
      "train_accuracy": 0.6072252571833984,
      "gradient_norm": 0.23496941596269608,
      "learning_rate": 0.001,
      "categorical_accuracy": 0.605797299762817,
      "ordinal_accuracy": 0.8950465243568692,
      "quadratic_weighted_kappa": 0.5635617479406794,
      "mean_absolute_error": 0.4991561758803138,
      "kendall_tau": 0.5279753083521778,
      "spearman_correlation": 0.5704161535359744,
      "cohen_kappa": 0.3802980509111289,
      "cat_0_accuracy": 0.7248236048749198,
      "cat_1_accuracy": 0.09738736885414524,
      "cat_2_accuracy": 0.8610206912168473,
      "cat_0_precision": 0.626713911569866,
      "cat_0_recall": 0.7248236048749198,
      "cat_0_f1": 0.6722078093758779,
      "cat_1_precision": 0.4084555651423641,
      "cat_1_recall": 0.09738736885414524,
      "cat_1_f1": 0.15727574750830564,
      "cat_2_precision": 0.6151963758443555,
      "cat_2_recall": 0.8610206912168473,
      "cat_2_f1": 0.7176408139191979,
      "cross_entropy": 0.8306139730093569
    },
    {
      "epoch": 4,
      "train_loss": 0.824307668209076,
      "train_accuracy": 0.610355445193331,
      "gradient_norm": 0.268632565587759,
      "learning_rate": 0.001,
      "categorical_accuracy": 0.6098909870461594,
      "ordinal_accuracy": 0.9018541324575807,
      "quadratic_weighted_kappa": 0.5770051129051558,
      "mean_absolute_error": 0.4882548804962598,
      "kendall_tau": 0.5356543865522427,
      "spearman_correlation": 0.5808450275105275,
      "cohen_kappa": 0.3909419573119186,
      "cat_0_accuracy": 0.7551493122371891,
      "cat_1_accuracy": 0.12474799423986833,
      "cat_2_accuracy": 0.8282713917744629,
      "cat_0_precision": 0.610199262842663,
      "cat_0_recall": 0.7551493122371891,
      "cat_0_f1": 0.6749800923713967,
      "cat_1_precision": 0.4117886730952058,
      "cat_1_recall": 0.12474799423986833,
      "cat_1_f1": 0.19148667424529495,
      "cat_2_precision": 0.6416401710338778,
      "cat_2_recall": 0.8282713917744629,
      "cat_2_f1": 0.7231077173993624,
      "cross_entropy": 0.8206412566204302
    },
    {
      "epoch": 5,
      "train_loss": 0.8202367317676544,
      "train_accuracy": 0.6128669741042923,
      "gradient_norm": 0.26200406700372697,
      "learning_rate": 0.001,
      "categorical_accuracy": 0.6122172048896187,
      "ordinal_accuracy": 0.9051724137931034,
      "quadratic_weighted_kappa": 0.583116481295515,
      "mean_absolute_error": 0.48261038131727785,
      "kendall_tau": 0.5398745426912843,
      "spearman_correlation": 0.586360220437699,
      "cohen_kappa": 0.39658062471521494,
      "cat_0_accuracy": 0.7681918608794811,
      "cat_1_accuracy": 0.1421929644106151,
      "cat_2_accuracy": 0.8116844518667383,
      "cat_0_precision": 0.6061466651670229,
      "cat_0_recall": 0.7681918608794811,
      "cat_0_f1": 0.6776160689026499,
      "cat_1_precision": 0.4164859002169197,
      "cat_1_recall": 0.1421929644106151,
      "cat_1_f1": 0.2120050302119437,
      "cat_2_precision": 0.6541953734543962,
      "cat_2_recall": 0.8116844518667383,
      "cat_2_f1": 0.7244798706466404,
      "cross_entropy": 0.818096238727794
    }
  ],
  "timestamp": "2025-08-02T02:00:19.293895"
}