{
  "config": {
    "model": "deep_gpcm",
    "models": null,
    "dataset": "synthetic_4000_200_3",
    "epochs": 5,
    "batch_size": 64,
    "lr": 0.001,
    "n_folds": 5,
    "no_cv": false,
    "cv": false,
    "seed": 42,
    "device": null,
    "loss": "focal",
    "ce_weight": 0.4,
    "qwk_weight": 0.2,
    "coral_weight": 0.4,
    "focal_gamma": 2.0,
    "focal_alpha": null,
    "focal_weight": 0.0,
    "triple_coral": false,
    "triple_ce_weight": 0.33,
    "triple_qwk_weight": 0.33,
    "triple_coral_weight": 0.34,
    "enable_threshold_coupling": false,
    "coupling_type": "linear",
    "threshold_gpcm_weight": 0.7,
    "threshold_coral_weight": 0.3,
    "fold": 2
  },
  "metrics": {
    "epoch": 5,
    "train_loss": 0.3466909658908844,
    "train_accuracy": 0.6082807712332392,
    "gradient_norm": 0.06113124493509531,
    "learning_rate": 0.001,
    "categorical_accuracy": 0.6078548689349981,
    "ordinal_accuracy": 0.9240139080174302,
    "quadratic_weighted_kappa": 0.5916494760470088,
    "mean_absolute_error": 0.46813122304757177,
    "kendall_tau": 0.5391349035405039,
    "spearman_correlation": 0.5923131522150297,
    "cohen_kappa": 0.3969136633256606,
    "cat_0_accuracy": 0.69726528479359,
    "cat_1_accuracy": 0.2690581129611492,
    "cat_2_accuracy": 0.7699940632685947,
    "cat_0_precision": 0.6432795526129717,
    "cat_0_recall": 0.69726528479359,
    "cat_0_f1": 0.6691853758839165,
    "cat_1_precision": 0.39507430488974116,
    "cat_1_recall": 0.2690581129611492,
    "cat_1_f1": 0.32011070110701106,
    "cat_2_precision": 0.6679009318293281,
    "cat_2_recall": 0.7699940632685947,
    "cat_2_f1": 0.715323099549591,
    "cross_entropy": 0.8636015728883153,
    "best_epoch": 5,
    "total_epochs": 5,
    "parameters": 238504,
    "model_type": "DeepGPCM"
  },
  "training_history": [
    {
      "epoch": 1,
      "train_loss": 0.427160462141037,
      "train_accuracy": 0.5124882997760954,
      "gradient_norm": 0.1046305650472641,
      "learning_rate": 0.001,
      "categorical_accuracy": 0.5789325145063331,
      "ordinal_accuracy": 0.8751439344336321,
      "quadratic_weighted_kappa": 0.5116554301430668,
      "mean_absolute_error": 0.5459235510600348,
      "kendall_tau": 0.47499930376189065,
      "spearman_correlation": 0.5152668712257171,
      "cohen_kappa": 0.34168461958110685,
      "cat_0_accuracy": 0.7154851071241944,
      "cat_1_accuracy": 0.09855533790401567,
      "cat_2_accuracy": 0.8008933367257512,
      "cat_0_precision": 0.5847783377466473,
      "cat_0_recall": 0.7154851071241944,
      "cat_0_f1": 0.6435621846896249,
      "cat_1_precision": 0.36785986290936784,
      "cat_1_recall": 0.09855533790401567,
      "cat_1_f1": 0.15546042679197913,
      "cat_2_precision": 0.6041026953258274,
      "cat_2_recall": 0.8008933367257512,
      "cat_2_f1": 0.6887162843841544,
      "cross_entropy": 0.9202391593992172
    },
    {
      "epoch": 2,
      "train_loss": 0.3654784482717514,
      "train_accuracy": 0.5922660453100951,
      "gradient_norm": 0.09025699108839035,
      "learning_rate": 0.001,
      "categorical_accuracy": 0.5977399471675962,
      "ordinal_accuracy": 0.8976315730058025,
      "quadratic_weighted_kappa": 0.556356280982237,
      "mean_absolute_error": 0.5046284798266013,
      "kendall_tau": 0.5134597101521294,
      "spearman_correlation": 0.5596295828894661,
      "cohen_kappa": 0.3737683867954754,
      "cat_0_accuracy": 0.7216512802647622,
      "cat_1_accuracy": 0.14752693437806072,
      "cat_2_accuracy": 0.8090634099454386,
      "cat_0_precision": 0.611097999881999,
      "cat_0_recall": 0.7216512802647622,
      "cat_0_f1": 0.6617893711164001,
      "cat_1_precision": 0.38908621246367453,
      "cat_1_recall": 0.14752693437806072,
      "cat_1_f1": 0.2139369729249889,
      "cat_2_precision": 0.6304716586257793,
      "cat_2_recall": 0.8090634099454386,
      "cat_2_f1": 0.7086892999529505,
      "cross_entropy": 0.8886438844155935
    },
    {
      "epoch": 3,
      "train_loss": 0.3552374804019928,
      "train_accuracy": 0.6019790093004334,
      "gradient_norm": 0.0790458283945918,
      "learning_rate": 0.001,
      "categorical_accuracy": 0.6032602560339573,
      "ordinal_accuracy": 0.909394685150482,
      "quadratic_weighted_kappa": 0.5754774252328279,
      "mean_absolute_error": 0.4873450588155607,
      "kendall_tau": 0.5275153280230666,
      "spearman_correlation": 0.5773644679755305,
      "cohen_kappa": 0.3863135134670551,
      "cat_0_accuracy": 0.73488939209197,
      "cat_1_accuracy": 0.19107084557623244,
      "cat_2_accuracy": 0.7819806066774093,
      "cat_0_precision": 0.6134942562163734,
      "cat_0_recall": 0.73488939209197,
      "cat_0_f1": 0.6687272150895546,
      "cat_1_precision": 0.39088328602437805,
      "cat_1_recall": 0.19107084557623244,
      "cat_1_f1": 0.25667452442300315,
      "cat_2_precision": 0.6551789478670741,
      "cat_2_recall": 0.7819806066774093,
      "cat_2_f1": 0.7129858748324569,
      "cross_entropy": 0.8765784926003545
    },
    {
      "epoch": 4,
      "train_loss": 0.3499562191963196,
      "train_accuracy": 0.6062949338386123,
      "gradient_norm": 0.10601726427674293,
      "learning_rate": 0.001,
      "categorical_accuracy": 0.6069404619448646,
      "ordinal_accuracy": 0.9189112912329819,
      "quadratic_weighted_kappa": 0.5867435044826024,
      "mean_absolute_error": 0.4741482468221535,
      "kendall_tau": 0.5354826705151348,
      "spearman_correlation": 0.587619048352262,
      "cohen_kappa": 0.39430229149222007,
      "cat_0_accuracy": 0.7145445044417349,
      "cat_1_accuracy": 0.2410218739797584,
      "cat_2_accuracy": 0.7731037797189947,
      "cat_0_precision": 0.6323529411764706,
      "cat_0_recall": 0.7145445044417349,
      "cat_0_f1": 0.6709409397949003,
      "cat_1_precision": 0.3952352271966807,
      "cat_1_recall": 0.2410218739797584,
      "cat_1_f1": 0.299439754607448,
      "cat_2_precision": 0.6637138072470451,
      "cat_2_recall": 0.7731037797189947,
      "cat_2_f1": 0.714244671959883,
      "cross_entropy": 0.8679015947104667
    },
    {
      "epoch": 5,
      "train_loss": 0.3466909658908844,
      "train_accuracy": 0.6082807712332392,
      "gradient_norm": 0.06113124493509531,
      "learning_rate": 0.001,
      "categorical_accuracy": 0.6078548689349981,
      "ordinal_accuracy": 0.9240139080174302,
      "quadratic_weighted_kappa": 0.5916494760470088,
      "mean_absolute_error": 0.46813122304757177,
      "kendall_tau": 0.5391349035405039,
      "spearman_correlation": 0.5923131522150297,
      "cohen_kappa": 0.3969136633256606,
      "cat_0_accuracy": 0.69726528479359,
      "cat_1_accuracy": 0.2690581129611492,
      "cat_2_accuracy": 0.7699940632685947,
      "cat_0_precision": 0.6432795526129717,
      "cat_0_recall": 0.69726528479359,
      "cat_0_f1": 0.6691853758839165,
      "cat_1_precision": 0.39507430488974116,
      "cat_1_recall": 0.2690581129611492,
      "cat_1_f1": 0.32011070110701106,
      "cat_2_precision": 0.6679009318293281,
      "cat_2_recall": 0.7699940632685947,
      "cat_2_f1": 0.715323099549591,
      "cross_entropy": 0.8636015728883153
    }
  ],
  "timestamp": "2025-08-02T01:46:06.206667"
}