{
  "config": {
    "model": "coral_gpcm_proper",
    "models": null,
    "dataset": "synthetic_4000_200_3",
    "epochs": 5,
    "batch_size": 64,
    "lr": 0.001,
    "n_folds": 5,
    "no_cv": false,
    "cv": false,
    "seed": 42,
    "device": null,
    "loss": "combined",
    "ce_weight": 0.0,
    "qwk_weight": 0.2,
    "coral_weight": 0.4,
    "focal_gamma": 2.0,
    "focal_alpha": null,
    "focal_weight": 0.4,
    "triple_coral": false,
    "triple_ce_weight": 0.33,
    "triple_qwk_weight": 0.33,
    "triple_coral_weight": 0.34,
    "enable_threshold_coupling": false,
    "coupling_type": "linear",
    "threshold_gpcm_weight": 0.7,
    "threshold_coral_weight": 0.3,
    "fold": 4
  },
  "metrics": {
    "epoch": 5,
    "train_loss": 0.25496469289064405,
    "train_accuracy": 0.6057289578517261,
    "gradient_norm": 0.09168592929840087,
    "learning_rate": 0.001,
    "categorical_accuracy": 0.6093297429398986,
    "ordinal_accuracy": 0.9348864047791455,
    "quadratic_weighted_kappa": 0.6109974080572772,
    "mean_absolute_error": 0.4557838522809558,
    "kendall_tau": 0.55551803490864,
    "spearman_correlation": 0.6121898994713415,
    "cohen_kappa": 0.40465263226041326,
    "cat_0_accuracy": 0.7354919961555033,
    "cat_1_accuracy": 0.30942340612083,
    "cat_2_accuracy": 0.7078809106830123,
    "cat_0_precision": 0.6483770123002308,
    "cat_0_recall": 0.7354919961555033,
    "cat_0_f1": 0.689192546583851,
    "cat_1_precision": 0.37724611860524304,
    "cat_1_recall": 0.30942340612083,
    "cat_1_f1": 0.3399853197541059,
    "cat_2_precision": 0.702712100139082,
    "cat_2_recall": 0.7078809106830123,
    "cat_2_f1": 0.7052870354213924,
    "cross_entropy": 0.8271387006661042,
    "best_epoch": 5,
    "total_epochs": 5,
    "parameters": 241156,
    "model_type": "CORALGPCM"
  },
  "training_history": [
    {
      "epoch": 1,
      "train_loss": 0.35172672212123873,
      "train_accuracy": 0.5369803262560174,
      "gradient_norm": 0.28678086325526236,
      "learning_rate": 0.001,
      "categorical_accuracy": 0.5921094315713251,
      "ordinal_accuracy": 0.9229045981173063,
      "quadratic_weighted_kappa": 0.5761094592098676,
      "mean_absolute_error": 0.4849859703113686,
      "kendall_tau": 0.5221682911641256,
      "spearman_correlation": 0.5765229593855407,
      "cohen_kappa": 0.3776266973080764,
      "cat_0_accuracy": 0.7042057468597753,
      "cat_1_accuracy": 0.2933906726232725,
      "cat_2_accuracy": 0.7022183304144776,
      "cat_0_precision": 0.6358440314809828,
      "cat_0_recall": 0.7042057468597753,
      "cat_0_f1": 0.6682811762855795,
      "cat_1_precision": 0.36334022750775596,
      "cat_1_recall": 0.2933906726232725,
      "cat_1_f1": 0.3246402254510175,
      "cat_2_precision": 0.6752743705616526,
      "cat_2_recall": 0.7022183304144776,
      "cat_2_f1": 0.6884828365790491,
      "cross_entropy": 0.8602656149966094
    },
    {
      "epoch": 2,
      "train_loss": 0.272919679582119,
      "train_accuracy": 0.591730715096094,
      "gradient_norm": 0.12473595909774303,
      "learning_rate": 0.001,
      "categorical_accuracy": 0.6010590152063722,
      "ordinal_accuracy": 0.931412925416365,
      "quadratic_weighted_kappa": 0.596479304300571,
      "mean_absolute_error": 0.46752805937726283,
      "kendall_tau": 0.5406964863203862,
      "spearman_correlation": 0.5966694895419027,
      "cohen_kappa": 0.3911008660765224,
      "cat_0_accuracy": 0.6895900308222583,
      "cat_1_accuracy": 0.30566573420734,
      "cat_2_accuracy": 0.7295971978984238,
      "cat_0_precision": 0.6572222748665466,
      "cat_0_recall": 0.6895900308222583,
      "cat_0_f1": 0.67301720791823,
      "cat_1_precision": 0.3680929156820353,
      "cat_1_recall": 0.30566573420734,
      "cat_1_f1": 0.33398722627737226,
      "cat_2_precision": 0.6785753067651211,
      "cat_2_recall": 0.7295971978984238,
      "cat_2_f1": 0.7031619219084055,
      "cross_entropy": 0.841784367166734
    },
    {
      "epoch": 3,
      "train_loss": 0.2638777866959572,
      "train_accuracy": 0.5979578431957963,
      "gradient_norm": 0.1462917373329401,
      "learning_rate": 0.001,
      "categorical_accuracy": 0.6054376357711803,
      "ordinal_accuracy": 0.937070057929037,
      "quadratic_weighted_kappa": 0.606056687812296,
      "mean_absolute_error": 0.45749230629978277,
      "kendall_tau": 0.5496574445772698,
      "spearman_correlation": 0.6061355221782062,
      "cohen_kappa": 0.3989691384575891,
      "cat_0_accuracy": 0.6780896828290193,
      "cat_1_accuracy": 0.33409878501941465,
      "cat_2_accuracy": 0.731144191476941,
      "cat_0_precision": 0.6728492501973165,
      "cat_0_recall": 0.6780896828290193,
      "cat_0_f1": 0.6754593024215513,
      "cat_1_precision": 0.3745553267178431,
      "cat_1_recall": 0.33409878501941465,
      "cat_1_f1": 0.3531722387730332,
      "cat_2_precision": 0.684174587566918,
      "cat_2_recall": 0.731144191476941,
      "cat_2_f1": 0.7068800090303646,
      "cross_entropy": 0.8339906835399932
    },
    {
      "epoch": 4,
      "train_loss": 0.2583045104146004,
      "train_accuracy": 0.6026466716142479,
      "gradient_norm": 0.13631457060575486,
      "learning_rate": 0.001,
      "categorical_accuracy": 0.6095107711803042,
      "ordinal_accuracy": 0.9324764663287473,
      "quadratic_weighted_kappa": 0.6076402228611439,
      "mean_absolute_error": 0.4580127624909486,
      "kendall_tau": 0.5518363126598924,
      "spearman_correlation": 0.6078981458567845,
      "cohen_kappa": 0.40337173627532097,
      "cat_0_accuracy": 0.7162695124780433,
      "cat_1_accuracy": 0.2981921422905098,
      "cat_2_accuracy": 0.7331290134267368,
      "cat_0_precision": 0.6571194016236431,
      "cat_0_recall": 0.7162695124780433,
      "cat_0_f1": 0.685420697091751,
      "cat_1_precision": 0.37832397499735143,
      "cat_1_recall": 0.2981921422905098,
      "cat_1_f1": 0.3335123397697822,
      "cat_2_precision": 0.685938225414425,
      "cat_2_recall": 0.7331290134267368,
      "cat_2_f1": 0.7087489594649886,
      "cross_entropy": 0.8281021953539398
    },
    {
      "epoch": 5,
      "train_loss": 0.25496469289064405,
      "train_accuracy": 0.6057289578517261,
      "gradient_norm": 0.09168592929840087,
      "learning_rate": 0.001,
      "categorical_accuracy": 0.6093297429398986,
      "ordinal_accuracy": 0.9348864047791455,
      "quadratic_weighted_kappa": 0.6109974080572772,
      "mean_absolute_error": 0.4557838522809558,
      "kendall_tau": 0.55551803490864,
      "spearman_correlation": 0.6121898994713415,
      "cohen_kappa": 0.40465263226041326,
      "cat_0_accuracy": 0.7354919961555033,
      "cat_1_accuracy": 0.30942340612083,
      "cat_2_accuracy": 0.7078809106830123,
      "cat_0_precision": 0.6483770123002308,
      "cat_0_recall": 0.7354919961555033,
      "cat_0_f1": 0.689192546583851,
      "cat_1_precision": 0.37724611860524304,
      "cat_1_recall": 0.30942340612083,
      "cat_1_f1": 0.3399853197541059,
      "cat_2_precision": 0.702712100139082,
      "cat_2_recall": 0.7078809106830123,
      "cat_2_f1": 0.7052870354213924,
      "cross_entropy": 0.8271387006661042
    }
  ],
  "timestamp": "2025-08-02T02:12:46.176750"
}