{
  "config": {
    "model": "coral_gpcm_proper",
    "models": null,
    "dataset": "synthetic_4000_200_3",
    "epochs": 5,
    "batch_size": 64,
    "lr": 0.001,
    "n_folds": 5,
    "no_cv": false,
    "cv": false,
    "seed": 42,
    "device": null,
    "loss": "combined",
    "ce_weight": 0.0,
    "qwk_weight": 0.2,
    "coral_weight": 0.4,
    "focal_gamma": 2.0,
    "focal_alpha": null,
    "focal_weight": 0.4,
    "triple_coral": false,
    "triple_ce_weight": 0.33,
    "triple_qwk_weight": 0.33,
    "triple_coral_weight": 0.34,
    "enable_threshold_coupling": false,
    "coupling_type": "linear",
    "threshold_gpcm_weight": 0.7,
    "threshold_coral_weight": 0.3,
    "fold": 2
  },
  "metrics": {
    "epoch": 5,
    "train_loss": 0.2525890412926674,
    "train_accuracy": 0.6059933596783967,
    "gradient_norm": 0.09804225176572799,
    "learning_rate": 0.001,
    "categorical_accuracy": 0.6073129981260301,
    "ordinal_accuracy": 0.9364769366236932,
    "quadratic_weighted_kappa": 0.6031787831083446,
    "mean_absolute_error": 0.4562100652502766,
    "kendall_tau": 0.5477112538876303,
    "spearman_correlation": 0.6030329218767514,
    "cohen_kappa": 0.40000647831218994,
    "cat_0_accuracy": 0.6703013412297509,
    "cat_1_accuracy": 0.33423114593535747,
    "cat_2_accuracy": 0.7453707630113363,
    "cat_0_precision": 0.6626373247925061,
    "cat_0_recall": 0.6703013412297509,
    "cat_0_f1": 0.6664473000588826,
    "cat_1_precision": 0.38936959208899874,
    "cat_1_recall": 0.33423114593535747,
    "cat_1_f1": 0.3596995915499144,
    "cat_2_precision": 0.6846355586715483,
    "cat_2_recall": 0.7453707630113363,
    "cat_2_f1": 0.7137133885550322,
    "cross_entropy": 0.8268225346925576,
    "best_epoch": 5,
    "total_epochs": 5,
    "parameters": 241156,
    "model_type": "CORALGPCM"
  },
  "training_history": [
    {
      "epoch": 1,
      "train_loss": 0.35269859790802,
      "train_accuracy": 0.5363951645712952,
      "gradient_norm": 0.1954856026917696,
      "learning_rate": 0.001,
      "categorical_accuracy": 0.5896005960578898,
      "ordinal_accuracy": 0.9219254476078662,
      "quadratic_weighted_kappa": 0.5659893389723174,
      "mean_absolute_error": 0.48847395633424395,
      "kendall_tau": 0.5133894278230746,
      "spearman_correlation": 0.5662606017719518,
      "cohen_kappa": 0.37118839376451873,
      "cat_0_accuracy": 0.6530917958543808,
      "cat_1_accuracy": 0.29782892588965065,
      "cat_2_accuracy": 0.7401973256438527,
      "cat_0_precision": 0.6389788336344115,
      "cat_0_recall": 0.6530917958543808,
      "cat_0_f1": 0.6459582385776308,
      "cat_1_precision": 0.37368151561699947,
      "cat_1_recall": 0.29782892588965065,
      "cat_1_f1": 0.33147113594040967,
      "cat_2_precision": 0.6593055170850854,
      "cat_2_recall": 0.7401973256438527,
      "cat_2_f1": 0.6974136323682177,
      "cross_entropy": 0.8636264946409623
    },
    {
      "epoch": 2,
      "train_loss": 0.27314860045909883,
      "train_accuracy": 0.5932219784971934,
      "gradient_norm": 0.10781656958162784,
      "learning_rate": 0.001,
      "categorical_accuracy": 0.5950757490235037,
      "ordinal_accuracy": 0.9336772707773588,
      "quadratic_weighted_kappa": 0.5870234680658061,
      "mean_absolute_error": 0.4712469801991375,
      "kendall_tau": 0.53149858773031,
      "spearman_correlation": 0.5866075136172348,
      "cohen_kappa": 0.38268751820741365,
      "cat_0_accuracy": 0.6620797770423271,
      "cat_1_accuracy": 0.3352105778648384,
      "cat_2_accuracy": 0.7207191926045289,
      "cat_0_precision": 0.6482808022922636,
      "cat_0_recall": 0.6620797770423271,
      "cat_0_f1": 0.6551076334430637,
      "cat_1_precision": 0.3747604708458801,
      "cat_1_recall": 0.3352105778648384,
      "cat_1_f1": 0.353883934341476,
      "cat_2_precision": 0.6826068330298811,
      "cat_2_recall": 0.7207191926045289,
      "cat_2_f1": 0.701145473797115,
      "cross_entropy": 0.847244310998585
    },
    {
      "epoch": 3,
      "train_loss": 0.26278546303510664,
      "train_accuracy": 0.5991339700531169,
      "gradient_norm": 0.1616654512286186,
      "learning_rate": 0.001,
      "categorical_accuracy": 0.6039827504459145,
      "ordinal_accuracy": 0.9347045675193606,
      "quadratic_weighted_kappa": 0.5984399291458642,
      "mean_absolute_error": 0.46131268203472486,
      "kendall_tau": 0.5429371848325407,
      "spearman_correlation": 0.5982181653661405,
      "cohen_kappa": 0.39483719657166627,
      "cat_0_accuracy": 0.6726005922313186,
      "cat_1_accuracy": 0.3252938295788443,
      "cat_2_accuracy": 0.7413564017753654,
      "cat_0_precision": 0.6561873364374808,
      "cat_0_recall": 0.6726005922313186,
      "cat_0_f1": 0.6642925956509772,
      "cat_1_precision": 0.3844410147583679,
      "cat_1_recall": 0.3252938295788443,
      "cat_1_f1": 0.35240284716388875,
      "cat_2_precision": 0.6824723487312947,
      "cat_2_recall": 0.7413564017753654,
      "cat_2_f1": 0.7106967668500501,
      "cross_entropy": 0.8350568277945492
    },
    {
      "epoch": 4,
      "train_loss": 0.2553443074226379,
      "train_accuracy": 0.6047216271348463,
      "gradient_norm": 0.09550320886075497,
      "learning_rate": 0.001,
      "categorical_accuracy": 0.6063421462599625,
      "ordinal_accuracy": 0.9374477884897608,
      "quadratic_weighted_kappa": 0.602676515204486,
      "mean_absolute_error": 0.4562100652502766,
      "kendall_tau": 0.5472008583482328,
      "spearman_correlation": 0.6025843766723185,
      "cohen_kappa": 0.39896840322714555,
      "cat_0_accuracy": 0.6636474481797596,
      "cat_1_accuracy": 0.34243388834476,
      "cat_2_accuracy": 0.7426568286546236,
      "cat_0_precision": 0.6644112723214286,
      "cat_0_recall": 0.6636474481797596,
      "cat_0_f1": 0.6640291405964063,
      "cat_1_precision": 0.38832839689004073,
      "cat_1_recall": 0.34243388834476,
      "cat_1_f1": 0.36393997224149893,
      "cat_2_precision": 0.6858649678867944,
      "cat_2_recall": 0.7426568286546236,
      "cat_2_f1": 0.7131319986426875,
      "cross_entropy": 0.8321295470093002
    },
    {
      "epoch": 5,
      "train_loss": 0.2525890412926674,
      "train_accuracy": 0.6059933596783967,
      "gradient_norm": 0.09804225176572799,
      "learning_rate": 0.001,
      "categorical_accuracy": 0.6073129981260301,
      "ordinal_accuracy": 0.9364769366236932,
      "quadratic_weighted_kappa": 0.6031787831083446,
      "mean_absolute_error": 0.4562100652502766,
      "kendall_tau": 0.5477112538876303,
      "spearman_correlation": 0.6030329218767514,
      "cohen_kappa": 0.40000647831218994,
      "cat_0_accuracy": 0.6703013412297509,
      "cat_1_accuracy": 0.33423114593535747,
      "cat_2_accuracy": 0.7453707630113363,
      "cat_0_precision": 0.6626373247925061,
      "cat_0_recall": 0.6703013412297509,
      "cat_0_f1": 0.6664473000588826,
      "cat_1_precision": 0.38936959208899874,
      "cat_1_recall": 0.33423114593535747,
      "cat_1_f1": 0.3596995915499144,
      "cat_2_precision": 0.6846355586715483,
      "cat_2_recall": 0.7453707630113363,
      "cat_2_f1": 0.7137133885550322,
      "cross_entropy": 0.8268225346925576
    }
  ],
  "timestamp": "2025-08-02T02:08:54.285853"
}