{
  "config": {
    "model": "deep_gpcm",
    "models": null,
    "dataset": "synthetic_4000_200_3",
    "epochs": 5,
    "batch_size": 64,
    "lr": 0.001,
    "n_folds": 5,
    "no_cv": false,
    "cv": false,
    "seed": 42,
    "device": null,
    "loss": "focal",
    "ce_weight": 0.4,
    "qwk_weight": 0.2,
    "coral_weight": 0.4,
    "focal_gamma": 2.0,
    "focal_alpha": null,
    "focal_weight": 0.0,
    "triple_coral": false,
    "triple_ce_weight": 0.33,
    "triple_qwk_weight": 0.33,
    "triple_coral_weight": 0.34,
    "enable_threshold_coupling": false,
    "coupling_type": "linear",
    "threshold_gpcm_weight": 0.7,
    "threshold_coral_weight": 0.3,
    "fold": 4
  },
  "metrics": {
    "epoch": 5,
    "train_loss": 0.34865611255168916,
    "train_accuracy": 0.6058540691012179,
    "gradient_norm": 0.08940500438213349,
    "learning_rate": 0.001,
    "categorical_accuracy": 0.6128484793627806,
    "ordinal_accuracy": 0.9248506517016655,
    "quadratic_weighted_kappa": 0.6008310985318474,
    "mean_absolute_error": 0.46230086893555394,
    "kendall_tau": 0.548783176410398,
    "spearman_correlation": 0.6027621735869946,
    "cohen_kappa": 0.40464310788155977,
    "cat_0_accuracy": 0.6945945050210454,
    "cat_1_accuracy": 0.26470711035029854,
    "cat_2_accuracy": 0.7842381786339755,
    "cat_0_precision": 0.6688367640019148,
    "cat_0_recall": 0.6945945050210454,
    "cat_0_f1": 0.6814723288027573,
    "cat_1_precision": 0.38883777982214046,
    "cat_1_recall": 0.26470711035029854,
    "cat_1_f1": 0.31498410174880764,
    "cat_2_precision": 0.6594345179658354,
    "cat_2_recall": 0.7842381786339755,
    "cat_2_f1": 0.7164417897712122,
    "cross_entropy": 0.8657457678733822,
    "best_epoch": 5,
    "total_epochs": 5,
    "parameters": 238504,
    "model_type": "DeepGPCM"
  },
  "training_history": [
    {
      "epoch": 1,
      "train_loss": 0.42367955029010773,
      "train_accuracy": 0.513743755100416,
      "gradient_norm": 0.0970859593898058,
      "learning_rate": 0.001,
      "categorical_accuracy": 0.5861694424330196,
      "ordinal_accuracy": 0.8740722302679218,
      "quadratic_weighted_kappa": 0.525049036433693,
      "mean_absolute_error": 0.5397583272990587,
      "kendall_tau": 0.4898218265156093,
      "spearman_correlation": 0.5296840210493685,
      "cohen_kappa": 0.35424991117426863,
      "cat_0_accuracy": 0.7798694196798462,
      "cat_1_accuracy": 0.0812074652415348,
      "cat_2_accuracy": 0.7685931115002919,
      "cat_0_precision": 0.5760201708648504,
      "cat_0_recall": 0.7798694196798462,
      "cat_0_f1": 0.6626210858301419,
      "cat_1_precision": 0.36118848653667596,
      "cat_1_recall": 0.0812074652415348,
      "cat_1_f1": 0.13260158167439323,
      "cat_2_precision": 0.6247508778589731,
      "cat_2_recall": 0.7685931115002919,
      "cat_2_f1": 0.6892471992461522,
      "cross_entropy": 0.9116215521541581
    },
    {
      "epoch": 2,
      "train_loss": 0.3655292636156082,
      "train_accuracy": 0.591978094157589,
      "gradient_norm": 0.09965228021144867,
      "learning_rate": 0.001,
      "categorical_accuracy": 0.6018623280231716,
      "ordinal_accuracy": 0.8973796162201303,
      "quadratic_weighted_kappa": 0.5662339484050198,
      "mean_absolute_error": 0.5007580557566981,
      "kendall_tau": 0.5230692809290952,
      "spearman_correlation": 0.5699718482579849,
      "cohen_kappa": 0.38246166474312815,
      "cat_0_accuracy": 0.7838464852682863,
      "cat_1_accuracy": 0.1404534257442278,
      "cat_2_accuracy": 0.7641564506713369,
      "cat_0_precision": 0.600553552384338,
      "cat_0_recall": 0.7838464852682863,
      "cat_0_f1": 0.680066134713536,
      "cat_1_precision": 0.37814748201438847,
      "cat_1_recall": 0.1404534257442278,
      "cat_1_f1": 0.20482844704234784,
      "cat_2_precision": 0.6527701590784422,
      "cat_2_recall": 0.7641564506713369,
      "cat_2_f1": 0.7040852002259097,
      "cross_entropy": 0.8804132175140955
    },
    {
      "epoch": 3,
      "train_loss": 0.35645495891571044,
      "train_accuracy": 0.5999937444375254,
      "gradient_norm": 0.1074169161170721,
      "learning_rate": 0.001,
      "categorical_accuracy": 0.6074402606806661,
      "ordinal_accuracy": 0.9124389029688631,
      "quadratic_weighted_kappa": 0.5855855180261891,
      "mean_absolute_error": 0.48012083635047065,
      "kendall_tau": 0.5360246038762291,
      "spearman_correlation": 0.5874101723925118,
      "cohen_kappa": 0.39359462742633167,
      "cat_0_accuracy": 0.7388725019056772,
      "cat_1_accuracy": 0.19953237860632123,
      "cat_2_accuracy": 0.7768534734384122,
      "cat_0_precision": 0.6338564767428636,
      "cat_0_recall": 0.7388725019056772,
      "cat_0_f1": 0.6823475399801056,
      "cat_1_precision": 0.38037249283667623,
      "cat_1_recall": 0.19953237860632123,
      "cat_1_f1": 0.261755442968643,
      "cat_2_precision": 0.6547677622515253,
      "cat_2_recall": 0.7768534734384122,
      "cat_2_f1": 0.7106050088108079,
      "cross_entropy": 0.8732267311938724
    },
    {
      "epoch": 4,
      "train_loss": 0.35124587833881377,
      "train_accuracy": 0.6042048753579177,
      "gradient_norm": 0.06032289557158947,
      "learning_rate": 0.001,
      "categorical_accuracy": 0.6109929398986241,
      "ordinal_accuracy": 0.9204833454018827,
      "quadratic_weighted_kappa": 0.5967908492367622,
      "mean_absolute_error": 0.4685237146994931,
      "kendall_tau": 0.5446142393992678,
      "spearman_correlation": 0.5979473382445246,
      "cohen_kappa": 0.4018860825759939,
      "cat_0_accuracy": 0.7422530076558512,
      "cat_1_accuracy": 0.24074151392426205,
      "cat_2_accuracy": 0.7542323409223585,
      "cat_0_precision": 0.6400502986482238,
      "cat_0_recall": 0.7422530076558512,
      "cat_0_f1": 0.687373396353815,
      "cat_1_precision": 0.3860729829260127,
      "cat_1_recall": 0.24074151392426205,
      "cat_1_f1": 0.2965591729671347,
      "cat_2_precision": 0.671901814966977,
      "cat_2_recall": 0.7542323409223585,
      "cat_2_f1": 0.7106906130531643,
      "cross_entropy": 0.8652341265425418
    },
    {
      "epoch": 5,
      "train_loss": 0.34865611255168916,
      "train_accuracy": 0.6058540691012179,
      "gradient_norm": 0.08940500438213349,
      "learning_rate": 0.001,
      "categorical_accuracy": 0.6128484793627806,
      "ordinal_accuracy": 0.9248506517016655,
      "quadratic_weighted_kappa": 0.6008310985318474,
      "mean_absolute_error": 0.46230086893555394,
      "kendall_tau": 0.548783176410398,
      "spearman_correlation": 0.6027621735869946,
      "cohen_kappa": 0.40464310788155977,
      "cat_0_accuracy": 0.6945945050210454,
      "cat_1_accuracy": 0.26470711035029854,
      "cat_2_accuracy": 0.7842381786339755,
      "cat_0_precision": 0.6688367640019148,
      "cat_0_recall": 0.6945945050210454,
      "cat_0_f1": 0.6814723288027573,
      "cat_1_precision": 0.38883777982214046,
      "cat_1_recall": 0.26470711035029854,
      "cat_1_f1": 0.31498410174880764,
      "cat_2_precision": 0.6594345179658354,
      "cat_2_recall": 0.7842381786339755,
      "cat_2_f1": 0.7164417897712122,
      "cross_entropy": 0.8657457678733822
    }
  ],
  "timestamp": "2025-08-02T01:50:44.963272"
}