{
  "config": {
    "model": "attn_gpcm",
    "models": null,
    "dataset": "synthetic_4000_200_3",
    "epochs": 5,
    "batch_size": 64,
    "lr": 0.001,
    "n_folds": 5,
    "no_cv": false,
    "cv": false,
    "seed": 42,
    "device": null,
    "loss": "ce",
    "ce_weight": 0.4,
    "qwk_weight": 0.2,
    "coral_weight": 0.4,
    "focal_gamma": 2.0,
    "focal_alpha": null,
    "focal_weight": 0.0,
    "triple_coral": false,
    "triple_ce_weight": 0.33,
    "triple_qwk_weight": 0.33,
    "triple_coral_weight": 0.34,
    "enable_threshold_coupling": false,
    "coupling_type": "linear",
    "threshold_gpcm_weight": 0.7,
    "threshold_coral_weight": 0.3,
    "fold": 2
  },
  "metrics": {
    "epoch": 5,
    "train_loss": 0.8224174165725708,
    "train_accuracy": 0.6103633399622748,
    "gradient_norm": 0.2557166936993599,
    "learning_rate": 0.001,
    "categorical_accuracy": 0.614063805287756,
    "ordinal_accuracy": 0.904879095075749,
    "quadratic_weighted_kappa": 0.5856998600893497,
    "mean_absolute_error": 0.481057099636495,
    "kendall_tau": 0.543626531040006,
    "spearman_correlation": 0.5896339375635944,
    "cohen_kappa": 0.39862249007752215,
    "cat_0_accuracy": 0.7634210067932415,
    "cat_1_accuracy": 0.13189683317009468,
    "cat_2_accuracy": 0.826873604161366,
    "cat_0_precision": 0.6128933016361348,
    "cat_0_recall": 0.7634210067932415,
    "cat_0_f1": 0.6799255352156376,
    "cat_1_precision": 0.4185986271208393,
    "cat_1_recall": 0.13189683317009468,
    "cat_1_f1": 0.20058960434445305,
    "cat_2_precision": 0.6484503170309937,
    "cat_2_recall": 0.826873604161366,
    "cat_2_f1": 0.726872848817704,
    "cross_entropy": 0.8160308128607832,
    "best_epoch": 5,
    "total_epochs": 5,
    "parameters": 194348,
    "model_type": "EnhancedAttentionGPCM"
  },
  "training_history": [
    {
      "epoch": 1,
      "train_loss": 0.9801607286930084,
      "train_accuracy": 0.5216237207992285,
      "gradient_norm": 0.3363701145350933,
      "learning_rate": 0.001,
      "categorical_accuracy": 0.5762796053374275,
      "ordinal_accuracy": 0.8644645639068885,
      "quadratic_weighted_kappa": 0.5037493277935524,
      "mean_absolute_error": 0.559255830755684,
      "kendall_tau": 0.47309171256620136,
      "spearman_correlation": 0.5090624682215696,
      "cohen_kappa": 0.33837342732866993,
      "cat_0_accuracy": 0.7743250304824943,
      "cat_1_accuracy": 0.0581537708129285,
      "cat_2_accuracy": 0.7744890170469002,
      "cat_0_precision": 0.5493709681405867,
      "cat_0_recall": 0.7743250304824943,
      "cat_0_f1": 0.642733213810653,
      "cat_1_precision": 0.3678368611254517,
      "cat_1_recall": 0.0581537708129285,
      "cat_1_f1": 0.10042991049404468,
      "cat_2_precision": 0.61913263576578,
      "cat_2_recall": 0.7744890170469002,
      "cat_2_f1": 0.6881515159126874,
      "cross_entropy": 0.8955575834507841
    },
    {
      "epoch": 2,
      "train_loss": 0.8588797700405121,
      "train_accuracy": 0.5935548480891294,
      "gradient_norm": 0.25507543444633485,
      "learning_rate": 0.001,
      "categorical_accuracy": 0.6052809825924003,
      "ordinal_accuracy": 0.8896051116479646,
      "quadratic_weighted_kappa": 0.5655456841774797,
      "mean_absolute_error": 0.5051139057596351,
      "kendall_tau": 0.5319448436818149,
      "spearman_correlation": 0.5710701334166534,
      "cohen_kappa": 0.3815909377042912,
      "cat_0_accuracy": 0.7914649015850898,
      "cat_1_accuracy": 0.05676624224616389,
      "cat_2_accuracy": 0.8341673027450315,
      "cat_0_precision": 0.5884531703273933,
      "cat_0_recall": 0.7914649015850898,
      "cat_0_f1": 0.6750256265505921,
      "cat_1_precision": 0.40155889145496537,
      "cat_1_recall": 0.05676624224616389,
      "cat_1_f1": 0.099470823798627,
      "cat_2_precision": 0.6344227047946678,
      "cat_2_recall": 0.8341673027450315,
      "cat_2_f1": 0.720711258747237,
      "cross_entropy": 0.8291620041999914
    },
    {
      "epoch": 3,
      "train_loss": 0.8303109633922577,
      "train_accuracy": 0.6055722938697939,
      "gradient_norm": 0.1638643679022789,
      "learning_rate": 0.001,
      "categorical_accuracy": 0.6102029757738593,
      "ordinal_accuracy": 0.8959946716037118,
      "quadratic_weighted_kappa": 0.5767155388321512,
      "mean_absolute_error": 0.49380235262242894,
      "kendall_tau": 0.5401201341032483,
      "spearman_correlation": 0.5818749298733897,
      "cohen_kappa": 0.3909787053125887,
      "cat_0_accuracy": 0.7950531266329908,
      "cat_1_accuracy": 0.08088475350963108,
      "cat_2_accuracy": 0.826873604161366,
      "cat_0_precision": 0.5922100838155538,
      "cat_0_recall": 0.7950531266329908,
      "cat_0_f1": 0.6788019392641503,
      "cat_1_precision": 0.41499162479061974,
      "cat_1_recall": 0.08088475350963108,
      "cat_1_f1": 0.1353825136612022,
      "cat_2_precision": 0.6461154432393028,
      "cat_2_recall": 0.826873604161366,
      "cat_2_f1": 0.7254036358225242,
      "cross_entropy": 0.8206900549664279
    },
    {
      "epoch": 4,
      "train_loss": 0.827521241903305,
      "train_accuracy": 0.6080389428972173,
      "gradient_norm": 0.30982785671949387,
      "learning_rate": 0.001,
      "categorical_accuracy": 0.6085209184710212,
      "ordinal_accuracy": 0.8981847327899574,
      "quadratic_weighted_kappa": 0.5769941606187963,
      "mean_absolute_error": 0.49329434873902145,
      "kendall_tau": 0.5392130907844721,
      "spearman_correlation": 0.5835759483504468,
      "cohen_kappa": 0.3923062519227595,
      "cat_0_accuracy": 0.8144922487371538,
      "cat_1_accuracy": 0.11047175971269997,
      "cat_2_accuracy": 0.7863907500070675,
      "cat_0_precision": 0.5770417355677864,
      "cat_0_recall": 0.8144922487371538,
      "cat_0_f1": 0.6755077865418508,
      "cat_1_precision": 0.4120870756583955,
      "cat_1_recall": 0.11047175971269997,
      "cat_1_f1": 0.17423486628262477,
      "cat_2_precision": 0.6703537690379796,
      "cat_2_recall": 0.7863907500070675,
      "cat_2_f1": 0.7237507968101575,
      "cross_entropy": 0.826463370506127
    },
    {
      "epoch": 5,
      "train_loss": 0.8224174165725708,
      "train_accuracy": 0.6103633399622748,
      "gradient_norm": 0.2557166936993599,
      "learning_rate": 0.001,
      "categorical_accuracy": 0.614063805287756,
      "ordinal_accuracy": 0.904879095075749,
      "quadratic_weighted_kappa": 0.5856998600893497,
      "mean_absolute_error": 0.481057099636495,
      "kendall_tau": 0.543626531040006,
      "spearman_correlation": 0.5896339375635944,
      "cohen_kappa": 0.39862249007752215,
      "cat_0_accuracy": 0.7634210067932415,
      "cat_1_accuracy": 0.13189683317009468,
      "cat_2_accuracy": 0.826873604161366,
      "cat_0_precision": 0.6128933016361348,
      "cat_0_recall": 0.7634210067932415,
      "cat_0_f1": 0.6799255352156376,
      "cat_1_precision": 0.4185986271208393,
      "cat_1_recall": 0.13189683317009468,
      "cat_1_f1": 0.20058960434445305,
      "cat_2_precision": 0.6484503170309937,
      "cat_2_recall": 0.826873604161366,
      "cat_2_f1": 0.726872848817704,
      "cross_entropy": 0.8160308128607832
    }
  ],
  "timestamp": "2025-08-02T01:57:55.629807"
}