{
  "config": {
    "model": "attn_gpcm",
    "models": null,
    "dataset": "synthetic_4000_200_3",
    "epochs": 5,
    "batch_size": 64,
    "lr": 0.001,
    "n_folds": 5,
    "no_cv": false,
    "cv": false,
    "seed": 42,
    "device": null,
    "loss": "ce",
    "ce_weight": 0.4,
    "qwk_weight": 0.2,
    "coral_weight": 0.4,
    "focal_gamma": 2.0,
    "focal_alpha": null,
    "focal_weight": 0.0,
    "triple_coral": false,
    "triple_ce_weight": 0.33,
    "triple_qwk_weight": 0.33,
    "triple_coral_weight": 0.34,
    "enable_threshold_coupling": false,
    "coupling_type": "linear",
    "threshold_gpcm_weight": 0.7,
    "threshold_coral_weight": 0.3,
    "fold": 5
  },
  "metrics": {
    "epoch": 5,
    "train_loss": 0.8228279662132263,
    "train_accuracy": 0.6105459646646729,
    "gradient_norm": 0.25864924550056456,
    "learning_rate": 0.001,
    "categorical_accuracy": 0.6146122430560257,
    "ordinal_accuracy": 0.9061237843814165,
    "quadratic_weighted_kappa": 0.5879188872620895,
    "mean_absolute_error": 0.4792639725625578,
    "kendall_tau": 0.5451556473516778,
    "spearman_correlation": 0.5918804140439605,
    "cohen_kappa": 0.39946492169926395,
    "cat_0_accuracy": 0.7585148924434638,
    "cat_1_accuracy": 0.13532448377581122,
    "cat_2_accuracy": 0.8282323547782636,
    "cat_0_precision": 0.6204669787378039,
    "cat_0_recall": 0.7585148924434638,
    "cat_0_f1": 0.682581045447495,
    "cat_1_precision": 0.41097424412094063,
    "cat_1_recall": 0.13532448377581122,
    "cat_1_f1": 0.20360610263522885,
    "cat_2_precision": 0.6462704091805312,
    "cat_2_recall": 0.8282323547782636,
    "cat_2_f1": 0.7260238175234256,
    "cross_entropy": 0.8172404079467391,
    "best_epoch": 5,
    "total_epochs": 5,
    "parameters": 194348,
    "model_type": "EnhancedAttentionGPCM"
  },
  "training_history": [
    {
      "epoch": 1,
      "train_loss": 0.9825771605968475,
      "train_accuracy": 0.5227027626887628,
      "gradient_norm": 0.3629679922759533,
      "learning_rate": 0.001,
      "categorical_accuracy": 0.5658859631309371,
      "ordinal_accuracy": 0.8504817346961799,
      "quadratic_weighted_kappa": 0.46647934023574755,
      "mean_absolute_error": 0.583632302172883,
      "kendall_tau": 0.4499884836037067,
      "spearman_correlation": 0.482121259986723,
      "cohen_kappa": 0.31080491997026916,
      "cat_0_accuracy": 0.6358935466078324,
      "cat_1_accuracy": 0.03580793182563094,
      "cat_2_accuracy": 0.8755607290897734,
      "cat_0_precision": 0.6149896645995866,
      "cat_0_recall": 0.6358935466078324,
      "cat_0_f1": 0.6252669401037253,
      "cat_1_precision": 0.34060795011691347,
      "cat_1_recall": 0.03580793182563094,
      "cat_1_f1": 0.06480314376807296,
      "cat_2_precision": 0.5499304540104853,
      "cat_2_recall": 0.8755607290897734,
      "cat_2_f1": 0.6755531215772179,
      "cross_entropy": 0.9083693030247012
    },
    {
      "epoch": 2,
      "train_loss": 0.860271407365799,
      "train_accuracy": 0.5930234212495696,
      "gradient_norm": 0.24745354771614075,
      "learning_rate": 0.001,
      "categorical_accuracy": 0.605270877050475,
      "ordinal_accuracy": 0.8892912746226224,
      "quadratic_weighted_kappa": 0.5641755778357578,
      "mean_absolute_error": 0.5054378483269026,
      "kendall_tau": 0.530055280496461,
      "spearman_correlation": 0.5694851338176344,
      "cohen_kappa": 0.3807349919511569,
      "cat_0_accuracy": 0.7792677881963597,
      "cat_1_accuracy": 0.05944772205834153,
      "cat_2_accuracy": 0.8402135029243086,
      "cat_0_precision": 0.6012767655273308,
      "cat_0_recall": 0.7792677881963597,
      "cat_0_f1": 0.6787982523309761,
      "cat_1_precision": 0.39547560643227037,
      "cat_1_recall": 0.05944772205834153,
      "cat_1_f1": 0.10335862093528511,
      "cat_2_precision": 0.6246886477814835,
      "cat_2_recall": 0.8402135029243086,
      "cat_2_f1": 0.716596445348443,
      "cross_entropy": 0.8280891341858243
    },
    {
      "epoch": 3,
      "train_loss": 0.8321221804618836,
      "train_accuracy": 0.6051992840740624,
      "gradient_norm": 0.2691193306446075,
      "learning_rate": 0.001,
      "categorical_accuracy": 0.6053047225794805,
      "ordinal_accuracy": 0.8931496649292628,
      "quadratic_weighted_kappa": 0.5687747689486125,
      "mean_absolute_error": 0.5015456124912566,
      "kendall_tau": 0.5317262822671243,
      "spearman_correlation": 0.5742094756611104,
      "cohen_kappa": 0.3849707102664589,
      "cat_0_accuracy": 0.804157473800331,
      "cat_1_accuracy": 0.08816781383153065,
      "cat_2_accuracy": 0.7998977911532564,
      "cat_0_precision": 0.58250511911302,
      "cat_0_recall": 0.804157473800331,
      "cat_0_f1": 0.6756161844353694,
      "cat_1_precision": 0.3977818853974122,
      "cat_1_recall": 0.08816781383153065,
      "cat_1_f1": 0.1443423435508753,
      "cat_2_precision": 0.6524477791672456,
      "cat_2_recall": 0.7998977911532564,
      "cat_2_f1": 0.7186878220498955,
      "cross_entropy": 0.8317269666039131
    },
    {
      "epoch": 4,
      "train_loss": 0.8263969278335571,
      "train_accuracy": 0.6085370468908725,
      "gradient_norm": 0.21949796974658967,
      "learning_rate": 0.001,
      "categorical_accuracy": 0.6118369096775649,
      "ordinal_accuracy": 0.9017802748256956,
      "quadratic_weighted_kappa": 0.5823340807816546,
      "mean_absolute_error": 0.48638281549673956,
      "kendall_tau": 0.541310312690398,
      "spearman_correlation": 0.5864474551848156,
      "cohen_kappa": 0.3947543288088473,
      "cat_0_accuracy": 0.77526889134032,
      "cat_1_accuracy": 0.11414290396591281,
      "cat_2_accuracy": 0.8221282153199705,
      "cat_0_precision": 0.608040880333099,
      "cat_0_recall": 0.77526889134032,
      "cat_0_f1": 0.6815468072855108,
      "cat_1_precision": 0.40588578088578087,
      "cat_1_recall": 0.11414290396591281,
      "cat_1_f1": 0.17817856229214632,
      "cat_2_precision": 0.6465347861034205,
      "cat_2_recall": 0.8221282153199705,
      "cat_2_f1": 0.7238345206849144,
      "cross_entropy": 0.8181931943013534
    },
    {
      "epoch": 5,
      "train_loss": 0.8228279662132263,
      "train_accuracy": 0.6105459646646729,
      "gradient_norm": 0.25864924550056456,
      "learning_rate": 0.001,
      "categorical_accuracy": 0.6146122430560257,
      "ordinal_accuracy": 0.9061237843814165,
      "quadratic_weighted_kappa": 0.5879188872620895,
      "mean_absolute_error": 0.4792639725625578,
      "kendall_tau": 0.5451556473516778,
      "spearman_correlation": 0.5918804140439605,
      "cohen_kappa": 0.39946492169926395,
      "cat_0_accuracy": 0.7585148924434638,
      "cat_1_accuracy": 0.13532448377581122,
      "cat_2_accuracy": 0.8282323547782636,
      "cat_0_precision": 0.6204669787378039,
      "cat_0_recall": 0.7585148924434638,
      "cat_0_f1": 0.682581045447495,
      "cat_1_precision": 0.41097424412094063,
      "cat_1_recall": 0.13532448377581122,
      "cat_1_f1": 0.20360610263522885,
      "cat_2_precision": 0.6462704091805312,
      "cat_2_recall": 0.8282323547782636,
      "cat_2_f1": 0.7260238175234256,
      "cross_entropy": 0.8172404079467391
    }
  ],
  "timestamp": "2025-08-02T02:05:07.388403"
}