{
  "config": {
    "model": "coral_gpcm_proper",
    "models": null,
    "dataset": "synthetic_4000_200_3",
    "epochs": 5,
    "batch_size": 64,
    "lr": 0.001,
    "n_folds": 5,
    "no_cv": false,
    "cv": false,
    "seed": 42,
    "device": null,
    "loss": "combined",
    "ce_weight": 0.0,
    "qwk_weight": 0.2,
    "coral_weight": 0.4,
    "focal_gamma": 2.0,
    "focal_alpha": null,
    "focal_weight": 0.4,
    "triple_coral": false,
    "triple_ce_weight": 0.33,
    "triple_qwk_weight": 0.33,
    "triple_coral_weight": 0.34,
    "enable_threshold_coupling": false,
    "coupling_type": "linear",
    "threshold_gpcm_weight": 0.7,
    "threshold_coral_weight": 0.3,
    "fold": 3
  },
  "metrics": {
    "epoch": 5,
    "train_loss": 0.2530804681777954,
    "train_accuracy": 0.6057665838949983,
    "gradient_norm": 0.1478171444684267,
    "learning_rate": 0.001,
    "categorical_accuracy": 0.606971811713191,
    "ordinal_accuracy": 0.9388797664659734,
    "quadratic_weighted_kappa": 0.6026488704465073,
    "mean_absolute_error": 0.4541484218208356,
    "kendall_tau": 0.5473960977393258,
    "spearman_correlation": 0.6023768119869486,
    "cohen_kappa": 0.39917935171260754,
    "cat_0_accuracy": 0.6500249447651628,
    "cat_1_accuracy": 0.35264348899403414,
    "cat_2_accuracy": 0.7477426476832064,
    "cat_0_precision": 0.6744934181334122,
    "cat_0_recall": 0.6500249447651628,
    "cat_0_f1": 0.6620331724313142,
    "cat_1_precision": 0.3905851257746992,
    "cat_1_recall": 0.35264348899403414,
    "cat_1_f1": 0.3706458518022011,
    "cat_2_precision": 0.6824687403120802,
    "cat_2_recall": 0.7477426476832064,
    "cat_2_f1": 0.7136161648905277,
    "cross_entropy": 0.8315527406051322,
    "best_epoch": 5,
    "total_epochs": 5,
    "parameters": 241156,
    "model_type": "CORALGPCM"
  },
  "training_history": [
    {
      "epoch": 1,
      "train_loss": 0.360466890335083,
      "train_accuracy": 0.5285108194395176,
      "gradient_norm": 0.1583270689100027,
      "learning_rate": 0.001,
      "categorical_accuracy": 0.5842341725962416,
      "ordinal_accuracy": 0.9182288815909505,
      "quadratic_weighted_kappa": 0.5565198532945518,
      "mean_absolute_error": 0.4975369458128079,
      "kendall_tau": 0.5038537401855386,
      "spearman_correlation": 0.556097288228534,
      "cohen_kappa": 0.3648201337381407,
      "cat_0_accuracy": 0.6866937495545578,
      "cat_1_accuracy": 0.2970170746759926,
      "cat_2_accuracy": 0.7004443941238077,
      "cat_0_precision": 0.6155762841809354,
      "cat_0_recall": 0.6866937495545578,
      "cat_0_f1": 0.6491931408550349,
      "cat_1_precision": 0.37167275910003605,
      "cat_1_recall": 0.2970170746759926,
      "cat_1_f1": 0.3301774606659349,
      "cat_2_precision": 0.6693716356947713,
      "cat_2_recall": 0.7004443941238077,
      "cat_2_f1": 0.6845555893662342,
      "cross_entropy": 0.8754904021651336
    },
    {
      "epoch": 2,
      "train_loss": 0.2735563105344772,
      "train_accuracy": 0.5920822986874779,
      "gradient_norm": 0.16142369493842124,
      "learning_rate": 0.001,
      "categorical_accuracy": 0.5969257434774676,
      "ordinal_accuracy": 0.9292670133187375,
      "quadratic_weighted_kappa": 0.5816096592553877,
      "mean_absolute_error": 0.4738072432037949,
      "kendall_tau": 0.5270366915798954,
      "spearman_correlation": 0.5808244697733526,
      "cohen_kappa": 0.3834675494705977,
      "cat_0_accuracy": 0.6642434609079895,
      "cat_1_accuracy": 0.3228553795515326,
      "cat_2_accuracy": 0.7320048685216112,
      "cat_0_precision": 0.6475594927913844,
      "cat_0_recall": 0.6642434609079895,
      "cat_0_f1": 0.6557953805829683,
      "cat_1_precision": 0.3821466835492354,
      "cat_1_recall": 0.3228553795515326,
      "cat_1_f1": 0.3500078057048551,
      "cat_2_precision": 0.673867160017719,
      "cat_2_recall": 0.7320048685216112,
      "cat_2_f1": 0.7017339158277481,
      "cross_entropy": 0.8494391702912261
    },
    {
      "epoch": 3,
      "train_loss": 0.2620841377973557,
      "train_accuracy": 0.6000936502305783,
      "gradient_norm": 0.20135862864553927,
      "learning_rate": 0.001,
      "categorical_accuracy": 0.6042920999817551,
      "ordinal_accuracy": 0.9283433679985404,
      "quadratic_weighted_kappa": 0.5890373815597321,
      "mean_absolute_error": 0.46736453201970446,
      "kendall_tau": 0.5354208273771796,
      "spearman_correlation": 0.5889619113060565,
      "cohen_kappa": 0.39242831059605543,
      "cat_0_accuracy": 0.6696600384862091,
      "cat_1_accuracy": 0.30364122608516764,
      "cat_2_accuracy": 0.7592063177559512,
      "cat_0_precision": 0.6552758211869726,
      "cat_0_recall": 0.6696600384862091,
      "cat_0_f1": 0.6623898484314417,
      "cat_1_precision": 0.39103481163567,
      "cat_1_recall": 0.30364122608516764,
      "cat_1_f1": 0.34184075223493443,
      "cat_2_precision": 0.6681280358699714,
      "cat_2_recall": 0.7592063177559512,
      "cat_2_f1": 0.7107613217796858,
      "cross_entropy": 0.8390820059333484
    },
    {
      "epoch": 4,
      "train_loss": 0.2565200901031494,
      "train_accuracy": 0.6036239801347996,
      "gradient_norm": 0.1070572817325592,
      "learning_rate": 0.001,
      "categorical_accuracy": 0.6054666119321291,
      "ordinal_accuracy": 0.935572888159095,
      "quadratic_weighted_kappa": 0.597508575127109,
      "mean_absolute_error": 0.45896049990877574,
      "kendall_tau": 0.5423009235256762,
      "spearman_correlation": 0.5968519553795265,
      "cohen_kappa": 0.39660702619589805,
      "cat_0_accuracy": 0.6601453923455206,
      "cat_1_accuracy": 0.3409997942810121,
      "cat_2_accuracy": 0.7439780350420334,
      "cat_0_precision": 0.6656246631454134,
      "cat_0_recall": 0.6601453923455206,
      "cat_0_f1": 0.6628737051151307,
      "cat_1_precision": 0.39057492931196985,
      "cat_1_recall": 0.3409997942810121,
      "cat_1_f1": 0.3641076331685887,
      "cat_2_precision": 0.6801397334713417,
      "cat_2_recall": 0.7439780350420334,
      "cat_2_f1": 0.710628058507043,
      "cross_entropy": 0.8358951350648691
    },
    {
      "epoch": 5,
      "train_loss": 0.2530804681777954,
      "train_accuracy": 0.6057665838949983,
      "gradient_norm": 0.1478171444684267,
      "learning_rate": 0.001,
      "categorical_accuracy": 0.606971811713191,
      "ordinal_accuracy": 0.9388797664659734,
      "quadratic_weighted_kappa": 0.6026488704465073,
      "mean_absolute_error": 0.4541484218208356,
      "kendall_tau": 0.5473960977393258,
      "spearman_correlation": 0.6023768119869486,
      "cohen_kappa": 0.39917935171260754,
      "cat_0_accuracy": 0.6500249447651628,
      "cat_1_accuracy": 0.35264348899403414,
      "cat_2_accuracy": 0.7477426476832064,
      "cat_0_precision": 0.6744934181334122,
      "cat_0_recall": 0.6500249447651628,
      "cat_0_f1": 0.6620331724313142,
      "cat_1_precision": 0.3905851257746992,
      "cat_1_recall": 0.35264348899403414,
      "cat_1_f1": 0.3706458518022011,
      "cat_2_precision": 0.6824687403120802,
      "cat_2_recall": 0.7477426476832064,
      "cat_2_f1": 0.7136161648905277,
      "cross_entropy": 0.8315527406051322
    }
  ],
  "timestamp": "2025-08-02T02:10:51.406706"
}