{
  "best_qwk": 0.5348131747205711,
  "total_epochs": 5,
  "training_history": [
    {
      "loss": 0.7190845097814288,
      "gradient_norm": 0.32481049426964353,
      "categorical_accuracy": 0.49808080808080807,
      "ordinal_accuracy": 0.6594949494949495,
      "quadratic_weighted_kappa": 0.015122938002629982,
      "mean_absolute_error": 1.0334848484848485,
      "kendall_tau": 0.06029758505384529,
      "spearman_correlation": 0.06514916684065925,
      "cohen_kappa": 0.011963034983769494,
      "cat_0_accuracy": 0.9860591978987776,
      "cat_1_accuracy": 0.016329196603527107,
      "cat_2_accuracy": 0.007820469228153689,
      "cat_3_accuracy": 0.007183170856849667,
      "cat_0_true_count": "9899",
      "cat_0_pred_count": "19335",
      "cat_1_true_count": "3062",
      "cat_1_pred_count": "283",
      "cat_2_true_count": "2941",
      "cat_2_pred_count": "92",
      "cat_3_true_count": "3898",
      "cat_3_pred_count": "90",
      "cat_0_precision": 0.5048357900181019,
      "cat_0_recall": 0.9860591978987776,
      "cat_0_f1": 0.6677840870219607,
      "cat_1_precision": 0.17667844522968199,
      "cat_1_recall": 0.016329196603527107,
      "cat_1_f1": 0.029895366218236172,
      "cat_2_precision": 0.25,
      "cat_2_recall": 0.007820469228153689,
      "cat_2_f1": 0.015166501813386087,
      "cat_3_precision": 0.3111111111111111,
      "cat_3_recall": 0.007183170856849667,
      "cat_3_f1": 0.014042126379137413,
      "cross_entropy": 1.4102377960466428,
      "mean_confidence": "0.6638976"
    },
    {
      "loss": 0.6725687725203378,
      "gradient_norm": 0.10171725121991974,
      "categorical_accuracy": 0.49893939393939396,
      "ordinal_accuracy": 0.6577777777777778,
      "quadratic_weighted_kappa": 0.010642677081526997,
      "mean_absolute_error": 1.035959595959596,
      "kendall_tau": 0.0514670123332291,
      "spearman_correlation": 0.055537717303839405,
      "cohen_kappa": 0.007492891629730325,
      "cat_0_accuracy": 0.9919183755934943,
      "cat_1_accuracy": 0.008491182233834096,
      "cat_2_accuracy": 0.004080244814688882,
      "cat_3_accuracy": 0.005643919958953309,
      "cat_0_true_count": "9899",
      "cat_0_pred_count": "19520",
      "cat_1_true_count": "3062",
      "cat_1_pred_count": "169",
      "cat_2_true_count": "2941",
      "cat_2_pred_count": "60",
      "cat_3_true_count": "3898",
      "cat_3_pred_count": "51",
      "cat_0_precision": 0.5030225409836065,
      "cat_0_recall": 0.9919183755934943,
      "cat_0_f1": 0.6675277881641116,
      "cat_1_precision": 0.15384615384615385,
      "cat_1_recall": 0.008491182233834096,
      "cat_1_f1": 0.016094088517486844,
      "cat_2_precision": 0.2,
      "cat_2_recall": 0.004080244814688882,
      "cat_2_f1": 0.007997334221926024,
      "cat_3_precision": 0.43137254901960786,
      "cat_3_recall": 0.005643919958953309,
      "cat_3_f1": 0.011142061281337047,
      "cross_entropy": 1.902589347418516,
      "mean_confidence": "0.8063299"
    },
    {
      "loss": 0.6626884085791451,
      "gradient_norm": 0.10339177399873734,
      "categorical_accuracy": 0.5008080808080808,
      "ordinal_accuracy": 0.6662121212121213,
      "quadratic_weighted_kappa": 0.04769414441519948,
      "mean_absolute_error": 1.0153030303030304,
      "kendall_tau": 0.12091651330227493,
      "spearman_correlation": 0.1311296118443239,
      "cohen_kappa": 0.030277199079433492,
      "cat_0_accuracy": 0.9797959389837357,
      "cat_1_accuracy": 0.025146962769431742,
      "cat_2_accuracy": 0.011900714042842571,
      "cat_3_accuracy": 0.026936890713186248,
      "cat_0_true_count": "9899",
      "cat_0_pred_count": "18925",
      "cat_1_true_count": "3062",
      "cat_1_pred_count": "440",
      "cat_2_true_count": "2941",
      "cat_2_pred_count": "162",
      "cat_3_true_count": "3898",
      "cat_3_pred_count": "273",
      "cat_0_precision": 0.5124966974900925,
      "cat_0_recall": 0.9797959389837357,
      "cat_0_f1": 0.6729808492922564,
      "cat_1_precision": 0.175,
      "cat_1_recall": 0.025146962769431742,
      "cat_1_f1": 0.04397487150199886,
      "cat_2_precision": 0.21604938271604937,
      "cat_2_recall": 0.011900714042842571,
      "cat_2_f1": 0.022558814050918467,
      "cat_3_precision": 0.38461538461538464,
      "cat_3_recall": 0.026936890713186248,
      "cat_3_f1": 0.050347638456005754,
      "cross_entropy": 1.2142223317206033,
      "mean_confidence": "0.628681"
    },
    {
      "loss": 0.634482775415693,
      "gradient_norm": 0.11132781260779925,
      "categorical_accuracy": 0.5442424242424242,
      "ordinal_accuracy": 0.7465151515151515,
      "quadratic_weighted_kappa": 0.3518292314531529,
      "mean_absolute_error": 0.8201515151515152,
      "kendall_tau": 0.36766568206377565,
      "spearman_correlation": 0.40754410449370954,
      "cohen_kappa": 0.20831424941169963,
      "cat_0_accuracy": 0.9201939589857562,
      "cat_1_accuracy": 0.1077726975832789,
      "cat_2_accuracy": 0.06596395783747025,
      "cat_3_accuracy": 0.293227296049256,
      "cat_0_true_count": "9899",
      "cat_0_pred_count": "15208",
      "cat_1_true_count": "3062",
      "cat_1_pred_count": "1596",
      "cat_2_true_count": "2941",
      "cat_2_pred_count": "793",
      "cat_3_true_count": "3898",
      "cat_3_pred_count": "2203",
      "cat_0_precision": 0.5989610731194108,
      "cat_0_recall": 0.9201939589857562,
      "cat_0_f1": 0.7256143704942845,
      "cat_1_precision": 0.20676691729323307,
      "cat_1_recall": 0.1077726975832789,
      "cat_1_f1": 0.14169171318162302,
      "cat_2_precision": 0.244640605296343,
      "cat_2_recall": 0.06596395783747025,
      "cat_2_f1": 0.10391001606855918,
      "cat_3_precision": 0.5188379482523832,
      "cat_3_recall": 0.293227296049256,
      "cat_3_f1": 0.3746926733322406,
      "cross_entropy": 1.0217003294035087,
      "mean_confidence": "0.51474136"
    },
    {
      "loss": 0.6117529273033142,
      "gradient_norm": 0.11970549076795578,
      "categorical_accuracy": 0.5893939393939394,
      "ordinal_accuracy": 0.7992929292929293,
      "quadratic_weighted_kappa": 0.5348131747205711,
      "mean_absolute_error": 0.6903030303030303,
      "kendall_tau": 0.4936926233023568,
      "spearman_correlation": 0.5463786180135842,
      "cohen_kappa": 0.31328882157368765,
      "cat_0_accuracy": 0.912920497019901,
      "cat_1_accuracy": 0.08850424559111691,
      "cat_2_accuracy": 0.06732403944236655,
      "cat_3_accuracy": 0.5551564905079528,
      "cat_0_true_count": "9899",
      "cat_0_pred_count": "13693",
      "cat_1_true_count": "3062",
      "cat_1_pred_count": "1174",
      "cat_2_true_count": "2941",
      "cat_2_pred_count": "777",
      "cat_3_true_count": "3898",
      "cat_3_pred_count": "4156",
      "cat_0_precision": 0.6599722485941723,
      "cat_0_recall": 0.912920497019901,
      "cat_0_f1": 0.7661071549677857,
      "cat_1_precision": 0.23083475298126066,
      "cat_1_recall": 0.08850424559111691,
      "cat_1_f1": 0.1279508970727101,
      "cat_2_precision": 0.2548262548262548,
      "cat_2_recall": 0.06732403944236655,
      "cat_2_f1": 0.10650887573964497,
      "cat_3_precision": 0.5206929740134745,
      "cat_3_recall": 0.5551564905079528,
      "cat_3_f1": 0.5373727340451949,
      "cross_entropy": 0.9464858260041746,
      "mean_confidence": "0.5911432"
    }
  ],
  "fold": null,
  "type": "single_run",
  "timestamp": "2025-08-03T01:34:29.896201"
}