{
  "experiment_info": {
    "timestamp": "2025-07-23T11:36:28.251399",
    "description": "Embedding strategy comparison with new accuracy metrics",
    "strategies_tested": [
      "ordered",
      "unordered",
      "linear_decay",
      "adjacent_weighted"
    ]
  },
  "results_by_strategy": {
    "ordered": {
      "final_epoch": 50,
      "train_loss": 1.264684756596883,
      "valid_loss": 1.3860561847686768,
      "categorical_acc": 0.4782229959964752,
      "ordinal_acc": 0.8536585569381714,
      "mae": 0.6837978959083557,
      "qwk": 0.6234623023510031,
      "prediction_consistency_acc": 0.3911149799823761,
      "ordinal_ranking_acc": 0.6403796774048053,
      "distribution_consistency": 0.6586384941736165
    },
    "unordered": {
      "final_epoch": 50,
      "train_loss": 1.2407580614089966,
      "valid_loss": 1.4225953817367554,
      "categorical_acc": 0.46689894795417786,
      "ordinal_acc": 0.8484320640563965,
      "mae": 0.7047038078308105,
      "qwk": 0.6103883258772331,
      "prediction_consistency_acc": 0.3754355311393738,
      "ordinal_ranking_acc": 0.6254551844138699,
      "distribution_consistency": 0.6568572432425794
    },
    "linear_decay": {
      "final_epoch": 50,
      "train_loss": 1.2527984778086345,
      "valid_loss": 1.3881632089614868,
      "categorical_acc": 0.48083624243736267,
      "ordinal_acc": 0.849303126335144,
      "mae": 0.6872822046279907,
      "qwk": 0.6208788699808214,
      "prediction_consistency_acc": 0.3841463327407837,
      "ordinal_ranking_acc": 0.6429377005164844,
      "distribution_consistency": 0.6602397919583819
    },
    "adjacent_weighted": {
      "final_epoch": 50,
      "train_loss": 1.2547446886698406,
      "valid_loss": 1.3997564315795898,
      "categorical_acc": 0.46864110231399536,
      "ordinal_acc": 0.852787435054779,
      "mae": 0.6951219439506531,
      "qwk": 0.6204225674870525,
      "prediction_consistency_acc": 0.37979093194007874,
      "ordinal_ranking_acc": 0.637106444143575,
      "distribution_consistency": 0.6586250923184568
    }
  }
}