{
  "ordered": [
    {
      "epoch": 1,
      "train_loss": 2.093062480290731,
      "valid_loss": 1.8947207927703857,
      "categorical_acc": 0.22735191881656647,
      "ordinal_acc": 0.7752613425254822,
      "mae": 1.0034843683242798,
      "qwk": 0.17938066465256786,
      "prediction_consistency_acc": 0.22386759519577026,
      "ordinal_ranking_acc": 0.23533757271899103,
      "distribution_consistency": 0.5594930287697174,
      "learning_rate": 0.001,
      "embedding_strategy": "ordered"
    },
    {
      "epoch": 2,
      "train_loss": 1.8838649193445842,
      "valid_loss": 1.7607154846191406,
      "categorical_acc": 0.2482578456401825,
      "ordinal_acc": 0.8266550302505493,
      "mae": 0.9268292784690857,
      "qwk": 0.2857820017538454,
      "prediction_consistency_acc": 0.24390244483947754,
      "ordinal_ranking_acc": 0.40821779900115235,
      "distribution_consistency": 0.5729551402793529,
      "learning_rate": 0.001,
      "embedding_strategy": "ordered"
    }
  ],
  "linear_decay": [
    {
      "epoch": 1,
      "train_loss": 2.012983719507853,
      "valid_loss": 1.920324444770813,
      "categorical_acc": 0.2142857164144516,
      "ordinal_acc": 0.7421602606773376,
      "mae": 1.0452961921691895,
      "qwk": 0.11323656637508406,
      "prediction_consistency_acc": 0.20818814635276794,
      "ordinal_ranking_acc": 0.2232736931476559,
      "distribution_consistency": 0.5587585558043955,
      "learning_rate": 0.001,
      "embedding_strategy": "linear_decay"
    },
    {
      "epoch": 2,
      "train_loss": 1.8199399709701538,
      "valid_loss": 1.7684178352355957,
      "categorical_acc": 0.24564459919929504,
      "ordinal_acc": 0.7918118238449097,
      "mae": 0.9651567935943604,
      "qwk": 0.23998329582627675,
      "prediction_consistency_acc": 0.2412891983985901,
      "ordinal_ranking_acc": 0.4021377546522097,
      "distribution_consistency": 0.5733877254539665,
      "learning_rate": 0.001,
      "embedding_strategy": "linear_decay"
    }
  ]
}