{
  "experiment_info": {
    "timestamp": "2025-07-22T15:41:38.408925",
    "description": "Embedding strategy comparison with new accuracy metrics",
    "epochs": 10
  },
  "results_by_strategy": {
    "ordered": {
      "final_epoch": 10,
      "train_loss": 1.3244088490804036,
      "valid_loss": 1.4245072603225708,
      "categorical_acc": 0.4843205511569977,
      "ordinal_acc": 0.7691637873649597,
      "mae": 0.845818817615509,
      "qwk": 0.5286774985608383,
      "prediction_consistency_acc": 0.3736933767795563,
      "ordinal_ranking_acc": 0.6255043121600162,
      "distribution_consistency": 0.65291412335655
    },
    "unordered": {
      "final_epoch": 10,
      "train_loss": 1.2875386079152424,
      "valid_loss": 1.4305702447891235,
      "categorical_acc": 0.49390244483947754,
      "ordinal_acc": 0.7778745889663696,
      "mae": 0.8275261521339417,
      "qwk": 0.53855190967939,
      "prediction_consistency_acc": 0.3745644688606262,
      "ordinal_ranking_acc": 0.6232134526228287,
      "distribution_consistency": 0.6503171221408279
    },
    "linear_decay": {
      "final_epoch": 10,
      "train_loss": 1.2972990274429321,
      "valid_loss": 1.4086309671401978,
      "categorical_acc": 0.5017421841621399,
      "ordinal_acc": 0.7865853905677795,
      "mae": 0.8074913024902344,
      "qwk": 0.551533821831633,
      "prediction_consistency_acc": 0.37979093194007874,
      "ordinal_ranking_acc": 0.6371404559095977,
      "distribution_consistency": 0.6549355336026863
    }
  }
}