{
  "experiment_info": {
    "timestamp": "2025-07-23T11:24:31.070255",
    "description": "Embedding strategy comparison with new accuracy metrics",
    "strategies_tested": [
      "ordered",
      "unordered",
      "linear_decay",
      "adjacent_weighted"
    ]
  },
  "results_by_strategy": {
    "ordered": {
      "final_epoch": 1,
      "train_loss": 2.093062480290731,
      "valid_loss": 1.8947207927703857,
      "categorical_acc": 0.22735191881656647,
      "ordinal_acc": 0.7752613425254822,
      "mae": 1.0034843683242798,
      "qwk": 0.17938066465256786,
      "prediction_consistency_acc": 0.22386759519577026,
      "ordinal_ranking_acc": 0.23533757271899103,
      "distribution_consistency": 0.5594930287697174
    },
    "unordered": {
      "final_epoch": 1,
      "train_loss": 1.9931424458821614,
      "valid_loss": 1.9110509157180786,
      "categorical_acc": 0.22038327157497406,
      "ordinal_acc": 0.7439024448394775,
      "mae": 1.0374563932418823,
      "qwk": 0.12035969841041161,
      "prediction_consistency_acc": 0.2160278707742691,
      "ordinal_ranking_acc": 0.23436736486866114,
      "distribution_consistency": 0.5595209168120959
    },
    "linear_decay": {
      "final_epoch": 1,
      "train_loss": 2.012983719507853,
      "valid_loss": 1.920324444770813,
      "categorical_acc": 0.2142857164144516,
      "ordinal_acc": 0.7421602606773376,
      "mae": 1.0452961921691895,
      "qwk": 0.11323656637508406,
      "prediction_consistency_acc": 0.20818814635276794,
      "ordinal_ranking_acc": 0.2232736931476559,
      "distribution_consistency": 0.5587585558043955
    },
    "adjacent_weighted": {
      "final_epoch": 1,
      "train_loss": 2.0044635931650796,
      "valid_loss": 1.9142558574676514,
      "categorical_acc": 0.21689894795417786,
      "ordinal_acc": 0.7421602606773376,
      "mae": 1.0435539484024048,
      "qwk": 0.11569397232728496,
      "prediction_consistency_acc": 0.20993031561374664,
      "ordinal_ranking_acc": 0.23569141973416632,
      "distribution_consistency": 0.5592316164008831
    }
  }
}