{
  "experiment_info": {
    "timestamp": "2025-07-23T11:08:08.765690",
    "description": "Embedding strategy comparison with new accuracy metrics",
    "epochs": 10
  },
  "results_by_strategy": {
    "ordered": {
      "final_epoch": 2,
      "train_loss": 1.8838649193445842,
      "valid_loss": 1.7607154846191406,
      "categorical_acc": 0.2482578456401825,
      "ordinal_acc": 0.8266550302505493,
      "mae": 0.9268292784690857,
      "qwk": 0.2857820017538454,
      "prediction_consistency_acc": 0.24390244483947754,
      "ordinal_ranking_acc": 0.40821779900115235,
      "distribution_consistency": 0.5729551402793529
    },
    "linear_decay": {
      "final_epoch": 2,
      "train_loss": 1.8199399709701538,
      "valid_loss": 1.7684178352355957,
      "categorical_acc": 0.24564459919929504,
      "ordinal_acc": 0.7918118238449097,
      "mae": 0.9651567935943604,
      "qwk": 0.23998329582627675,
      "prediction_consistency_acc": 0.2412891983985901,
      "ordinal_ranking_acc": 0.4021377546522097,
      "distribution_consistency": 0.5733877254539665
    }
  }
}