{
  "experiment_info": {
    "timestamp": "2025-07-23T11:50:23.823599",
    "description": "Embedding strategy comparison with new accuracy metrics",
    "strategies_tested": [
      "ordered",
      "unordered",
      "linear_decay",
      "adjacent_weighted"
    ]
  },
  "results_by_strategy": {
    "ordered": {
      "final_epoch": 30,
      "train_loss": 1.27030344804128,
      "valid_loss": 1.3879369497299194,
      "categorical_acc": 0.4660278856754303,
      "ordinal_acc": 0.8484320640563965,
      "mae": 0.7012194991111755,
      "qwk": 0.6140279421483793,
      "prediction_consistency_acc": 0.38327527046203613,
      "ordinal_ranking_acc": 0.6388670456469538,
      "distribution_consistency": 0.6584720664271494
    },
    "unordered": {
      "final_epoch": 30,
      "train_loss": 1.23920734723409,
      "valid_loss": 1.423047423362732,
      "categorical_acc": 0.46341463923454285,
      "ordinal_acc": 0.8484320640563965,
      "mae": 0.7081881761550903,
      "qwk": 0.6089442033949912,
      "prediction_consistency_acc": 0.3745644688606262,
      "ordinal_ranking_acc": 0.6250808278090154,
      "distribution_consistency": 0.6564872307956011
    },
    "linear_decay": {
      "final_epoch": 30,
      "train_loss": 1.254109779993693,
      "valid_loss": 1.3913657665252686,
      "categorical_acc": 0.4712543487548828,
      "ordinal_acc": 0.8536585569381714,
      "mae": 0.6951219439506531,
      "qwk": 0.6180395136778116,
      "prediction_consistency_acc": 0.37804877758026123,
      "ordinal_ranking_acc": 0.641745400892931,
      "distribution_consistency": 0.6603128069473061
    },
    "adjacent_weighted": {
      "final_epoch": 30,
      "train_loss": 1.2532751560211182,
      "valid_loss": 1.3993312120437622,
      "categorical_acc": 0.46515679359436035,
      "ordinal_acc": 0.8510453104972839,
      "mae": 0.7020906209945679,
      "qwk": 0.6156269499444503,
      "prediction_consistency_acc": 0.3754355311393738,
      "ordinal_ranking_acc": 0.6373036813451052,
      "distribution_consistency": 0.6585406016181986
    }
  }
}