{
  "ordered": [
    {
      "epoch": 1,
      "train_loss": 2.093062480290731,
      "valid_loss": 1.8947207927703857,
      "categorical_acc": 0.22735191881656647,
      "ordinal_acc": 0.7752613425254822,
      "mae": 1.0034843683242798,
      "qwk": 0.17938066465256786,
      "prediction_consistency_acc": 0.22386759519577026,
      "ordinal_ranking_acc": 0.23533757271899103,
      "distribution_consistency": 0.5594930287697174,
      "learning_rate": 0.001,
      "embedding_strategy": "ordered"
    }
  ],
  "linear_decay": [
    {
      "epoch": 1,
      "train_loss": 2.012983719507853,
      "valid_loss": 1.920324444770813,
      "categorical_acc": 0.2142857164144516,
      "ordinal_acc": 0.7421602606773376,
      "mae": 1.0452961921691895,
      "qwk": 0.11323656637508406,
      "prediction_consistency_acc": 0.20818814635276794,
      "ordinal_ranking_acc": 0.2232736931476559,
      "distribution_consistency": 0.5587585558043955,
      "learning_rate": 0.001,
      "embedding_strategy": "linear_decay"
    }
  ]
}