{
  "config": {
    "model": "attn_gpcm_linear",
    "models": null,
    "dataset": "synthetic_5000_200_4",
    "epochs": 5,
    "batch_size": 64,
    "lr": 0.001,
    "n_folds": 0,
    "no_cv": false,
    "cv": false,
    "seed": 42,
    "device": null,
    "enable_threshold_coupling": false,
    "coupling_type": "linear",
    "threshold_gpcm_weight": 0.7,
    "threshold_coral_weight": 0.3
  },
  "metrics": {
    "epoch": 5,
    "train_loss": 0.754224577593425,
    "train_accuracy": 0.5616053200253107,
    "gradient_norm": 1.0261245298953283,
    "learning_rate": 0.001,
    "categorical_accuracy": 0.5608601367345926,
    "ordinal_accuracy": 0.8677349401579235,
    "quadratic_weighted_kappa": 0.701733429012577,
    "mean_absolute_error": 0.5983793805558775,
    "kendall_tau": 0.6231185410750263,
    "spearman_correlation": 0.7054438147530463,
    "cohen_kappa": 0.39203976462879087,
    "cat_0_accuracy": 0.8281295424152567,
    "cat_1_accuracy": 0.16516009123933428,
    "cat_2_accuracy": 0.21184125964010284,
    "cat_3_accuracy": 0.7950330250990753,
    "cat_0_precision": 0.6070408728636577,
    "cat_0_recall": 0.8281295424152567,
    "cat_0_f1": 0.7005558014854164,
    "cat_1_precision": 0.3421720486566903,
    "cat_1_recall": 0.16516009123933428,
    "cat_1_f1": 0.22278567562177715,
    "cat_2_precision": 0.34920214526915183,
    "cat_2_recall": 0.21184125964010284,
    "cat_2_f1": 0.2637065926648166,
    "cat_3_precision": 0.6353616823613868,
    "cat_3_recall": 0.7950330250990753,
    "cat_3_f1": 0.7062854996948786,
    "cross_entropy": 0.9806400647065583,
    "best_epoch": 5,
    "total_epochs": 5,
    "parameters": 241243,
    "model_type": "EnhancedAttentionGPCM"
  },
  "training_history": [
    {
      "epoch": 1,
      "train_loss": 1.057037735742236,
      "train_accuracy": 0.41646867799281273,
      "gradient_norm": 2.729359989069284,
      "learning_rate": 0.001,
      "categorical_accuracy": 0.5183912993097055,
      "ordinal_accuracy": 0.7914218080087404,
      "quadratic_weighted_kappa": 0.5879145060163553,
      "mean_absolute_error": 0.7605323710043206,
      "kendall_tau": 0.5381726281607254,
      "spearman_correlation": 0.599873999534494,
      "cohen_kappa": 0.3179855242294223,
      "cat_0_accuracy": 0.7917611489040061,
      "cat_1_accuracy": 0.05770043085241193,
      "cat_2_accuracy": 0.04446497429305912,
      "cat_3_accuracy": 0.8698282694848084,
      "cat_0_precision": 0.5532870144644889,
      "cat_0_recall": 0.7917611489040061,
      "cat_0_f1": 0.6513836071847121,
      "cat_1_precision": 0.31797020484171323,
      "cat_1_recall": 0.05770043085241193,
      "cat_1_f1": 0.09767608151590991,
      "cat_2_precision": 0.2710577864838394,
      "cat_2_recall": 0.04446497429305912,
      "cat_2_f1": 0.07639751552795031,
      "cat_3_precision": 0.5208181731894833,
      "cat_3_recall": 0.8698282694848084,
      "cat_3_f1": 0.6515277447953772,
      "cross_entropy": 1.1009991889023873
    },
    {
      "epoch": 2,
      "train_loss": 0.8335519518171038,
      "train_accuracy": 0.5298753964748066,
      "gradient_norm": 2.5127819530547613,
      "learning_rate": 0.001,
      "categorical_accuracy": 0.5422701915277525,
      "ordinal_accuracy": 0.823196874637885,
      "quadratic_weighted_kappa": 0.6484522851672004,
      "mean_absolute_error": 0.6841364697313315,
      "kendall_tau": 0.5929763043016634,
      "spearman_correlation": 0.6611471396485461,
      "cohen_kappa": 0.35269581744891376,
      "cat_0_accuracy": 0.823710680853538,
      "cat_1_accuracy": 0.06876742417842359,
      "cat_2_accuracy": 0.06029080976863753,
      "cat_3_accuracy": 0.8996829590488772,
      "cat_0_precision": 0.5905008023675051,
      "cat_0_recall": 0.823710680853538,
      "cat_0_f1": 0.6878770590306017,
      "cat_1_precision": 0.3396620070936783,
      "cat_1_recall": 0.06876742417842359,
      "cat_1_f1": 0.11437805177925317,
      "cat_2_precision": 0.30195131764232547,
      "cat_2_recall": 0.06029080976863753,
      "cat_2_f1": 0.10051227106840326,
      "cat_3_precision": 0.539915333513025,
      "cat_3_recall": 0.8996829590488772,
      "cat_3_f1": 0.6748446804926626,
      "cross_entropy": 1.0169586231884242
    },
    {
      "epoch": 3,
      "train_loss": 0.7801218297746446,
      "train_accuracy": 0.5499309526936409,
      "gradient_norm": 0.9268081819727307,
      "learning_rate": 0.001,
      "categorical_accuracy": 0.5509692264397689,
      "ordinal_accuracy": 0.8414805740866427,
      "quadratic_weighted_kappa": 0.6724533687066665,
      "mean_absolute_error": 0.6472959327252562,
      "kendall_tau": 0.6074679761995488,
      "spearman_correlation": 0.6817745682238833,
      "cohen_kappa": 0.36933526125443505,
      "cat_0_accuracy": 0.8235653235653235,
      "cat_1_accuracy": 0.0985469291205542,
      "cat_2_accuracy": 0.10833065552699228,
      "cat_3_accuracy": 0.8773579920739762,
      "cat_0_precision": 0.6003305855178114,
      "cat_0_recall": 0.8235653235653235,
      "cat_0_f1": 0.6944488705308444,
      "cat_1_precision": 0.3390495567504723,
      "cat_1_recall": 0.0985469291205542,
      "cat_1_f1": 0.15270823105874654,
      "cat_2_precision": 0.3219145380759131,
      "cat_2_recall": 0.10833065552699228,
      "cat_2_f1": 0.16210855322474005,
      "cat_3_precision": 0.5689223916395408,
      "cat_3_recall": 0.8773579920739762,
      "cat_3_f1": 0.6902515069632094,
      "cross_entropy": 0.9946004551385909
    },
    {
      "epoch": 4,
      "train_loss": 0.7662304261374095,
      "train_accuracy": 0.5564934315516342,
      "gradient_norm": 1.2147359531077127,
      "learning_rate": 0.001,
      "categorical_accuracy": 0.557872171365194,
      "ordinal_accuracy": 0.8569501233259945,
      "quadratic_weighted_kappa": 0.690766743584202,
      "mean_absolute_error": 0.6171928023969938,
      "kendall_tau": 0.6170597597683035,
      "spearman_correlation": 0.6965592687067345,
      "cohen_kappa": 0.38460833231090275,
      "cat_0_accuracy": 0.8460084888656317,
      "cat_1_accuracy": 0.13508490326940947,
      "cat_2_accuracy": 0.1712724935732648,
      "cat_3_accuracy": 0.8147424042272127,
      "cat_0_precision": 0.5893276630214662,
      "cat_0_recall": 0.8460084888656317,
      "cat_0_f1": 0.6947169901406097,
      "cat_1_precision": 0.3377336571971697,
      "cat_1_recall": 0.13508490326940947,
      "cat_1_f1": 0.19298192680203965,
      "cat_2_precision": 0.34853686447605037,
      "cat_2_recall": 0.1712724935732648,
      "cat_2_f1": 0.22967950444384594,
      "cat_3_precision": 0.6200462450990248,
      "cat_3_recall": 0.8147424042272127,
      "cat_3_f1": 0.70418450647942,
      "cross_entropy": 0.9856866845600797
    },
    {
      "epoch": 5,
      "train_loss": 0.754224577593425,
      "train_accuracy": 0.5616053200253107,
      "gradient_norm": 1.0261245298953283,
      "learning_rate": 0.001,
      "categorical_accuracy": 0.5608601367345926,
      "ordinal_accuracy": 0.8677349401579235,
      "quadratic_weighted_kappa": 0.701733429012577,
      "mean_absolute_error": 0.5983793805558775,
      "kendall_tau": 0.6231185410750263,
      "spearman_correlation": 0.7054438147530463,
      "cohen_kappa": 0.39203976462879087,
      "cat_0_accuracy": 0.8281295424152567,
      "cat_1_accuracy": 0.16516009123933428,
      "cat_2_accuracy": 0.21184125964010284,
      "cat_3_accuracy": 0.7950330250990753,
      "cat_0_precision": 0.6070408728636577,
      "cat_0_recall": 0.8281295424152567,
      "cat_0_f1": 0.7005558014854164,
      "cat_1_precision": 0.3421720486566903,
      "cat_1_recall": 0.16516009123933428,
      "cat_1_f1": 0.22278567562177715,
      "cat_2_precision": 0.34920214526915183,
      "cat_2_recall": 0.21184125964010284,
      "cat_2_f1": 0.2637065926648166,
      "cat_3_precision": 0.6353616823613868,
      "cat_3_recall": 0.7950330250990753,
      "cat_3_f1": 0.7062854996948786,
      "cross_entropy": 0.9806400647065583
    }
  ],
  "timestamp": "2025-08-11T12:48:51.690140"
}