{
  "type": "k_fold",
  "n_folds": 5,
  "fold_results": [
    {
      "best_qwk": 0.01730881204923873,
      "total_epochs": 1,
      "metrics_history": [
        {
          "loss": 0.5999636888504029,
          "categorical_accuracy": 0.6063285366842318,
          "ordinal_accuracy": 0.7195036988244832,
          "quadratic_weighted_kappa": 0.01730881204923873,
          "mean_absolute_error": 0.8425086137008513,
          "kendall_tau": 0.07800280103915459,
          "spearman_correlation": 0.08295255722681402,
          "cohen_kappa": 0.014010176770029581,
          "cat_0_accuracy": 0.9958922150681495,
          "cat_1_accuracy": 0.01008538192653716,
          "cat_2_accuracy": 0.004091374019774974,
          "cat_3_accuracy": 0.007545919681967092,
          "cat_0_true_count": "95672",
          "cat_0_pred_count": "156169",
          "cat_1_true_count": "17451",
          "cat_1_pred_count": "923",
          "cat_2_true_count": "17598",
          "cat_2_pred_count": "339",
          "cat_3_true_count": "27167",
          "cat_3_pred_count": "457",
          "cat_0_precision": 0.6101018768129398,
          "cat_0_recall": 0.9958922150681495,
          "cat_0_f1": 0.7566599560834019,
          "cat_1_precision": 0.19068255687973998,
          "cat_1_recall": 0.01008538192653716,
          "cat_1_f1": 0.019157505170349406,
          "cat_2_precision": 0.21238938053097345,
          "cat_2_recall": 0.004091374019774974,
          "cat_2_f1": 0.008028098344204716,
          "cat_3_precision": 0.4485776805251641,
          "cat_3_recall": 0.007545919681967092,
          "cat_3_f1": 0.014842166232261802,
          "cross_entropy": 2.0386114097436194,
          "mean_confidence": "0.8917595"
        }
      ],
      "fold": 0
    },
    {
      "best_qwk": 0.698591191702232,
      "total_epochs": 1,
      "metrics_history": [
        {
          "loss": 0.520319983959198,
          "categorical_accuracy": 0.7100602959059586,
          "ordinal_accuracy": 0.8645495541143089,
          "quadratic_weighted_kappa": 0.698591191702232,
          "mean_absolute_error": 0.47708502229428457,
          "kendall_tau": 0.6602346928873521,
          "spearman_correlation": 0.7130849415148408,
          "cohen_kappa": 0.4676031059152871,
          "cat_0_accuracy": 0.9195793962705912,
          "cat_1_accuracy": 0.09185720016044925,
          "cat_2_accuracy": 0.05733606091601318,
          "cat_3_accuracy": 0.7921375197850333,
          "cat_0_true_count": "95672",
          "cat_0_pred_count": "104507",
          "cat_1_true_count": "17451",
          "cat_1_pred_count": "5935",
          "cat_2_true_count": "17598",
          "cat_2_pred_count": "3999",
          "cat_3_true_count": "27167",
          "cat_3_pred_count": "43447",
          "cat_0_precision": 0.8418383457567435,
          "cat_0_recall": 0.9195793962705912,
          "cat_0_f1": 0.8789933009956089,
          "cat_1_precision": 0.27009267059814657,
          "cat_1_recall": 0.09185720016044925,
          "cat_1_f1": 0.13709056700590097,
          "cat_2_precision": 0.2523130782695674,
          "cat_2_recall": 0.05733606091601318,
          "cat_2_f1": 0.09343890355141918,
          "cat_3_precision": 0.4953161322991231,
          "cat_3_recall": 0.7921375197850333,
          "cat_3_f1": 0.6095108618687513,
          "cross_entropy": 0.672991159653241,
          "mean_confidence": "0.7320346"
        }
      ],
      "fold": 1
    },
    {
      "best_qwk": 0.7473736238219765,
      "total_epochs": 1,
      "metrics_history": [
        {
          "loss": 0.44909603834152223,
          "categorical_accuracy": 0.7323925820835022,
          "ordinal_accuracy": 0.8830880117551683,
          "quadratic_weighted_kappa": 0.7473736238219765,
          "mean_absolute_error": 0.4233507296311309,
          "kendall_tau": 0.7086146565839306,
          "spearman_correlation": 0.7598817488750943,
          "cohen_kappa": 0.50366744824454,
          "cat_0_accuracy": 0.9424492014382474,
          "cat_1_accuracy": 0.07099879663056559,
          "cat_2_accuracy": 0.037106489373792476,
          "cat_3_accuracy": 0.8678911915191224,
          "cat_0_true_count": "95672",
          "cat_0_pred_count": "106003",
          "cat_1_true_count": "17451",
          "cat_1_pred_count": "4163",
          "cat_2_true_count": "17598",
          "cat_2_pred_count": "2379",
          "cat_3_true_count": "27167",
          "cat_3_pred_count": "45343",
          "cat_0_precision": 0.8505985679650576,
          "cat_0_recall": 0.9424492014382474,
          "cat_0_f1": 0.8941713152349077,
          "cat_1_precision": 0.297621907278405,
          "cat_1_recall": 0.07099879663056559,
          "cat_1_f1": 0.1146479133894698,
          "cat_2_precision": 0.2744850777637663,
          "cat_2_recall": 0.037106489373792476,
          "cat_2_f1": 0.06537518145867748,
          "cat_3_precision": 0.5199920605165075,
          "cat_3_recall": 0.8678911915191224,
          "cat_3_f1": 0.6503378844297338,
          "cross_entropy": 0.8372511458473246,
          "mean_confidence": "0.8602902"
        }
      ],
      "fold": 2
    },
    {
      "best_qwk": 0.7660209656875072,
      "total_epochs": 1,
      "metrics_history": [
        {
          "loss": 0.43557668805122374,
          "categorical_accuracy": 0.7390998682610458,
          "ordinal_accuracy": 0.8952738650182408,
          "quadratic_weighted_kappa": 0.7660209656875072,
          "mean_absolute_error": 0.39703460680989056,
          "kendall_tau": 0.7189979729861976,
          "spearman_correlation": 0.7725520259726635,
          "cohen_kappa": 0.5154999849725131,
          "cat_0_accuracy": 0.9483757003093904,
          "cat_1_accuracy": 0.1019998853933872,
          "cat_2_accuracy": 0.05904080009091942,
          "cat_3_accuracy": 0.8518791180476313,
          "cat_0_true_count": "95672",
          "cat_0_pred_count": "106640",
          "cat_1_true_count": "17451",
          "cat_1_pred_count": "5799",
          "cat_2_true_count": "17598",
          "cat_2_pred_count": "3517",
          "cat_3_true_count": "27167",
          "cat_3_pred_count": "41932",
          "cat_0_precision": 0.8508345836459115,
          "cat_0_recall": 0.9483757003093904,
          "cat_0_f1": 0.8969611293447745,
          "cat_1_precision": 0.30694947404724954,
          "cat_1_recall": 0.1019998853933872,
          "cat_1_f1": 0.15311827956989246,
          "cat_2_precision": 0.29542223485925506,
          "cat_2_recall": 0.05904080009091942,
          "cat_2_f1": 0.09841345015391902,
          "cat_3_precision": 0.5519173900600973,
          "cat_3_recall": 0.8518791180476313,
          "cat_3_f1": 0.6698505043488329,
          "cross_entropy": 0.727143009193641,
          "mean_confidence": "0.8417874"
        }
      ],
      "fold": 3
    },
    {
      "best_qwk": 0.7747036140098837,
      "total_epochs": 1,
      "metrics_history": [
        {
          "loss": 0.4313710033893585,
          "categorical_accuracy": 0.7424820125658694,
          "ordinal_accuracy": 0.9017721422780706,
          "quadratic_weighted_kappa": 0.7747036140098837,
          "mean_absolute_error": 0.38298667409809484,
          "kendall_tau": 0.722879510346286,
          "spearman_correlation": 0.7781959291113418,
          "cohen_kappa": 0.5220967138176982,
          "cat_0_accuracy": 0.9506229617861025,
          "cat_1_accuracy": 0.1269268236777262,
          "cat_2_accuracy": 0.0879077167859984,
          "cat_3_accuracy": 0.8289100747230095,
          "cat_0_true_count": "95672",
          "cat_0_pred_count": "106890",
          "cat_1_true_count": "17451",
          "cat_1_pred_count": "7120",
          "cat_2_true_count": "17598",
          "cat_2_pred_count": "4893",
          "cat_3_true_count": "27167",
          "cat_3_pred_count": "38985",
          "cat_0_precision": 0.8508560202076901,
          "cat_0_recall": 0.9506229617861025,
          "cat_0_f1": 0.897976915709758,