{
  "config": {
    "model": "deep_gpcm",
    "models": null,
    "dataset": "synthetic_5000_200_2",
    "epochs": 20,
    "batch_size": 64,
    "lr": 0.001,
    "n_folds": 0,
    "no_cv": false,
    "cv": false,
    "seed": 42,
    "device": null,
    "enable_threshold_coupling": false,
    "coupling_type": "linear",
    "threshold_gpcm_weight": 0.7,
    "threshold_coral_weight": 0.3
  },
  "metrics": {
    "epoch": 13,
    "train_loss": 0.13793327079878914,
    "train_accuracy": 0.7210019989010026,
    "gradient_norm": 0.028512279414350077,
    "learning_rate": 0.001,
    "categorical_accuracy": 0.7188293166880245,
    "ordinal_accuracy": 1.0,
    "quadratic_weighted_kappa": 0.43733899933922327,
    "mean_absolute_error": 0.28117068331197553,
    "kendall_tau": 0.4375707643949855,
    "spearman_correlation": 0.4375707643949855,
    "cohen_kappa": 0.43733899933922327,
    "cat_0_accuracy": 0.6987741978699176,
    "cat_1_accuracy": 0.7383856692630513,
    "cat_0_precision": 0.7225752826888777,
    "cat_0_recall": 0.6987741978699176,
    "cat_0_f1": 0.7104754607755501,
    "cat_1_precision": 0.7154067651805208,
    "cat_1_recall": 0.7383856692630513,
    "cat_1_f1": 0.7267146128811925,
    "cross_entropy": 0.5927102284525289,
    "best_epoch": 13,
    "total_epochs": 20,
    "parameters": 198453,
    "model_type": "DeepGPCM"
  },
  "training_history": [
    {
      "epoch": 1,
      "train_loss": 0.15308861363501775,
      "train_accuracy": 0.6637944078554421,
      "gradient_norm": 0.03952511442854764,
      "learning_rate": 0.001,
      "categorical_accuracy": 0.7095614071348849,
      "ordinal_accuracy": 1.0,
      "quadratic_weighted_kappa": 0.41906433435029256,
      "mean_absolute_error": 0.29043859286511514,
      "kendall_tau": 0.4190687627515089,
      "spearman_correlation": 0.41906876275150884,
      "cohen_kappa": 0.41906433435029256,
      "cat_0_accuracy": 0.7081854109451403,
      "cat_1_accuracy": 0.7109031826123875,
      "cat_0_precision": 0.7049038237157049,
      "cat_0_recall": 0.7081854109451403,
      "cat_0_f1": 0.7065408069501294,
      "cat_1_precision": 0.7141451091681567,
      "cat_1_recall": 0.7109031826123875,
      "cat_1_f1": 0.7125204582651391,
      "cross_entropy": 0.6063764425932084
    },
    {
      "epoch": 2,
      "train_loss": 0.1407520655128691,
      "train_accuracy": 0.7135837666940089,
      "gradient_norm": 0.023217511814205893,
      "learning_rate": 0.001,
      "categorical_accuracy": 0.7131412508784258,
      "ordinal_accuracy": 1.0,
      "quadratic_weighted_kappa": 0.4260049486338977,
      "mean_absolute_error": 0.28685874912157416,
      "kendall_tau": 0.4261470637182387,
      "spearman_correlation": 0.4261470637182387,
      "cohen_kappa": 0.4260049486338977,
      "cat_0_accuracy": 0.6964130216357425,
      "cat_1_accuracy": 0.7294534528650043,
      "cat_0_precision": 0.715106181755653,
      "cat_0_recall": 0.6964130216357425,
      "cat_0_f1": 0.7056358222124186,
      "cat_1_precision": 0.7113216560509554,
      "cat_1_recall": 0.7294534528650043,
      "cat_1_f1": 0.720273462378768,
      "cross_entropy": 0.6015038996713598
    },
    {
      "epoch": 3,
      "train_loss": 0.1399888810184267,
      "train_accuracy": 0.7154851117712174,
      "gradient_norm": 0.02414775707773746,
      "learning_rate": 0.001,
      "categorical_accuracy": 0.714645942705965,
      "ordinal_accuracy": 1.0,
      "quadratic_weighted_kappa": 0.428877074121528,
      "mean_absolute_error": 0.28535405729403496,
      "kendall_tau": 0.42931437503665176,
      "spearman_correlation": 0.4293143750366517,
      "cohen_kappa": 0.42887707412152776,
      "cat_0_accuracy": 0.6881740237122379,
      "cat_1_accuracy": 0.7404595110958703,
      "cat_0_precision": 0.7211040727157872,
      "cat_0_recall": 0.6881740237122379,
      "cat_0_f1": 0.7042543164388844,
      "cat_1_precision": 0.7088922239939968,
      "cat_1_recall": 0.7404595110958703,
      "cat_1_f1": 0.7243320953636037,
      "cross_entropy": 0.598412737801757
    },
    {
      "epoch": 4,
      "train_loss": 0.13914876017305586,
      "train_accuracy": 0.717476049024839,
      "gradient_norm": 0.029127099314734103,
      "learning_rate": 0.001,
      "categorical_accuracy": 0.7152494729444835,
      "ordinal_accuracy": 1.0,
      "quadratic_weighted_kappa": 0.430222127056734,
      "mean_absolute_error": 0.2847505270555165,
      "kendall_tau": 0.43036768054522967,
      "spearman_correlation": 0.4303676805452296,
      "cohen_kappa": 0.4302221270567339,
      "cat_0_accuracy": 0.6984560251858798,
      "cat_1_accuracy": 0.7316252714773266,
      "cat_0_precision": 0.7173397083104017,
      "cat_0_recall": 0.6984560251858798,
      "cat_0_f1": 0.7077719328016291,
      "cat_1_precision": 0.7133145468150484,
      "cat_1_recall": 0.7316252714773266,
      "cat_1_f1": 0.722353889560661,
      "cross_entropy": 0.5963319939952785
    },
    {
      "epoch": 5,
      "train_loss": 0.13867039197967165,
      "train_accuracy": 0.7190727807022433,
      "gradient_norm": 0.019096893147521075,
      "learning_rate": 0.001,
      "categorical_accuracy": 0.7164978711090901,
      "ordinal_accuracy": 1.0,
      "quadratic_weighted_kappa": 0.43259710005484087,
      "mean_absolute_error": 0.28350212889090987,
      "kendall_tau": 0.4330020157894167,
      "spearman_correlation": 0.43300201578941666,
      "cohen_kappa": 0.43259710005484087,
      "cat_0_accuracy": 0.6910040860071003,
      "cat_1_accuracy": 0.7413576315746502,
      "cat_0_precision": 0.7226240302611071,
      "cat_0_recall": 0.6910040860071003,
      "cat_0_f1": 0.7064604216779805,
      "cat_1_precision": 0.7110192319739397,
      "cat_1_recall": 0.7413576315746502,
      "cat_1_f1": 0.7258715655003157,
      "cross_entropy": 0.5959452591411135
    },
    {
      "epoch": 6,
      "train_loss": 0.13845479393762256,
      "train_accuracy": 0.719516759709801,
      "gradient_norm": 0.01988788130914881,
      "learning_rate": 0.001,
      "categorical_accuracy": 0.7167872349220784,
      "ordinal_accuracy": 1.0,
      "quadratic_weighted_kappa": 0.43317375453649865,
      "mean_absolute_error": 0.28321276507792154,
      "kendall_tau": 0.43358576624311423,
      "spearman_correlation": 0.4335857662431143,
      "cohen_kappa": 0.43317375453649876,
      "cat_0_accuracy": 0.6911213075222721,
      "cat_1_accuracy": 0.7418148565456654,
      "cat_0_precision": 0.7230125083213622,
      "cat_0_recall": 0.6911213075222721,
      "cat_0_f1": 0.7067073066319629,
      "cat_1_precision": 0.7112238347971757,
      "cat_1_recall": 0.7418148565456654,
      "cat_1_f1": 0.7261973271948334,
      "cross_entropy": 0.59502868947832
    },
    {
      "epoch": 7,
      "train_loss": 0.1383910739705676,
      "train_accuracy": 0.7195545875176198,
      "gradient_norm": 0.030834695664308374,
      "learning_rate": 0.001,
      "categorical_accuracy": 0.7172254144103178,
      "ordinal_accuracy": 1.0,
      "quadratic_weighted_kappa": 0.4341239488646771,
      "mean_absolute_error": 0.2827745855896821,
      "kendall_tau": 0.43436490999579935,
      "spearman_correlation": 0.43436490999579935,
      "cohen_kappa": 0.4341239488646771,
      "cat_0_accuracy": 0.696764686181258,
      "cat_1_accuracy": 0.7371772889825111,
      "cat_0_precision": 0.7210716947125799,
      "cat_0_recall": 0.696764686181258,
      "cat_0_f1": 0.7087098340132346,
      "cat_1_precision": 0.71371656232214,
      "cat_1_recall": 0.7371772889825111,
      "cat_1_f1": 0.7252572475118684,
      "cross_entropy": 0.5965688202564324
    },
    {
      "epoch": 8,
      "train_loss": 0.13824306357474553,
      "train_accuracy": 0.7200463490192643,
      "gradient_norm": 0.02748756633982772,
      "learning_rate": 0.001,
      "categorical_accuracy": 0.7168368401471622,
      "ordinal_accuracy": 1.0,
      "quadratic_weighted_kappa": 0.4336551089307352,
      "mean_absolute_error": 0.28316315985283785,
      "kendall_tau": 0.4336767391869465,