{
  "config": {
    "model": "attn_gpcm_learn",
    "models": null,
    "dataset": "synthetic_5000_200_2",
    "epochs": 20,
    "batch_size": 64,
    "lr": 0.001,
    "n_folds": 0,
    "no_cv": false,
    "cv": false,
    "seed": 42,
    "device": null,
    "enable_threshold_coupling": false,
    "coupling_type": "linear",
    "threshold_gpcm_weight": 0.7,
    "threshold_coral_weight": 0.3
  },
  "metrics": {
    "epoch": 15,
    "train_loss": 0.4688968374615624,
    "train_accuracy": 0.7239167310403045,
    "gradient_norm": 0.05329013577411099,
    "learning_rate": 0.001,
    "categorical_accuracy": 0.7221776693811748,
    "ordinal_accuracy": 1.0,
    "quadratic_weighted_kappa": 0.4440185474247268,
    "mean_absolute_error": 0.27782233061882516,
    "kendall_tau": 0.44429921352036406,
    "spearman_correlation": 0.444299213520364,
    "cohen_kappa": 0.4440185474247268,
    "cat_0_accuracy": 0.7006497421126666,
    "cat_1_accuracy": 0.7431702019954604,
    "cat_0_precision": 0.7267926625903279,
    "cat_0_recall": 0.7006497421126666,
    "cat_0_f1": 0.7134818048497664,
    "cat_1_precision": 0.7179863378926278,
    "cat_1_recall": 0.7431702019954604,
    "cat_1_f1": 0.730361240832571,
    "cross_entropy": 0.5436696131944008,
    "best_epoch": 15,
    "total_epochs": 20,
    "parameters": 194232,
    "model_type": "EnhancedAttentionGPCM"
  },
  "training_history": [
    {
      "epoch": 1,
      "train_loss": 0.5390776532983023,
      "train_accuracy": 0.6647858946077455,
      "gradient_norm": 0.14554354400625305,
      "learning_rate": 0.001,
      "categorical_accuracy": 0.7110578314249101,
      "ordinal_accuracy": 1.0,
      "quadratic_weighted_kappa": 0.42179369858611604,
      "mean_absolute_error": 0.2889421685750899,
      "kendall_tau": 0.4220051071522925,
      "spearman_correlation": 0.42200510715229245,
      "cohen_kappa": 0.42179369858611604,
      "cat_0_accuracy": 0.6913557505526157,
      "cat_1_accuracy": 0.7302699260275315,
      "cat_0_precision": 0.714236285313911,
      "cat_0_recall": 0.6913557505526157,
      "cat_0_f1": 0.7026097907572393,
      "cat_1_precision": 0.7081485938687611,
      "cat_1_recall": 0.7302699260275315,
      "cat_1_f1": 0.7190391587815839,
      "cross_entropy": 0.5657745734181097
    },
    {
      "epoch": 2,
      "train_loss": 0.47931896126459517,
      "train_accuracy": 0.7173088102955347,
      "gradient_norm": 0.08505520857279263,
      "learning_rate": 0.001,
      "categorical_accuracy": 0.7179446901740316,
      "ordinal_accuracy": 1.0,
      "quadratic_weighted_kappa": 0.43600287123728954,
      "mean_absolute_error": 0.2820553098259683,
      "kendall_tau": 0.4361808836610982,
      "spearman_correlation": 0.4361808836610982,
      "cohen_kappa": 0.4360028712372894,
      "cat_0_accuracy": 0.7288163976153794,
      "cat_1_accuracy": 0.7073433596237692,
      "cat_0_precision": 0.708319770848252,
      "cat_0_recall": 0.7288163976153794,
      "cat_0_f1": 0.7184219214262133,
      "cat_1_precision": 0.7278822402581036,
      "cat_1_recall": 0.7073433596237692,
      "cat_1_f1": 0.7174658385093168,
      "cross_entropy": 0.5514075200878585
    },
    {
      "epoch": 3,
      "train_loss": 0.4742175941429441,
      "train_accuracy": 0.7203429986700539,
      "gradient_norm": 0.06950031427873506,
      "learning_rate": 0.001,
      "categorical_accuracy": 0.719416311851515,
      "ordinal_accuracy": 1.0,
      "quadratic_weighted_kappa": 0.43836237618317686,
      "mean_absolute_error": 0.280583688148485,
      "kendall_tau": 0.43900170998546173,
      "spearman_correlation": 0.43900170998546173,
      "cohen_kappa": 0.43836237618317686,
      "cat_0_accuracy": 0.6885424341884921,
      "cat_1_accuracy": 0.7495223631999216,
      "cat_0_precision": 0.7283016862689529,
      "cat_0_recall": 0.6885424341884921,
      "cat_0_f1": 0.7078642013566092,
      "cat_1_precision": 0.7116389401386068,
      "cat_1_recall": 0.7495223631999216,
      "cat_1_f1": 0.7300895512891886,
      "cross_entropy": 0.5468316084860187
    },
    {
      "epoch": 4,
      "train_loss": 0.472711980342865,
      "train_accuracy": 0.7214818147791254,
      "gradient_norm": 0.06845192756089899,
      "learning_rate": 0.001,
      "categorical_accuracy": 0.7205406969534124,
      "ordinal_accuracy": 1.0,
      "quadratic_weighted_kappa": 0.440894969577162,
      "mean_absolute_error": 0.27945930304658756,
      "kendall_tau": 0.44093753222223137,
      "spearman_correlation": 0.4409375322222314,
      "cohen_kappa": 0.440894969577162,
      "cat_0_accuracy": 0.7099437336727176,
      "cat_1_accuracy": 0.7308741161678015,
      "cat_0_precision": 0.7200726951559209,
      "cat_0_recall": 0.7099437336727176,
      "cat_0_f1": 0.7149723421478683,
      "cat_1_precision": 0.7209845519418805,
      "cat_1_recall": 0.7308741161678015,
      "cat_1_f1": 0.7258956518918568,
      "cross_entropy": 0.5469389567121296
    },
    {
      "epoch": 5,
      "train_loss": 0.47194017966588336,
      "train_accuracy": 0.7219954765905597,
      "gradient_norm": 0.08885375303881508,
      "learning_rate": 0.001,
      "categorical_accuracy": 0.7207556529287752,
      "ordinal_accuracy": 1.0,
      "quadratic_weighted_kappa": 0.44124240041756546,
      "mean_absolute_error": 0.27924434707122486,
      "kendall_tau": 0.4413875297903341,
      "spearman_correlation": 0.44138752979033413,
      "cohen_kappa": 0.44124240041756546,
      "cat_0_accuracy": 0.7042166253600375,
      "cat_1_accuracy": 0.7368833586440013,
      "cat_0_precision": 0.7229824983667434,
      "cat_0_recall": 0.7042166253600375,
      "cat_0_f1": 0.7134761880524593,
      "cat_1_precision": 0.7186927646562296,
      "cat_1_recall": 0.7368833586440013,
      "cat_1_f1": 0.7276743961041056,
      "cross_entropy": 0.5462438612029413
    },
    {
      "epoch": 6,
      "train_loss": 0.4710051284896003,
      "train_accuracy": 0.7225788212058709,
      "gradient_norm": 0.06416150720583068,
      "learning_rate": 0.001,
      "categorical_accuracy": 0.7208217932288867,
      "ordinal_accuracy": 1.0,
      "quadratic_weighted_kappa": 0.44129327930067774,
      "mean_absolute_error": 0.2791782067711132,
      "kendall_tau": 0.44159938481984085,
      "spearman_correlation": 0.44159938481984085,
      "cohen_kappa": 0.44129327930067785,
      "cat_0_accuracy": 0.6984225333244022,
      "cat_1_accuracy": 0.7426639886346936,
      "cat_0_precision": 0.7257682803744823,
      "cat_0_recall": 0.6984225333244022,
      "cat_0_f1": 0.7118328753562834,
      "cat_1_precision": 0.7163445636251949,
      "cat_1_recall": 0.7426639886346936,
      "cat_1_f1": 0.7292668847411968,
      "cross_entropy": 0.5518450168921875
    },
    {
      "epoch": 7,
      "train_loss": 0.47058801140104023,
      "train_accuracy": 0.7227002683783418,
      "gradient_norm": 0.05026227229880908,
      "learning_rate": 0.001,
      "categorical_accuracy": 0.7208796659914845,
      "ordinal_accuracy": 1.0,
      "quadratic_weighted_kappa": 0.4415323082066135,
      "mean_absolute_error": 0.27912033400851555,
      "kendall_tau": 0.44161802145732837,
      "spearman_correlation": 0.4416180214573283,
      "cohen_kappa": 0.4415323082066135,
      "cat_0_accuracy": 0.7073481144081988,
      "cat_1_accuracy": 0.734074690964908,
      "cat_0_precision": 0.7217428449380606,
      "cat_0_recall": 0.7073481144081988,
      "cat_0_f1": 0.7144729831445945,
      "cat_1_precision": 0.7200704789364087,
      "cat_1_recall": 0.734074690964908,
      "cat_1_f1": 0.7270051508462104,
      "cross_entropy": 0.5455088080616155
    },
    {
      "epoch": 8,
      "train_loss": 0.4706782102584839,
      "train_accuracy": 0.7228436158606025,
      "gradient_norm": 0.06142687895113513,
      "learning_rate": 0.001,
      "categorical_accuracy": 0.7203588111281055,
      "ordinal_accuracy": 1.0,
      "quadratic_weighted_kappa": 0.440636624421499,
      "mean_absolute_error": 0.2796411888718945,