{
  "config": {
    "model": "attn_gpcm_linear",
    "models": null,
    "dataset": "synthetic_5000_200_2",
    "epochs": 20,
    "batch_size": 64,
    "lr": 0.001,
    "n_folds": 0,
    "no_cv": false,
    "cv": false,
    "seed": 42,
    "device": null,
    "enable_threshold_coupling": false,
    "coupling_type": "linear",
    "threshold_gpcm_weight": 0.7,
    "threshold_coral_weight": 0.3
  },
  "metrics": {
    "epoch": 18,
    "train_loss": 0.4513403621930925,
    "train_accuracy": 0.7365293185419969,
    "gradient_norm": 0.3943758658946507,
    "learning_rate": 0.001,
    "categorical_accuracy": 0.7349014096151462,
    "ordinal_accuracy": 1.0,
    "quadratic_weighted_kappa": 0.4696397820562126,
    "mean_absolute_error": 0.2650985903848539,
    "kendall_tau": 0.46967262725662107,
    "spearman_correlation": 0.46967262725662107,
    "cohen_kappa": 0.4696397820562126,
    "cat_0_accuracy": 0.7255341951905687,
    "cat_1_accuracy": 0.7440356635477392,
    "cat_0_precision": 0.7343265368383587,
    "cat_0_recall": 0.7255341951905687,
    "cat_0_f1": 0.7299038890807551,
    "cat_1_precision": 0.7354488814281563,
    "cat_1_recall": 0.7440356635477392,
    "cat_1_f1": 0.7397173540704424,
    "cross_entropy": 0.528909105547634,
    "best_epoch": 18,
    "total_epochs": 20,
    "parameters": 215541,
    "model_type": "EnhancedAttentionGPCM"
  },
  "training_history": [
    {
      "epoch": 1,
      "train_loss": 0.5882765470989166,
      "train_accuracy": 0.6072139620447722,
      "gradient_norm": 1.1810535993870526,
      "learning_rate": 0.001,
      "categorical_accuracy": 0.6868422140465462,
      "ordinal_accuracy": 1.0,
      "quadratic_weighted_kappa": 0.3711660454882604,
      "mean_absolute_error": 0.3131577859534538,
      "kendall_tau": 0.38995930706441057,
      "spearman_correlation": 0.38995930706441057,
      "cohen_kappa": 0.3711660454882604,
      "cat_0_accuracy": 0.5281666555027128,
      "cat_1_accuracy": 0.8415715475432323,
      "cat_0_precision": 0.7647543766063721,
      "cat_0_recall": 0.5281666555027128,
      "cat_0_f1": 0.624814279205214,
      "cat_1_precision": 0.6465319333107523,
      "cat_1_recall": 0.8415715475432323,
      "cat_1_f1": 0.7312702196492423,
      "cross_entropy": 0.5957573324808109
    },
    {
      "epoch": 2,
      "train_loss": 0.48219392602405853,
      "train_accuracy": 0.7156523505005217,
      "gradient_norm": 0.44100251900298254,
      "learning_rate": 0.001,
      "categorical_accuracy": 0.7239882600967302,
      "ordinal_accuracy": 1.0,
      "quadratic_weighted_kappa": 0.44770762151257526,
      "mean_absolute_error": 0.2760117399032698,
      "kendall_tau": 0.44786005661114753,
      "spearman_correlation": 0.4478600566111475,
      "cohen_kappa": 0.44770762151257526,
      "cat_0_accuracy": 0.7072643847545047,
      "cat_1_accuracy": 0.7402962164633649,
      "cat_0_precision": 0.7264486833278866,
      "cat_0_recall": 0.7072643847545047,
      "cat_0_f1": 0.7167281829366594,
      "cat_1_precision": 0.721711029037188,
      "cat_1_recall": 0.7402962164633649,
      "cat_1_f1": 0.7308854943371892,
      "cross_entropy": 0.5474262752229284
    },
    {
      "epoch": 3,
      "train_loss": 0.47006011482269044,
      "train_accuracy": 0.7240600785225653,
      "gradient_norm": 0.7281488772659075,
      "learning_rate": 0.001,
      "categorical_accuracy": 0.7269563060642388,
      "ordinal_accuracy": 1.0,
      "quadratic_weighted_kappa": 0.45326246549430027,
      "mean_absolute_error": 0.2730436939357612,
      "kendall_tau": 0.4547920378069876,
      "spearman_correlation": 0.4547920378069875,
      "cohen_kappa": 0.45326246549430016,
      "cat_0_accuracy": 0.6820282671310871,
      "cat_1_accuracy": 0.770766994888878,
      "cat_0_precision": 0.7436730818390973,
      "cat_0_recall": 0.6820282671310871,
      "cat_0_f1": 0.7115179678901487,
      "cat_1_precision": 0.713124537309825,
      "cat_1_recall": 0.770766994888878,
      "cat_1_f1": 0.7408261920457042,
      "cross_entropy": 0.5390078737155601
    },
    {
      "epoch": 4,
      "train_loss": 0.4637979112920307,
      "train_accuracy": 0.7284978776608877,
      "gradient_norm": 0.5650706124447641,
      "learning_rate": 0.001,
      "categorical_accuracy": 0.7308420486957959,
      "ordinal_accuracy": 1.0,
      "quadratic_weighted_kappa": 0.4615666703243515,
      "mean_absolute_error": 0.26915795130420406,
      "kendall_tau": 0.4615718338411029,
      "spearman_correlation": 0.46157183384110284,
      "cohen_kappa": 0.4615666703243514,
      "cat_0_accuracy": 0.725015071337665,
      "cat_1_accuracy": 0.7365241104524894,
      "cat_0_precision": 0.7285041224970553,
      "cat_0_recall": 0.725015071337665,
      "cat_0_f1": 0.7267554093297299,
      "cat_1_precision": 0.7331003657049979,
      "cat_1_recall": 0.7365241104524894,
      "cat_1_f1": 0.7348082499755628,
      "cross_entropy": 0.5327277254596837
    },
    {
      "epoch": 5,
      "train_loss": 0.46022326558355303,
      "train_accuracy": 0.7313170448120158,
      "gradient_norm": 0.5019614574691605,
      "learning_rate": 0.001,
      "categorical_accuracy": 0.7313050307965773,
      "ordinal_accuracy": 1.0,
      "quadratic_weighted_kappa": 0.46244223767551174,
      "mean_absolute_error": 0.2686949692034228,
      "kendall_tau": 0.4624766942668215,
      "spearman_correlation": 0.4624766942668214,
      "cohen_kappa": 0.4624422376755116,
      "cat_0_accuracy": 0.7216993770513765,
      "cat_1_accuracy": 0.7406717941181273,
      "cat_0_precision": 0.730730102750178,
      "cat_0_recall": 0.7216993770513765,
      "cat_0_f1": 0.7261866648693278,
      "cat_1_precision": 0.7318521386966133,
      "cat_1_recall": 0.7406717941181273,
      "cat_1_f1": 0.7362355538241787,
      "cross_entropy": 0.5332104316976894
    },
    {
      "epoch": 6,
      "train_loss": 0.45775519051249064,
      "train_accuracy": 0.7325812899680654,
      "gradient_norm": 0.4927628473156974,
      "learning_rate": 0.001,
      "categorical_accuracy": 0.7295440453061056,
      "ordinal_accuracy": 1.0,
      "quadratic_weighted_kappa": 0.4590923137637739,
      "mean_absolute_error": 0.27045595469389444,
      "kendall_tau": 0.45913238437797727,
      "spearman_correlation": 0.4591323843779773,
      "cohen_kappa": 0.4590923137637738,
      "cat_0_accuracy": 0.7327851832004822,
      "cat_1_accuracy": 0.7263835137739022,
      "cat_0_precision": 0.7231099727340329,
      "cat_0_recall": 0.7327851832004822,
      "cat_0_f1": 0.7279154294649467,
      "cat_1_precision": 0.7359861019192587,
      "cat_1_recall": 0.7263835137739022,
      "cat_1_f1": 0.7311532803524027,
      "cross_entropy": 0.5342160851540491
    },
    {
      "epoch": 7,
      "train_loss": 0.45651084894225713,
      "train_accuracy": 0.7339271635515136,
      "gradient_norm": 0.39318884672626614,
      "learning_rate": 0.001,
      "categorical_accuracy": 0.7314869166218841,
      "ordinal_accuracy": 1.0,
      "quadratic_weighted_kappa": 0.4627432395237243,
      "mean_absolute_error": 0.2685130833781158,
      "kendall_tau": 0.46285027621576014,
      "spearman_correlation": 0.46285027621576014,
      "cohen_kappa": 0.4627432395237244,
      "cat_0_accuracy": 0.7171779757518922,
      "cat_1_accuracy": 0.7454399973872858,
      "cat_0_precision": 0.7331381813201863,
      "cat_0_recall": 0.7171779757518922,
      "cat_0_f1": 0.7250702603866861,
      "cat_1_precision": 0.7299445146228754,
      "cat_1_recall": 0.7454399973872858,
      "cat_1_f1": 0.7376108840020036,
      "cross_entropy": 0.5282942107889441
    },
    {
      "epoch": 8,
      "train_loss": 0.45705782988714794,
      "train_accuracy": 0.7334811936067023,
      "gradient_norm": 0.6262637290453154,
      "learning_rate": 0.001,
      "categorical_accuracy": 0.7313215658716051,
      "ordinal_accuracy": 1.0,
      "quadratic_weighted_kappa": 0.4618820113869574,
      "mean_absolute_error": 0.26867843412839487,
      "kendall_tau": 0.46420330391815784,