{
  "config": {
    "model": "attn_gpcm",
    "models": null,
    "dataset": "synthetic_OC",
    "epochs": 5,
    "batch_size": 64,
    "lr": 0.001,
    "n_folds": 5,
    "no_cv": false,
    "cv": false,
    "seed": 42,
    "device": null,
    "loss": "ce",
    "ce_weight": 0.4,
    "qwk_weight": 0.2,
    "coral_weight": 0.4,
    "focal_gamma": 2.0,
    "focal_alpha": null,
    "focal_weight": 0.0,
    "triple_coral": false,
    "triple_ce_weight": 0.33,
    "triple_qwk_weight": 0.33,
    "triple_coral_weight": 0.34,
    "enable_threshold_coupling": false,
    "coupling_type": "linear",
    "threshold_gpcm_weight": 0.7,
    "threshold_coral_weight": 0.3,
    "fold": 1
  },
  "metrics": {
    "epoch": 5,
    "train_loss": 1.1892761843545097,
    "train_accuracy": 0.47246386398968016,
    "gradient_norm": 0.22290552513939993,
    "learning_rate": 0.001,
    "categorical_accuracy": 0.4630295763389289,
    "ordinal_accuracy": 0.728683719690914,
    "quadratic_weighted_kappa": 0.4640782043846182,
    "mean_absolute_error": 0.917732480682121,
    "kendall_tau": 0.4257675920767354,
    "spearman_correlation": 0.474836804709254,
    "cohen_kappa": 0.24396993433728276,
    "cat_0_accuracy": 0.7846477392218717,
    "cat_1_accuracy": 0.036079182630906766,
    "cat_2_accuracy": 0.030489782679208564,
    "cat_3_accuracy": 0.7454230578921326,
    "cat_0_precision": 0.4905982905982906,
    "cat_0_recall": 0.7846477392218717,
    "cat_0_f1": 0.6037216828478964,
    "cat_1_precision": 0.25223214285714285,
    "cat_1_recall": 0.036079182630906766,
    "cat_1_f1": 0.06312849162011173,
    "cat_2_precision": 0.22815533980582525,
    "cat_2_recall": 0.030489782679208564,
    "cat_2_f1": 0.053791130185979974,
    "cat_3_precision": 0.4602107835649916,
    "cat_3_recall": 0.7454230578921326,
    "cat_3_f1": 0.5690811219189725,
    "cross_entropy": 1.1899810277203704,
    "best_epoch": 5,
    "total_epochs": 5,
    "parameters": 194464,
    "model_type": "EnhancedAttentionGPCM"
  },
  "training_history": [
    {
      "epoch": 1,
      "train_loss": 1.2959339959280831,
      "train_accuracy": 0.41165282968941225,
      "gradient_norm": 1.4788398231778825,
      "learning_rate": 0.001,
      "categorical_accuracy": 0.4311883826272315,
      "ordinal_accuracy": 0.6893152144950706,
      "quadratic_weighted_kappa": 0.37975334141671524,
      "mean_absolute_error": 1.015654143351985,
      "kendall_tau": 0.34839205289567443,
      "spearman_correlation": 0.3900075376056948,
      "cohen_kappa": 0.19717060774709028,
      "cat_0_accuracy": 0.7749737118822292,
      "cat_1_accuracy": 0.031609195402298854,
      "cat_2_accuracy": 0.035355173532273756,
      "cat_3_accuracy": 0.6382978723404256,
      "cat_0_precision": 0.4484605087014726,
      "cat_0_recall": 0.7749737118822292,
      "cat_0_f1": 0.5681467776749923,
      "cat_1_precision": 0.21902654867256638,
      "cat_1_recall": 0.031609195402298854,
      "cat_1_f1": 0.05524553571428571,
      "cat_2_precision": 0.24008810572687225,
      "cat_2_recall": 0.035355173532273756,
      "cat_2_f1": 0.061634153237206675,
      "cat_3_precision": 0.4381049414161997,
      "cat_3_recall": 0.6382978723404256,
      "cat_3_f1": 0.519585137448394,
      "cross_entropy": 1.251633004559261
    },
    {
      "epoch": 2,
      "train_loss": 1.238056915146964,
      "train_accuracy": 0.4582079184996527,
      "gradient_norm": 0.34892641646521433,
      "learning_rate": 0.001,
      "categorical_accuracy": 0.4373168132160938,
      "ordinal_accuracy": 0.690980548894218,
      "quadratic_weighted_kappa": 0.38906545052593233,
      "mean_absolute_error": 1.0067279509725553,
      "kendall_tau": 0.3590579025000606,
      "spearman_correlation": 0.40009916298107495,
      "cohen_kappa": 0.20478548619217252,
      "cat_0_accuracy": 0.7842271293375395,
      "cat_1_accuracy": 0.0280970625798212,
      "cat_2_accuracy": 0.028867985728186833,
      "cat_3_accuracy": 0.6578426521523998,
      "cat_0_precision": 0.4513435003631082,
      "cat_0_recall": 0.7842271293375395,
      "cat_0_f1": 0.5729430744411155,
      "cat_1_precision": 0.2328042328042328,
      "cat_1_recall": 0.0280970625798212,
      "cat_1_f1": 0.05014245014245014,
      "cat_2_precision": 0.26099706744868034,
      "cat_2_recall": 0.028867985728186833,
      "cat_2_f1": 0.051985981308411214,
      "cat_3_precision": 0.44088874150223845,
      "cat_3_recall": 0.6578426521523998,
      "cat_3_f1": 0.5279459942420331,
      "cross_entropy": 1.2437363119141973
    },
    {
      "epoch": 3,
      "train_loss": 1.2278423479625158,
      "train_accuracy": 0.46139979492607414,
      "gradient_norm": 0.3420792690345219,
      "learning_rate": 0.001,
      "categorical_accuracy": 0.44237942978950173,
      "ordinal_accuracy": 0.6963096189714895,
      "quadratic_weighted_kappa": 0.40462123601929123,
      "mean_absolute_error": 0.9944710897948308,
      "kendall_tau": 0.37269690935917565,
      "spearman_correlation": 0.41363767407411095,
      "cohen_kappa": 0.21379872402553823,
      "cat_0_accuracy": 0.7497371188222923,
      "cat_1_accuracy": 0.0210727969348659,
      "cat_2_accuracy": 0.02335387609471294,
      "cat_3_accuracy": 0.7268678871845621,
      "cat_0_precision": 0.47212289762945303,
      "cat_0_recall": 0.7497371188222923,
      "cat_0_f1": 0.5793921664228832,
      "cat_1_precision": 0.2268041237113402,
      "cat_1_recall": 0.0210727969348659,
      "cat_1_f1": 0.03856266432953549,
      "cat_2_precision": 0.25,
      "cat_2_recall": 0.02335387609471294,
      "cat_2_f1": 0.042717294571343815,
      "cat_3_precision": 0.42691078174949143,
      "cat_3_recall": 0.7268678871845621,
      "cat_3_f1": 0.5378982057854266,
      "cross_entropy": 1.2312090889176714
    },
    {
      "epoch": 4,
      "train_loss": 1.2130887848990304,
      "train_accuracy": 0.4659808818178811,
      "gradient_norm": 0.2273406982421875,
      "learning_rate": 0.001,
      "categorical_accuracy": 0.44910738076205703,
      "ordinal_accuracy": 0.7077671196376233,
      "quadratic_weighted_kappa": 0.4219991918031665,
      "mean_absolute_error": 0.9680255795363709,
      "kendall_tau": 0.3883018248068377,
      "spearman_correlation": 0.43210985435986393,
      "cohen_kappa": 0.22245666617690207,
      "cat_0_accuracy": 0.7838065194532071,
      "cat_1_accuracy": 0.02713920817369093,
      "cat_2_accuracy": 0.02984106389879987,
      "cat_3_accuracy": 0.7021276595744681,
      "cat_0_precision": 0.4668086172344689,
      "cat_0_recall": 0.7838065194532071,
      "cat_0_f1": 0.5851322709788838,
      "cat_1_precision": 0.2236842105263158,
      "cat_1_recall": 0.02713920817369093,
      "cat_1_f1": 0.048405466970387244,
      "cat_2_precision": 0.26436781609195403,
      "cat_2_recall": 0.02984106389879987,
      "cat_2_f1": 0.05362867968522297,
      "cat_3_precision": 0.4504761904761905,
      "cat_3_recall": 0.7021276595744681,
      "cat_3_f1": 0.5488300135370334,
      "cross_entropy": 1.215533147576398
    },
    {
      "epoch": 5,
      "train_loss": 1.1892761843545097,
      "train_accuracy": 0.47246386398968016,
      "gradient_norm": 0.22290552513939993,
      "learning_rate": 0.001,
      "categorical_accuracy": 0.4630295763389289,
      "ordinal_accuracy": 0.728683719690914,
      "quadratic_weighted_kappa": 0.4640782043846182,
      "mean_absolute_error": 0.917732480682121,
      "kendall_tau": 0.4257675920767354,
      "spearman_correlation": 0.474836804709254,
      "cohen_kappa": 0.24396993433728276,
      "cat_0_accuracy": 0.7846477392218717,
      "cat_1_accuracy": 0.036079182630906766,
      "cat_2_accuracy": 0.030489782679208564,
      "cat_3_accuracy": 0.7454230578921326,
      "cat_0_precision": 0.4905982905982906,
      "cat_0_recall": 0.7846477392218717,
      "cat_0_f1": 0.6037216828478964,
      "cat_1_precision": 0.25223214285714285,
      "cat_1_recall": 0.036079182630906766,
      "cat_1_f1": 0.06312849162011173,
      "cat_2_precision": 0.22815533980582525,