{
  "train_loss": [
    1.315351700782776,
    0.9314543247222901,
    0.8633169770240784,
    0.8780787229537964,
    0.954163420200348,
    1.0408100962638855,
    1.1511272668838501,
    1.2958019256591797,
    1.4496948003768921,
    1.631334662437439,
    1.8212304353713988,
    2.0348076581954957,
    2.2611007690429688,
    2.4919967651367188,
    2.7608223438262938
  ],
  "train_kl": [
    152.20447387695313,
    152.10671691894532,
    151.54434814453126,
    150.85340270996093,
    150.02854919433594,
    149.05625610351564,
    147.91419982910156,
    146.60721740722656,
    145.14284973144532,
    143.52718505859374,
    141.76920471191406,
    139.8854766845703,
    137.90386962890625,
    135.85440063476562,
    133.7574951171875
  ],
  "train_accuracy": [
    0.35739795918367345,
    0.6475765306122448,
    0.6922193877551021,
    0.6941326530612245,
    0.6793367346938776,
    0.6876275510204082,
    0.6881377551020408,
    0.6816326530612244,
    0.7020408163265306,
    0.6875,
    0.6901785714285714,
    0.6896683673469388,
    0.7,
    0.7011479591836735,
    0.6965561224489796
  ],
  "test_loss": [
    1.1276361346244812,
    0.9626270830631256,
    1.0170029997825623,
    1.106858253479004,
    1.361285388469696,
    1.5415602922439575,
    1.839019238948822,
    2.2174481749534607,
    2.5950742959976196,
    3.083979368209839,
    3.570902705192566,
    4.113574981689453,
    4.649778604507446,
    5.2478508949279785,
    5.871327042579651
  ],
  "test_accuracy": [
    0.6076530814170837,
    0.668367326259613,
    0.6897959113121033,
    0.6734693646430969,
    0.6556122303009033,
    0.6642857193946838,
    0.6775510311126709,
    0.6719387769699097,
    0.6653061509132385,
    0.6627551317214966,
    0.6658163070678711,
    0.6765305995941162,
    0.6765305995941162,
    0.6795918345451355,
    0.670918345451355
  ],
  "test_qwk": [
    0.6047892533826535,
    0.7066449245821443,
    0.7279343161037507,
    0.7279995581270109,
    0.6764808388768506,
    0.7505888723433057,
    0.7534890797681785,
    0.7337430445976247,
    0.748437352341609,
    0.7359019464824588,
    0.7392916541701884,
    0.7212182061579652,
    0.7220566631689402,
    0.7414896629849901,
    0.7487752828593286
  ],
  "test_ordinal_accuracy": [
    0.8714285492897034,
    0.893367350101471,
    0.8954081535339355,
    0.8984693884849548,
    0.8928571343421936,
    0.9076530337333679,
    0.9071428775787354,
    0.9020408391952515,
    0.9132652878761292,
    0.905102014541626,
    0.9020408391952515,
    0.8989796042442322,
    0.8954081535339355,
    0.9122449159622192,
    0.9112244844436646
  ],
  "test_mae": [
    0.5428571701049805,
    0.4653061330318451,
    0.43877550959587097,
    0.4454081654548645,
    0.4739795923233032,
    0.43979591131210327,
    0.42500001192092896,
    0.44183674454689026,
    0.43826529383659363,
    0.4423469305038452,
    0.44591838121414185,
    0.44489794969558716,
    0.4454081654548645,
    0.4244897961616516,
    0.43520408868789673
  ],
  "kl_weight": [
    0.0,
    0.05,
    0.1,
    0.15,
    0.2,
    0.25,
    0.3,
    0.35,
    0.4,
    0.45,
    0.5,
    0.55,
    0.6,
    0.65,
    0.7
  ],
  "final_metrics": {
    "best_epoch": 3,
    "best_test_accuracy": 0.6897959113121033,
    "best_test_qwk": 0.7279343161037507
  },
  "irt_comparison": {
    "theta_correlation": -0.06344680627079802,
    "theta_mse": 0.8955314433708196,
    "alpha_correlation": 0.19890657149417773,
    "alpha_mse": 0.24259824420062898,
    "alpha_mean_ratio": 0.8687640554927015,
    "beta_correlation": 0.21699598941246628,
    "beta_mse": 2.8819330502286986,
    "theta_kl_divergence": 1.687644693700227,
    "alpha_kl_divergence": 0.9642375698865197
  }
}