{
  "train_loss": [
    1.5397862911224365,
    1.6002219438552856,
    1.5238636016845704,
    1.6105728626251221,
    1.5474506139755249,
    1.71306631565094,
    1.5612997531890869,
    1.6034163951873779,
    1.5896058559417725,
    1.4739839553833007,
    1.565094542503357,
    1.522111701965332,
    1.4964533567428588,
    1.6674587726593018,
    1.643387222290039
  ],
  "train_kl": [
    152.187060546875,
    152.16036376953124,
    151.96469421386718,
    151.72420654296874,
    151.45490112304688,
    151.1581268310547,
    150.8518096923828,
    150.53182983398438,
    150.19408264160157,
    149.83892822265625,
    149.46872253417968,
    149.09402160644532,
    148.71486206054686,
    148.33059387207032,
    147.9457000732422
  ],
  "train_accuracy": [
    0.43405612244897956,
    0.32461734693877553,
    0.4602040816326531,
    0.39668367346938777,
    0.36033163265306123,
    0.29668367346938773,
    0.4528061224489796,
    0.3196428571428571,
    0.29183673469387755,
    0.4401785714285714,
    0.3830357142857143,
    0.3534438775510204,
    0.48622448979591837,
    0.2330357142857143,
    0.26301020408163267
  ],
  "test_loss": [
    1.8126498460769653,
    1.9591849446296692,
    1.8805941939353943,
    1.8128621578216553,
    1.861563801765442,
    1.8420376777648926,
    1.7652068138122559,
    1.6220919489860535,
    1.7255153059959412,
    1.6109870672225952,
    1.7461795806884766,
    1.774254322052002,
    1.73677259683609,
    1.7161213159561157,
    1.7594630718231201
  ],
  "test_accuracy": [
    0.17244897782802582,
    0.14336735010147095,
    0.17806121706962585,
    0.2331632673740387,
    0.28826531767845154,
    0.19591836631298065,
    0.1744897961616516,
    0.4168367385864258,
    0.32397958636283875,
    0.41989797353744507,
    0.3499999940395355,
    0.39948979020118713,
    0.44999998807907104,
    0.4872449040412903,
    0.3622449040412903
  ],
  "test_qwk": [
    -0.21229382758034343,
    -0.27014121710860506,
    -0.19062625578985215,
    -0.12858056134127982,
    -0.08105596962168482,
    -0.12680712178588616,
    -0.18552311435523117,
    0.11306606837102195,
    -0.004668759558882574,
    0.13274821722435548,
    0.046399000156225445,
    0.04856516501096131,
    0.09330521876647335,
    0.2283971924979863,
    0.10195508159638067
  ],
  "test_ordinal_accuracy": [
    0.7454081773757935,
    0.6903061270713806,
    0.75,
    0.7566326260566711,
    0.7520408034324646,
    0.7464285492897034,
    0.7576530575752258,
    0.7668367624282837,
    0.7642857432365417,
    0.7780612111091614,
    0.7637755274772644,
    0.7612245082855225,
    0.7505102157592773,
    0.7841836810112,
    0.7719388008117676
  ],
  "test_mae": [
    1.1795918941497803,
    1.2647958993911743,
    1.1678571701049805,
    1.1096938848495483,
    1.0586735010147095,
    1.1372449398040771,
    1.155102014541626,
    0.8882653117179871,
    0.9989795684814453,
    0.8755102157592773,
    0.9704081416130066,
    0.9270408153533936,
    0.890816330909729,
    0.7897959351539612,
    0.9255102276802063
  ],
  "kl_weight": [
    0.0,
    0.05,
    0.1,
    0.15,
    0.2,
    0.25,
    0.3,
    0.35,
    0.4,
    0.45,
    0.5,
    0.55,
    0.6,
    0.65,
    0.7
  ],
  "final_metrics": {
    "best_epoch": 14,
    "best_test_accuracy": 0.4872449040412903,
    "best_test_qwk": 0.2283971924979863
  },
  "irt_comparison": {
    "theta_correlation": -0.09876479837858576,
    "theta_mse": 0.8944787146456099,
    "alpha_correlation": 0.263742867603231,
    "alpha_mse": 0.24838879259015867,
    "alpha_mean_ratio": 0.8384398122593847,
    "beta_correlation": 0.37013450589487706,
    "beta_mse": 2.711033982959643,
    "theta_kl_divergence": 1.835152773364887,
    "alpha_kl_divergence": 0.9941994712768486
  }
}