{
  "train_loss": [
    5.01001615524292,
    4.995008373260498,
    4.661194324493408,
    4.2878978729248045,
    4.207944917678833,
    4.184081315994263,
    4.012583065032959,
    4.013078212738037,
    4.015598344802856,
    3.965074300765991
  ],
  "train_kl": [
    97.451513671875,
    96.56485595703126,
    95.69161834716797,
    94.83087921142578,
    93.98260040283203,
    93.14402618408204,
    92.31443328857422,
    91.49400024414062,
    90.68119201660156,
    89.87581176757813
  ],
  "train_accuracy": [
    0.31900510204081634,
    0.32653061224489793,
    0.457015306122449,
    0.6094387755102041,
    0.6619897959183674,
    0.657015306122449,
    0.6701530612244898,
    0.675,
    0.6775510204081633,
    0.6650510204081632
  ],
  "test_loss": [
    9.304854393005371,
    9.216028213500977,
    8.740500688552856,
    9.026298999786377,
    8.677352666854858,
    8.621894836425781,
    8.646600723266602,
    8.4083251953125,
    8.15159296989441,
    8.26583194732666
  ],
  "test_accuracy": [
    0.49438774585723877,
    0.36071428656578064,
    0.6275510191917419,
    0.6204081773757935,
    0.656632661819458,
    0.6520408391952515,
    0.36938774585723877,
    0.6622449159622192,
    0.6714285612106323,
    0.6576530337333679
  ],
  "test_qwk": [
    0.2774114560559685,
    0.20293633623638618,
    0.5964794684230467,
    0.6144717946133884,
    0.6167007546371394,
    0.6577532975020338,
    0.5187562976824529,
    0.6508585445625511,
    0.6706841866787494,
    0.6759765455514647
  ],
  "test_ordinal_accuracy": [
    0.7831632494926453,
    0.7872449159622192,
    0.856632649898529,
    0.8346938490867615,
    0.8540816307067871,
    0.8637754917144775,
    0.8653061389923096,
    0.8571428656578064,
    0.8719387650489807,
    0.8663265109062195
  ],
  "test_mae": [
    0.7923469543457031,
    0.9107142686843872,
    0.5571428537368774,
    0.5928571224212646,
    0.5311224460601807,
    0.5198979377746582,
    0.8020408153533936,
    0.5265306234359741,
    0.49948978424072266,
    0.5178571343421936
  ],
  "kl_weight": [
    1.0,
    1.0,
    1.0,
    1.0,
    1.0,
    1.0,
    1.0,
    1.0,
    1.0,
    1.0
  ],
  "final_metrics": {
    "best_epoch": 9,
    "best_test_accuracy": 0.6714285612106323,
    "best_test_qwk": 0.6706841866787494
  },
  "irt_comparison": {
    "theta_correlation": -0.016213105388954135,
    "theta_mse": 2.032426246881524,
    "alpha_correlation": -0.2535517648369293,
    "alpha_mse": 0.25811095865864475,
    "alpha_mean_ratio": 1.0147213489935678,
    "beta_correlation": 0.232638055204029,
    "beta_mse": 2.495453838961676,
    "theta_kl_divergence": 1.5554970581986496,
    "alpha_kl_divergence": 0.7318164063386432
  }
}