{
  "train_loss": [
    1.2758779168128966,
    0.9343066871166229,
    0.8853777170181274,
    0.9779018938541413,
    1.1141516089439392,
    1.3100352048873902,
    1.543970263004303,
    1.8241711378097534,
    2.1358858585357665,
    2.479433846473694,
    2.863960552215576,
    3.267093801498413,
    3.7082008123397827,
    4.1568256378173825,
    4.640824842453003,
    5.137926721572876,
    5.665325689315796,
    6.193524980545044,
    6.74895076751709,
    7.320037746429444,
    7.902835464477539,
    7.763055658340454,
    7.6506517887115475,
    7.533154058456421,
    7.411687660217285,
    7.308228397369385,
    7.215248250961304,
    7.123699045181274,
    7.0168619632720945,
    6.921010541915893,
    6.836532402038574,
    6.76337628364563,
    6.675709819793701,
    6.59511513710022,
    6.51273021697998,
    6.424268817901611,
    6.359735012054443,
    6.2998912811279295,
    6.230385637283325,
    6.149760150909424,
    6.083541059494019,
    6.0164727687835695,
    5.93222222328186,
    5.882989025115966,
    5.821407127380371,
    5.755414009094238,
    5.678645086288452,
    5.629618310928345,
    5.56801290512085,
    5.507490158081055
  ],
  "train_kl": [
    152.20943298339844,
    152.02772827148436,
    151.25892333984376,
    150.24493560791015,
    149.0077117919922,
    147.53236236572266,
    145.82882232666014,
    143.91809539794923,
    141.8452590942383,
    139.6492141723633,
    137.38693237304688,
    135.09091796875,
    132.78388214111328,
    130.48210601806642,
    128.19912185668946,
    125.9409896850586,
    123.71056900024413,
    121.50704498291016,
    119.32773513793946,
    117.16957015991211,
    115.03284301757813,
    112.9390480041504,
    110.95200653076172,
    109.08402786254882,
    107.32181549072266,
    105.64757537841797,
    104.04939041137695,
    102.51731948852539,
    101.04216156005859,
    99.6153434753418,
    98.23139419555665,
    96.88753051757813,
    95.58009262084961,
    94.30508422851562,
    93.05999984741212,
    91.84201202392578,
    90.64871749877929,
    89.48120193481445,
    88.33724212646484,
    87.21462554931641,
    86.11097030639648,
    85.02593612670898,
    83.95844345092773,
    82.9070671081543,
    81.87345657348632,
    80.85584182739258,
    79.85167541503907,
    78.86116561889648,
    77.88566513061524,
    76.92422409057617
  ],
  "train_accuracy": [
    0.42831632653061225,
    0.6448979591836734,
    0.6877551020408164,
    0.6877551020408164,
    0.6868622448979592,
    0.6878826530612245,
    0.6969387755102041,
    0.6910714285714286,
    0.6970663265306123,
    0.6973214285714285,
    0.6901785714285714,
    0.7010204081632653,
    0.6871173469387755,
    0.6996173469387755,
    0.692984693877551,
    0.7014030612244898,
    0.6946428571428571,
    0.6975765306122449,
    0.6997448979591837,
    0.6966836734693878,
    0.7019132653061224,
    0.6923469387755102,
    0.7002551020408163,
    0.6970663265306123,
    0.6977040816326531,
    0.7086734693877551,
    0.7005102040816327,
    0.701530612244898,
    0.6989795918367347,
    0.7034438775510204,
    0.7026785714285714,
    0.7034438775510204,
    0.703954081632653,
    0.710969387755102,
    0.7048469387755102,
    0.7063775510204081,
    0.7076530612244898,
    0.7030612244897959,
    0.6985969387755102,
    0.707015306122449,
    0.703954081632653,
    0.702295918367347,
    0.7010204081632653,
    0.7063775510204081,
    0.7021683673469388,
    0.7053571428571429,
    0.7067602040816326,
    0.7031887755102041,
    0.6964285714285714,
    0.7044642857142858
  ],
  "test_loss": [
    1.1187834938367207,
    0.9100466171900431,
    0.9428332249323527,
    1.07188085714976,
    1.3012356758117676,
    1.537861982981364,
    1.871783177057902,
    2.231324235598246,
    2.6640493075052896,
    3.111310879389445,
    3.6288333733876548,
    4.175778388977051,
    4.739090045293172,
    5.3497233390808105,
    5.986950556437175,
    6.63574234644572,
    7.353737672170003,
    8.047455310821533,
    8.750840028127035,
    9.541602293650309,
    10.285317420959473,
    10.118804613749186,
    9.958103974660238,
    9.806187629699707,
    9.635425726572672,
    9.508323828379313,
    9.380514939626059,
    9.30009905497233,
    9.159859339396158,
    9.032583713531494,
    8.918133894602457,
    8.807101885477701,
    8.699008782704672,
    8.60596513748169,
    8.49764108657837,
    8.398525714874268,
    8.28083880742391,
    8.213215986887613,
    8.113759994506836,
    8.012801965077719,
    7.946815649668376,
    7.824498812357585,
    7.717088540395101,
    7.657049973805745,
    7.603383223215739,
    7.540674368540446,
    7.403799215952556,
    7.335294723510742,
    7.241660753885905,
    7.207173029581706
  ],
  "test_accuracy": [
    0.5801020264625549,
    0.6719387769699097,
    0.6698979735374451,
    0.6704081892967224,
    0.6576530337333679,
    0.6729592084884644,
    0.6734693646430969,
    0.6790816187858582,
    0.6704081892967224,
    0.6642857193946838,
    0.6760203838348389,
    0.6704081892967224,
    0.6739795804023743,
    0.6688775420188904,
    0.6653061509132385,
    0.6714285612106323,
    0.6602040529251099,
    0.6714285612106323,
    0.6770408153533936,
    0.6739795804023743,
    0.6714285612106323,
    0.6704081892967224,
    0.6596938967704773,
    0.6775510311126709,
    0.6790816187858582,
    0.6795918345451355,
    0.6714285612106323,
    0.6770408153533936,
    0.6744897961616516,
    0.6836734414100647,
    0.6775510311126709,
    0.6739795804023743,
    0.672448992729187,
    0.6688775420188904,
    0.6821428537368774,
    0.6877551078796387,
    0.6836734414100647,
    0.6775510311126709,
    0.6795918345451355,
    0.6852040886878967,
    0.6780612468719482,
    0.6734693646430969,
    0.6846938729286194,
    0.6775510311126709,
    0.6663265228271484,
    0.6755102276802063,
    0.6852040886878967,
    0.6795918345451355,
    0.6719387769699097,
    0.6765305995941162
  ],
  "test_qwk": [
    0.6196845842622409,
    0.7244353523346142,
    0.7262348818808636,
    0.7480758400600713,
    0.7482544759527245,
    0.7577854671280277,
    0.7459801762114537,
    0.7566976417407903,
    0.7573215133766028,
    0.7258897457069682,
    0.7436250481907805,
    0.7191830780452224,
    0.7445431640365999,
    0.7408222047656454,
    0.7480765337112776,
    0.7484701082692609,
    0.7370153175237347,
    0.7359718822226173,
    0.768523729131495,
    0.7558810238962281,
    0.753738072486979,
    0.7406771812263354,
    0.7387773021622215,
    0.7459875735324507,
    0.7461800940073726,
    0.7563863846432064,
    0.7505383290267011,
    0.7215836526181354,
    0.7418032786885246,
    0.7488923290450008,
    0.7348924642008072,
    0.7164120642381512,
    0.7323007603491974,
    0.7371431699373239,
    0.7382479605511392,
    0.7571528446490522,
    0.7624430116809193,
    0.7347216180948238,
    0.7321726245601037,
    0.7583903005288275,
    0.7395477618827873,
    0.7456333499939212,
    0.7575413836312075,
    0.7187248861505492,
    0.7233926427245934,
    0.7387850889069411,
    0.7255277523155432,
    0.7395794909627444,
    0.7411764705882353,
    0.7298075486561002
  ],