{
  "train_loss": [
    1.8571419596672059,
    1.415796935558319,
    1.1554438114166259,
    1.0518371284008026,
    1.0026140689849854,
    0.9839470028877259,
    0.965128880739212,
    0.9639841556549072,
    0.9377135574817658,
    0.9422936975955963
  ],
  "train_kl": [
    39.90348587036133,
    39.56669998168945,
    39.01135482788086,
    38.43100204467773,
    37.833248901367185,
    37.2177173614502,
    36.581542587280275,
    35.938340759277345,
    35.29983291625977,
    34.66984901428223
  ],
  "train_accuracy": [
    0.1114795918367347,
    0.5341836734693878,
    0.5707908163265306,
    0.5654336734693878,
    0.5822704081632653,
    0.6051020408163266,
    0.6221938775510204,
    0.6285714285714286,
    0.6389030612244898,
    0.6357142857142857
  ],
  "test_loss": [
    1.6164831320444744,
    1.366440971692403,
    1.165693958600362,
    1.0603333314259846,
    1.0501911044120789,
    1.0388819773991902,
    1.028413454691569,
    1.0236091216405232,
    1.0519902507464092,
    1.0191163221995037
  ],
  "test_accuracy": [
    0.19132652878761292,
    0.5571428537368774,
    0.5530612468719482,
    0.5734694004058838,
    0.5964285731315613,
    0.6005101799964905,
    0.6086734533309937,
    0.6127551198005676,
    0.6209183931350708,
    0.6178571581840515
  ],
  "test_qwk": [
    -0.0007049203440010476,
    0.30565228029889513,
    0.41245288944723624,
    0.5953839869281046,
    0.6200638935546553,
    0.6205263737473847,
    0.6273118948937635,
    0.6346908657016359,
    0.6179039301310043,
    0.6314615335585442
  ],
  "test_ordinal_accuracy": [
    0.7989795804023743,
    0.7785714268684387,
    0.809183657169342,
    0.8729591965675354,
    0.8755102157592773,
    0.8724489808082581,
    0.8795918226242065,
    0.8770408034324646,
    0.8729591965675354,
    0.8795918226242065
  ],
  "test_mae": [
    1.0377551317214966,
    0.7117347121238708,
    0.6520408391952515,
    0.5653061270713806,
    0.5408163070678711,
    0.5464285612106323,
    0.5270408391952515,
    0.5285714268684387,
    0.5326530337333679,
    0.5224489569664001
  ],
  "final_metrics": {
    "best_epoch": 9,
    "best_test_accuracy": 0.6209183931350708,
    "best_test_qwk": 0.6314615335585442
  },
  "irt_comparison": {
    "alpha_correlation": 0.06853118532107404,
    "alpha_mse": 0.7662131324951874,
    "beta_correlation": -0.04452942885412957,
    "beta_mse": 2.8072277980352474,
    "theta_correlation": -0.08671098997618631,
    "theta_mse": 1.7713600307082529
  }
}