{
  "train_loss": [
    2.974556255340576,
    2.169502079486847,
    1.8327643752098084,
    1.593709444999695,
    1.4043713927268981,
    1.2551986932754517,
    1.1374309360980988,
    1.0546992778778077,
    0.9884323298931121,
    0.9466875672340394,
    0.9140633046627045,
    0.8776542246341705,
    0.8378698289394378,
    0.8236250281333923,
    0.7980277299880981,
    0.7837214589118957,
    0.765819638967514,
    0.7581712484359742,
    0.7541843235492707,
    0.737719577550888
  ],
  "train_kl": [
    116.86839599609375,
    116.5562255859375,
    115.65802764892578,
    114.42308807373047,
    112.94133529663085,
    111.3246078491211,
    109.53636245727539,
    107.64436416625976,
    105.65327987670898,
    103.58579559326172,
    101.47677764892578,
    99.38191680908203,
    97.31730346679687,
    95.32667617797851,
    93.46735458374023,
    91.70012512207032,
    90.01482162475585,
    88.37268829345703,
    86.85806655883789,
    85.47384414672851
  ],
  "train_accuracy": [
    0.21785714285714286,
    0.15114795918367346,
    0.1683673469387755,
    0.19196428571428573,
    0.2854591836734694,
    0.48239795918367345,
    0.5919642857142857,
    0.6401785714285714,
    0.6625,
    0.6790816326530612,
    0.690561224489796,
    0.7012755102040816,
    0.7098214285714286,
    0.7153061224489796,
    0.7161989795918368,
    0.7206632653061225,
    0.7283163265306123,
    0.7281887755102041,
    0.7257653061224489,
    0.7349489795918367
  ],
  "test_loss": [
    2.121184508005778,
    1.9071073134740193,
    1.635861833890279,
    1.4558470646540325,
    1.2904330492019653,
    1.1770853996276855,
    1.0837392409642537,
    1.019980827967326,
    0.9719748497009277,
    0.9377760887145996,
    0.9149597485860189,
    0.8827557563781738,
    0.8575000365575155,
    0.8364477753639221,
    0.8221000035603842,
    0.803584357102712,
    0.7914513746897379,
    0.7871487538019816,
    0.7738980849583944,
    0.7639234662055969
  ],
  "test_accuracy": [
    0.15510204434394836,
    0.14948979020118713,
    0.1627551019191742,
    0.18877550959587097,
    0.4561224579811096,
    0.5801020264625549,
    0.6295918226242065,
    0.6479591727256775,
    0.6668367385864258,
    0.6806122660636902,
    0.6979591846466064,
    0.7086734771728516,
    0.7178571224212646,
    0.7204081416130066,
    0.7229591608047485,
    0.7270408272743225,
    0.7311224341392517,
    0.7336734533309937,
    0.7352041006088257,
    0.7346938848495483
  ],
  "test_qwk": [
    0.19276850663243483,
    0.021978919846392553,
    0.30351091229497085,
    0.2967723722593395,
    0.5698808578236696,
    0.654873958671427,
    0.7147857028276435,
    0.7636536631779258,
    0.7797871338419515,
    0.7910615722630084,
    0.8021070464291387,
    0.8039246863033482,
    0.8089387393814488,
    0.8122682933242185,
    0.811224692732986,
    0.8243512974051896,
    0.8214909650335063,
    0.81466281871376,
    0.8199929223953759,
    0.8240522022838499
  ],
  "test_ordinal_accuracy": [
    0.6494898200035095,
    0.7979592084884644,
    0.8086734414100647,
    0.8607142567634583,
    0.8770408034324646,
    0.893367350101471,
    0.9071428775787354,
    0.9137755036354065,
    0.9198979735374451,
    0.9255102276802063,
    0.9275510311126709,
    0.9275510311126709,
    0.9285714030265808,
    0.9290816187858582,
    0.9321428537368774,
    0.9331632852554321,
    0.9326530694961548,
    0.9331632852554321,
    0.934183657169342,
    0.9357143044471741
  ],
  "test_mae": [
    1.2561224699020386,
    1.1102041006088257,
    1.045918345451355,
    0.9770408272743225,
    0.6816326379776001,
    0.5413265228271484,
    0.4760203957557678,
    0.44285714626312256,
    0.4178571403026581,
    0.3989796042442322,
    0.37959182262420654,
    0.3698979616165161,
    0.35969388484954834,
    0.3561224341392517,
    0.35255101323127747,
    0.34387755393981934,
    0.34183672070503235,
    0.34183672070503235,
    0.3382652997970581,
    0.3362244963645935
  ],
  "final_metrics": {
    "best_epoch": 19,
    "best_test_accuracy": 0.7352041006088257,
    "best_test_qwk": 0.8240522022838499
  },
  "irt_comparison": {
    "alpha_correlation": 0.2067740885608478,
    "alpha_mse": 0.2820773858065609,
    "beta_correlation": 0.539283032985591,
    "beta_mse": 1.3378820301830203,
    "theta_correlation": 0.0,
    "theta_mse": 0.9252827892409057
  }
}