{
  "train_loss": [
    2.4470495700836183,
    2.2608104705810548,
    2.187271308898926,
    2.084066963195801,
    2.037747025489807,
    2.042781400680542,
    1.9963149070739745,
    1.9592331409454347,
    1.9366405010223389,
    1.8807072639465332,
    1.8297100067138672,
    1.810505223274231,
    1.7181703805923463,
    1.6982486963272094,
    1.7009331941604615
  ],
  "train_kl": [
    5147.50126953125,
    4913.83515625,
    4748.24384765625,
    4582.0103515625,
    4289.02216796875,
    3886.50126953125,
    3495.524853515625,
    3179.030810546875,
    2809.180859375,
    2333.5744140625,
    1962.2991455078125,
    1529.1652587890626,
    1176.2318603515625,
    999.9532592773437,
    839.1411376953125
  ],
  "train_accuracy": [
    0.2714285714285714,
    0.30471938775510204,
    0.36173469387755103,
    0.4274234693877551,
    0.4589285714285714,
    0.4596938775510204,
    0.4753826530612245,
    0.5125,
    0.539795918367347,
    0.5357142857142857,
    0.5285714285714286,
    0.5119897959183674,
    0.4899234693877551,
    0.48673469387755103,
    0.474234693877551
  ],
  "test_loss": [
    2.243552088737488,
    2.325114607810974,
    2.137142777442932,
    2.0508875846862793,
    2.0283340215682983,
    2.0211902856826782,
    1.9749169945716858,
    1.9839949011802673,
    1.823161780834198,
    1.8115237951278687,
    1.7768404483795166,
    1.7576898336410522,
    1.662566363811493,
    1.7006978392601013,
    1.7164143323898315
  ],
  "test_accuracy": [
    0.28724488615989685,
    0.32091838121414185,
    0.3897959291934967,
    0.41632652282714844,
    0.4545918405056,
    0.4515306055545807,
    0.49336734414100647,
    0.5290816426277161,
    0.5520408153533936,
    0.5336734652519226,
    0.5173469185829163,
    0.49336734414100647,
    0.4959183633327484,
    0.4811224341392517,
    0.45510202646255493
  ],
  "test_qwk": [
    0.0518726641397409,
    0.03274860803448476,
    0.12962338392355255,
    0.1406026566511035,
    0.23565998617829986,
    0.35064851052818846,
    0.36994526974198594,
    0.4597333092800554,
    0.5363928023434231,
    0.47779962374641083,
    0.4596924477573724,
    0.44398340248962653,
    0.4668486135925608,
    0.4196411344781015,
    0.39682539682539686
  ],
  "test_ordinal": [
    0.6142857074737549,
    0.6607142686843872,
    0.706632673740387,
    0.7306122183799744,
    0.7627550959587097,
    0.7903061509132385,
    0.7857142686843872,
    0.8122448921203613,
    0.8255102038383484,
    0.7979592084884644,
    0.7989795804023743,
    0.7877551317214966,
    0.7994897961616516,
    0.7795918583869934,
    0.7729591727256775
  ],
  "test_mae": [
    1.2459183931350708,
    1.149999976158142,
    1.0005102157592773,
    0.938265323638916,
    0.8617346882820129,
    0.8153061270713806,
    0.7846938967704773,
    0.7137755155563354,
    0.6704081892967224,
    0.7229591608047485,
    0.7433673739433289,
    0.7841836810112,
    0.7596938610076904,
    0.8102040886878967,
    0.8408163189888
  ]
}