{
  "train_loss": [
    1.183261626958847,
    1.025157779455185,
    0.9598062932491302,
    0.9227881371974945,
    0.9007291376590729,
    0.9167565643787384,
    0.89807488322258,
    0.891881775856018,
    0.8866277158260345,
    0.8754669427871704,
    0.8930095434188843,
    0.8740631580352783,
    0.8889187335968017,
    0.873946613073349,
    0.8910827398300171,
    0.8696006119251252,
    0.8732394874095917,
    0.8667181730270386,
    0.8712644934654236,
    0.8805636644363404
  ],
  "train_kl": [
    39.031639862060544,
    38.83004722595215,
    38.36245269775391,
    37.82915077209473,
    37.274713134765626,
    36.66999778747559,
    36.043406295776364,
    35.40028343200684,
    34.74351119995117,
    34.069529342651364,
    33.391845321655275,
    32.710330200195315,
    32.02143249511719,
    31.33190746307373,
    30.629123497009278,
    29.925650596618652,
    29.221271324157716,
    28.51974697113037,
    27.824762535095214,
    27.13036975860596
  ],
  "train_accuracy": [
    0.5485969387755102,
    0.6065051020408163,
    0.6311224489795918,
    0.6534438775510204,
    0.6517857142857143,
    0.6588010204081632,
    0.6628826530612245,
    0.6548469387755103,
    0.6656887755102041,
    0.669515306122449,
    0.6721938775510204,
    0.6775510204081633,
    0.6737244897959184,
    0.6857142857142857,
    0.6664540816326531,
    0.6714285714285714,
    0.6801020408163265,
    0.6785714285714286,
    0.6811224489795918,
    0.6760204081632653
  ],
  "test_loss": [
    1.0846705238024394,
    0.9859504103660583,
    0.9377768039703369,
    0.9178868134816488,
    0.913793941338857,
    0.9181554317474365,
    0.9119376937548319,
    0.9059675733248392,
    0.9037484327952067,
    0.9020071427027384,
    0.8994006713231405,
    0.8998260100682577,
    0.903179387251536,
    0.8990997076034546,
    0.9096588691075643,
    0.9005738298098246,
    0.9031310876210531,
    0.9072651664415995,
    0.9093864957491556,
    0.9141420324643453
  ],
  "test_accuracy": [
    0.5709183812141418,
    0.6137754917144775,
    0.6290816068649292,
    0.6265305876731873,
    0.6311224699020386,
    0.6295918226242065,
    0.6336734890937805,
    0.6321428418159485,
    0.6352040767669678,
    0.6392857432365417,
    0.6423469185829163,
    0.6438775658607483,
    0.6479591727256775,
    0.6474489569664001,
    0.6397958993911743,
    0.6454081535339355,
    0.6489796042442322,
    0.6499999761581421,
    0.6484693884849548,
    0.6484693884849548
  ],
  "test_qwk": [
    0.36927842147527823,
    0.48957146029161414,
    0.5662302378681465,
    0.5418788149471491,
    0.5968734558195948,
    0.5777941393020174,
    0.6041351193942924,
    0.6213942307692308,
    0.61389008466064,
    0.584382254134406,
    0.5888133661370808,
    0.5747883900067363,
    0.5833829536799835,
    0.6093911461993139,
    0.5861139399748397,
    0.6035589345233177,
    0.6019652061855669,
    0.6114365938605254,
    0.5889179671978406,
    0.5889179671978406
  ],
  "test_ordinal_accuracy": [
    0.8056122660636902,
    0.8229591846466064,
    0.8397959470748901,
    0.8357142806053162,
    0.8571428656578064,
    0.847449004650116,
    0.8581632375717163,
    0.8734694123268127,
    0.8602041006088257,
    0.8500000238418579,
    0.847449004650116,
    0.8561224341392517,
    0.8479591608047485,
    0.8556122183799744,
    0.856632649898529,
    0.8561224341392517,
    0.8494898080825806,
    0.8545918464660645,
    0.8454081416130066,
    0.8454081416130066
  ],
  "test_mae": [
    0.7015306353569031,
    0.6311224699020386,
    0.5795918107032776,
    0.5887755155563354,
    0.5484693646430969,
    0.5663265585899353,
    0.5479592084884644,
    0.5285714268684387,
    0.5438775420188904,
    0.5586734414100647,
    0.5627551078796387,
    0.5540816187858582,
    0.561734676361084,
    0.5464285612106323,
    0.5469387769699097,
    0.5510203838348389,
    0.5571428537368774,
    0.5479592084884644,
    0.561734676361084,
    0.561734676361084
  ],
  "final_metrics": {
    "best_epoch": 18,
    "best_test_accuracy": 0.6499999761581421,
    "best_test_qwk": 0.5889179671978406
  },
  "irt_comparison": {
    "alpha_correlation": 0.12709438876398674,
    "alpha_mse": 0.5099980734055495,
    "beta_correlation": 0.007702107838172228,
    "beta_mse": 2.1067898919990724,
    "theta_correlation": -0.18521504473805162,
    "theta_mse": 3.453926756579611
  },
  "student_abilities": [
    -1.8102245330810547,
    -1.8072903156280518,
    -1.8085484504699707,
    -1.8092353343963623,
    -1.8097312450408936,
    -1.8111093044281006,
    -1.8098551034927368,
    -1.8111987113952637,
    -1.8122403621673584,
    -1.8131731748580933,
    -1.8131396770477295,
    -1.8146475553512573,
    -1.815943717956543,
    -1.8160607814788818,
    -1.8153166770935059,
    -1.815019130706787,
    -1.8139665126800537,
    -1.814086675643921,
    -1.815556287765503,
    0.009094484150409698,
    -1.81392502784729,
    -1.8145606517791748,
    -1.8145999908447266,
    -1.8133926391601562,
    -1.814228892326355,
    -1.8149819374084473,
    -1.815212607383728,
    -1.8151748180389404,
    -1.816291093826294,
    -1.8169807195663452,
    0.19211998581886292,
    -1.815486192703247,
    -1.8166677951812744,
    -1.817613124847412,
    -1.816817045211792,
    -1.815705418586731,
    -1.8162682056427002,
    -1.815284013748169,
    -1.8145415782928467,
    -1.8146226406097412
  ]
}