{
  "model_type": "baseline",
  "dataset": "synthetic_OC",
  "config": {
    "model_type": "baseline",
    "dataset_name": "synthetic_OC",
    "n_questions": 29,
    "n_cats": 4,
    "memory_size": 50,
    "key_dim": 50,
    "value_dim": 200,
    "final_fc_dim": 50,
    "embedding_strategy": "linear_decay",
    "prediction_method": "cumulative",
    "batch_size": 32,
    "learning_rate": 0.001,
    "epochs": 3,
    "loss_type": "crossentropy",
    "device": "auto",
    "save_dir": "save_models",
    "results_dir": "results"
  },
  "training_history": [
    {
      "epoch": 1,
      "train_loss": 1.3757261991500855,
      "train_accuracy": 0.31987912799481977,
      "argmax": {
        "method": "argmax",
        "categorical_accuracy": 0.33449476957321167,
        "ordinal_accuracy": 0.5644599199295044,
        "mean_absolute_error": 1.3371080160140991,
        "quadratic_weighted_kappa": 0.12093582634248068,
        "prediction_consistency": 0.33449476957321167,
        "ordinal_ranking": 0.14790248754811378,
        "distribution_consistency": 0.5579771130290596,
        "cat_0_acc": 0.8382353186607361,
        "cat_1_acc": 0.07111111283302307,
        "cat_2_acc": 0.004464285913854837,
        "cat_3_acc": 0.22841225564479828
      },
      "cumulative": {
        "method": "cumulative",
        "categorical_accuracy": 0.25087109208106995,
        "ordinal_accuracy": 0.6393728256225586,
        "mean_absolute_error": 1.217769980430603,
        "quadratic_weighted_kappa": 0.10456215799862001,
        "prediction_consistency": 0.2090592384338379,
        "ordinal_ranking": 0.14790248754811378,
        "distribution_consistency": 0.5579771130290596,
        "cat_0_acc": 0.44999998807907104,
        "cat_1_acc": 0.4355555474758148,
        "cat_2_acc": 0.0892857164144516,
        "cat_3_acc": 0.04735375940799713
      },
      "expected": {
        "method": "expected",
        "categorical_accuracy": 0.22822299599647522,
        "ordinal_accuracy": 0.6986062526702881,
        "mean_absolute_error": 1.1167247295379639,
        "quadratic_weighted_kappa": 0.0827759369404597,
        "prediction_consistency": 0.22822299599647522,
        "ordinal_ranking": 0.14790248754811378,
        "distribution_consistency": 0.5579771130290596,
        "cat_0_acc": 0.1823529452085495,
        "cat_1_acc": 0.7599999904632568,
        "cat_2_acc": 0.1294642835855484,
        "cat_3_acc": 0.0
      },
      "improvement_analysis": {
        "categorical_accuracy_improvement": -0.08362367749214172,
        "categorical_accuracy_improvement_pct": -24.999995545173633,
        "prediction_consistency_improvement": -0.12543553113937378,
        "prediction_consistency_improvement_pct": -37.499997772586816,
        "ordinal_accuracy_improvement": 0.0749129056930542,
        "mae_improvement": 0.1193380355834961
      },
      "test_loss": 1.3758500814437866,
      "avg_inference_time": 0.04053521156311035
    },
    {
      "epoch": 2,
      "train_loss": 1.337435746192932,
      "train_accuracy": 0.4034103172890136,
      "argmax": {
        "method": "argmax",
        "categorical_accuracy": 0.3675958216190338,
        "ordinal_accuracy": 0.6001741886138916,
        "mean_absolute_error": 1.2325783967971802,
        "quadratic_weighted_kappa": 0.21899045499795045,
        "prediction_consistency": 0.3675958216190338,
        "ordinal_ranking": 0.3486935496284591,
        "distribution_consistency": 0.582274151751804,
        "cat_0_acc": 0.9058823585510254,
        "cat_1_acc": 0.035555556416511536,
        "cat_2_acc": 0.0,
        "cat_3_acc": 0.2952646315097809
      },
      "cumulative": {
        "method": "cumulative",
        "categorical_accuracy": 0.2926829159259796,
        "ordinal_accuracy": 0.6602787375450134,
        "mean_absolute_error": 1.1541812419891357,
        "quadratic_weighted_kappa": 0.21337913711583922,
        "prediction_consistency": 0.23432055115699768,
        "ordinal_ranking": 0.3486935496284591,
        "distribution_consistency": 0.582274151751804,
        "cat_0_acc": 0.6264705657958984,
        "cat_1_acc": 0.31111112236976624,
        "cat_2_acc": 0.0982142835855484,
        "cat_3_acc": 0.08635097742080688
      },
      "expected": {
        "method": "expected",
        "categorical_accuracy": 0.27439025044441223,
        "ordinal_accuracy": 0.7125435471534729,
        "mean_absolute_error": 1.0540069341659546,
        "quadratic_weighted_kappa": 0.22733599501849744,
        "prediction_consistency": 0.27439025044441223,
        "ordinal_ranking": 0.3486935496284591,
        "distribution_consistency": 0.582274151751804,
        "cat_0_acc": 0.40882351994514465,
        "cat_1_acc": 0.6355555653572083,
        "cat_2_acc": 0.1294642835855484,
        "cat_3_acc": 0.011142061091959476
      },
      "improvement_analysis": {
        "categorical_accuracy_improvement": -0.0749129056930542,
        "categorical_accuracy_improvement_pct": -20.379150492818134,
        "prediction_consistency_improvement": -0.13327527046203613,
        "prediction_consistency_improvement_pct": -36.2559263799682,
        "ordinal_accuracy_improvement": 0.060104548931121826,
        "mae_improvement": 0.07839715480804443
      },
      "test_loss": 1.3472336530685425,
      "avg_inference_time": 0.03655266761779785
    },
    {
      "epoch": 3,
      "train_loss": 1.296910047531128,
      "train_accuracy": 0.46233541981437515,
      "argmax": {
        "method": "argmax",
        "categorical_accuracy": 0.45121949911117554,
        "ordinal_accuracy": 0.7186411023139954,
        "mean_absolute_error": 0.9590592384338379,
        "quadratic_weighted_kappa": 0.4315344580255842,
        "prediction_consistency": 0.45121949911117554,
        "ordinal_ranking": 0.483819396713809,
        "distribution_consistency": 0.6242165104437373,
        "cat_0_acc": 0.7264705896377563,
        "cat_1_acc": 0.057777777314186096,
        "cat_2_acc": 0.013392857275903225,
        "cat_3_acc": 0.7103064060211182
      },
      "cumulative": {
        "method": "cumulative",
        "categorical_accuracy": 0.403310090303421,
        "ordinal_accuracy": 0.7979093790054321,
        "mean_absolute_error": 0.8440766334533691,
        "quadratic_weighted_kappa": 0.4693508951810079,
        "prediction_consistency": 0.34407666325569153,
        "ordinal_ranking": 0.483819396713809,
        "distribution_consistency": 0.6242165104437373,
        "cat_0_acc": 0.42352941632270813,
        "cat_1_acc": 0.3822222352027893,
        "cat_2_acc": 0.2857142984867096,
        "cat_3_acc": 0.470752090215683
      },
      "expected": {
        "method": "expected",
        "categorical_accuracy": 0.346689909696579,
        "ordinal_accuracy": 0.8362369537353516,
        "mean_absolute_error": 0.8283972144126892,
        "quadratic_weighted_kappa": 0.45991823166421497,
        "prediction_consistency": 0.346689909696579,
        "ordinal_ranking": 0.483819396713809,
        "distribution_consistency": 0.6242165104437373,
        "cat_0_acc": 0.23235294222831726,
        "cat_1_acc": 0.5333333611488342,
        "cat_2_acc": 0.40625,
        "cat_3_acc": 0.30083566904067993
      },
      "improvement_analysis": {
        "categorical_accuracy_improvement": -0.04790940880775452,
        "categorical_accuracy_improvement_pct": -10.617761178789431,
        "prediction_consistency_improvement": -0.10714283585548401,
        "prediction_consistency_improvement_pct": -23.745169715966817,
        "ordinal_accuracy_improvement": 0.07926827669143677,
        "mae_improvement": 0.11498260498046875
      },
      "test_loss": 1.2980438470840454,
      "avg_inference_time": 0.03548407554626465
    }
  ],
  "best_metrics": {
    "argmax": {
      "method": "argmax",
      "categorical_accuracy": 0.45121949911117554,
      "ordinal_accuracy": 0.7186411023139954,
      "mean_absolute_error": 0.9590592384338379,
      "quadratic_weighted_kappa": 0.4315344580255842,