{
  "model_type": "deep_integration",
  "dataset": "synthetic_OC",
  "config": {
    "model_type": "deep_integration",
    "dataset_name": "synthetic_OC",
    "n_questions": 29,
    "n_cats": 4,
    "memory_size": 50,
    "key_dim": 50,
    "value_dim": 200,
    "final_fc_dim": 50,
    "embedding_strategy": "linear_decay",
    "prediction_method": "cumulative",
    "batch_size": 32,
    "learning_rate": 0.001,
    "epochs": 5,
    "loss_type": "crossentropy",
    "device": "auto",
    "save_dir": "save_models",
    "results_dir": "results",
    "embed_dim": 64,
    "n_cycles": 2
  },
  "training_history": [
    {
      "epoch": 1,
      "train_loss": 1.366720485687256,
      "train_accuracy": 0.3410317289013598,
      "argmax": {
        "method": "argmax",
        "categorical_accuracy": 0.3144599199295044,
        "ordinal_accuracy": 0.5139372944831848,
        "mean_absolute_error": 1.466027855873108,
        "quadratic_weighted_kappa": 0.043838556355832115,
        "prediction_consistency": 0.3144599199295044,
        "ordinal_ranking": 0.45057604185267686,
        "distribution_consistency": 0.5949826675632689,
        "cat_0_acc": 0.9617646932601929,
        "cat_1_acc": 0.0,
        "cat_2_acc": 0.0,
        "cat_3_acc": 0.09470751881599426
      },
      "cumulative": {
        "method": "cumulative",
        "categorical_accuracy": 0.4390243887901306,
        "ordinal_accuracy": 0.6594076752662659,
        "mean_absolute_error": 1.0714285373687744,
        "quadratic_weighted_kappa": 0.34837651987795437,
        "prediction_consistency": 0.34059232473373413,
        "ordinal_ranking": 0.45057604185267686,
        "distribution_consistency": 0.5949826675632689,
        "cat_0_acc": 0.800000011920929,
        "cat_1_acc": 0.0,
        "cat_2_acc": 0.0,
        "cat_3_acc": 0.6462395787239075
      },
      "expected": {
        "method": "expected",
        "categorical_accuracy": 0.3196864128112793,
        "ordinal_accuracy": 0.7874564528465271,
        "mean_absolute_error": 0.9294425249099731,
        "quadratic_weighted_kappa": 0.36396621889293046,
        "prediction_consistency": 0.3196864128112793,
        "ordinal_ranking": 0.45057604185267686,
        "distribution_consistency": 0.5949826675632689,
        "cat_0_acc": 0.5588235259056091,
        "cat_1_acc": 0.36888888478279114,
        "cat_2_acc": 0.4196428656578064,
        "cat_3_acc": 0.0
      },
      "improvement_analysis": {
        "categorical_accuracy_improvement": 0.12456446886062622,
        "categorical_accuracy_improvement_pct": 39.61219251361226,
        "prediction_consistency_improvement": 0.026132404804229736,
        "prediction_consistency_improvement_pct": 8.310249780031775,
        "ordinal_accuracy_improvement": 0.14547038078308105,
        "mae_improvement": 0.3945993185043335
      },
      "test_loss": 1.3093014359474182,
      "avg_inference_time": 0.021985888481140137
    },
    {
      "epoch": 2,
      "train_loss": 1.3057732582092285,
      "train_accuracy": 0.3788042305201813,
      "argmax": {
        "method": "argmax",
        "categorical_accuracy": 0.30836236476898193,
        "ordinal_accuracy": 0.50696861743927,
        "mean_absolute_error": 1.4851915836334229,
        "quadratic_weighted_kappa": 0.028177168231128036,
        "prediction_consistency": 0.30836236476898193,
        "ordinal_ranking": 0.360882552579366,
        "distribution_consistency": 0.5948025403537817,
        "cat_0_acc": 0.9411764740943909,
        "cat_1_acc": 0.0,
        "cat_2_acc": 0.0,
        "cat_3_acc": 0.09470751881599426
      },
      "cumulative": {
        "method": "cumulative",
        "categorical_accuracy": 0.4268292784690857,
        "ordinal_accuracy": 0.647212564945221,
        "mean_absolute_error": 1.1080139875411987,
        "quadratic_weighted_kappa": 0.3193414045787629,
        "prediction_consistency": 0.32926830649375916,
        "ordinal_ranking": 0.360882552579366,
        "distribution_consistency": 0.5948025403537817,
        "cat_0_acc": 0.800000011920929,
        "cat_1_acc": 0.0,
        "cat_2_acc": 0.0,
        "cat_3_acc": 0.6072423458099365
      },
      "expected": {
        "method": "expected",
        "categorical_accuracy": 0.3231707215309143,
        "ordinal_accuracy": 0.7282230257987976,
        "mean_absolute_error": 1.0426828861236572,
        "quadratic_weighted_kappa": 0.30073429220287673,
        "prediction_consistency": 0.3231707215309143,
        "ordinal_ranking": 0.360882552579366,
        "distribution_consistency": 0.5948025403537817,
        "cat_0_acc": 0.7558823823928833,
        "cat_1_acc": 0.09333333373069763,
        "cat_2_acc": 0.4151785671710968,
        "cat_3_acc": 0.0
      },
      "improvement_analysis": {
        "categorical_accuracy_improvement": 0.11846691370010376,
        "categorical_accuracy_improvement_pct": 38.41808444712651,
        "prediction_consistency_improvement": 0.02090594172477722,
        "prediction_consistency_improvement_pct": 6.77966707786778,
        "ordinal_accuracy_improvement": 0.14024394750595093,
        "mae_improvement": 0.3771775960922241
      },
      "test_loss": 1.3228249549865723,
      "avg_inference_time": 0.030135154724121094
    },
    {
      "epoch": 3,
      "train_loss": 1.3129817485809325,
      "train_accuracy": 0.3831210878480466,
      "argmax": {
        "method": "argmax",
        "categorical_accuracy": 0.3824041783809662,
        "ordinal_accuracy": 0.5940766334533691,
        "mean_absolute_error": 1.25,
        "quadratic_weighted_kappa": 0.20562878882658686,
        "prediction_consistency": 0.3824041783809662,
        "ordinal_ranking": 0.3364512413383671,
        "distribution_consistency": 0.5987025438077774,
        "cat_0_acc": 0.7735294103622437,
        "cat_1_acc": 0.0,
        "cat_2_acc": 0.0,
        "cat_3_acc": 0.49025070667266846
      },
      "cumulative": {
        "method": "cumulative",
        "categorical_accuracy": 0.4425086975097656,
        "ordinal_accuracy": 0.6672474145889282,
        "mean_absolute_error": 1.0566202402114868,
        "quadratic_weighted_kappa": 0.35885601487888097,
        "prediction_consistency": 0.3388501703739166,
        "ordinal_ranking": 0.3364512413383671,
        "distribution_consistency": 0.5987025438077774,
        "cat_0_acc": 0.7676470875740051,
        "cat_1_acc": 0.0,
        "cat_2_acc": 0.0,
        "cat_3_acc": 0.688022255897522
      },
      "expected": {
        "method": "expected",
        "categorical_accuracy": 0.3336237072944641,
        "ordinal_accuracy": 0.7578397393226624,
        "mean_absolute_error": 0.9886759519577026,
        "quadratic_weighted_kappa": 0.34042503320571926,
        "prediction_consistency": 0.3336237072944641,
        "ordinal_ranking": 0.3364512413383671,
        "distribution_consistency": 0.5987025438077774,
        "cat_0_acc": 0.7441176176071167,
        "cat_1_acc": 0.06222222372889519,
        "cat_2_acc": 0.5178571343421936,
        "cat_3_acc": 0.0
      },
      "improvement_analysis": {
        "categorical_accuracy_improvement": 0.06010451912879944,
        "categorical_accuracy_improvement_pct": 15.717537235934941,
        "prediction_consistency_improvement": -0.04355400800704956,
        "prediction_consistency_improvement_pct": -11.389521995143927,
        "ordinal_accuracy_improvement": 0.07317078113555908,
        "mae_improvement": 0.19337975978851318
      },
      "test_loss": 1.3176900148391724,
      "avg_inference_time": 0.0344080924987793
    },
    {
      "epoch": 4,
      "train_loss": 1.2899548292160035,
      "train_accuracy": 0.4331966328512843,
      "argmax": {
        "method": "argmax",
        "categorical_accuracy": 0.4407665431499481,
        "ordinal_accuracy": 0.6567944288253784,
        "mean_absolute_error": 1.0705574750900269,
        "quadratic_weighted_kappa": 0.340585894700421,
        "prediction_consistency": 0.4407665431499481,
        "ordinal_ranking": 0.4264522632491516,