{
  "best_qwk": 0.41096919251628694,
  "total_epochs": 5,
  "metrics_history": [
    {
      "loss": 0.6489691092417791,
      "categorical_accuracy": 0.5425050301810865,
      "ordinal_accuracy": 0.7525150905432596,
      "quadratic_weighted_kappa": 0.020731490427367882,
      "mean_absolute_error": 0.8309859154929577,
      "kendall_tau": 0.06790820870261248,
      "spearman_correlation": 0.07293854735572326,
      "cohen_kappa": 0.02097136084870388,
      "cat_0_accuracy": 0.9697663765460376,
      "cat_1_accuracy": 0.04118404118404118,
      "cat_2_accuracy": 0.01652892561983471,
      "cat_3_accuracy": 0.0,
      "cat_0_true_count": "2183",
      "cat_0_pred_count": "3800",
      "cat_1_true_count": "777",
      "cat_1_pred_count": "139",
      "cat_2_true_count": "484",
      "cat_2_pred_count": "37",
      "cat_3_true_count": "532",
      "cat_3_pred_count": "0",
      "cat_0_precision": 0.5571052631578948,
      "cat_0_recall": 0.9697663765460376,
      "cat_0_f1": 0.7076717365869964,
      "cat_1_precision": 0.2302158273381295,
      "cat_1_recall": 0.04118404118404118,
      "cat_1_f1": 0.06986899563318777,
      "cat_2_precision": 0.21621621621621623,
      "cat_2_recall": 0.01652892561983471,
      "cat_2_f1": 0.030710172744721688,
      "cat_3_precision": 0.0,
      "cat_3_recall": 0.0,
      "cat_3_f1": 0.0,
      "cross_entropy": 1.0717658784345678,
      "mean_confidence": "0.4769415"
    },
    {
      "loss": 0.6342096191186172,
      "categorical_accuracy": 0.5425050301810865,
      "ordinal_accuracy": 0.7344064386317908,
      "quadratic_weighted_kappa": 0.12484120751236061,
      "mean_absolute_error": 0.863430583501006,
      "kendall_tau": 0.1495751217541488,
      "spearman_correlation": 0.15999459991292125,
      "cohen_kappa": 0.061565486560082205,
      "cat_0_accuracy": 0.9523591387998168,
      "cat_1_accuracy": 0.0,
      "cat_2_accuracy": 0.0,
      "cat_3_accuracy": 0.14661654135338345,
      "cat_0_true_count": "2183",
      "cat_0_pred_count": "3626",
      "cat_1_true_count": "777",
      "cat_1_pred_count": "0",
      "cat_2_true_count": "484",
      "cat_2_pred_count": "0",
      "cat_3_true_count": "532",
      "cat_3_pred_count": "350",
      "cat_0_precision": 0.5733590733590733,
      "cat_0_recall": 0.9523591387998168,
      "cat_0_f1": 0.7157858495438113,
      "cat_1_precision": 0.0,
      "cat_1_recall": 0.0,
      "cat_1_f1": 0.0,
      "cat_2_precision": 0.0,
      "cat_2_recall": 0.0,
      "cat_2_f1": 0.0,
      "cat_3_precision": 0.22285714285714286,
      "cat_3_recall": 0.14661654135338345,
      "cat_3_f1": 0.17687074829931973,
      "cross_entropy": 0.9486771565292386,
      "mean_confidence": "0.5870815"
    },
    {
      "loss": 0.5734483049466059,
      "categorical_accuracy": 0.48893360160965793,
      "ordinal_accuracy": 0.6161971830985915,
      "quadratic_weighted_kappa": 0.39236325499327473,
      "mean_absolute_error": 1.0887826961770624,
      "kendall_tau": 0.5545361486700876,
      "spearman_correlation": 0.5931654154997333,
      "cohen_kappa": 0.27759664315175214,
      "cat_0_accuracy": 0.6550618415025194,
      "cat_1_accuracy": 0.0,
      "cat_2_accuracy": 0.0,
      "cat_3_accuracy": 0.9661654135338346,
      "cat_0_true_count": "2183",
      "cat_0_pred_count": "1520",
      "cat_1_true_count": "777",
      "cat_1_pred_count": "0",
      "cat_2_true_count": "484",
      "cat_2_pred_count": "0",
      "cat_3_true_count": "532",
      "cat_3_pred_count": "2456",
      "cat_0_precision": 0.9407894736842105,
      "cat_0_recall": 0.6550618415025194,
      "cat_0_f1": 0.7723467458817175,
      "cat_1_precision": 0.0,
      "cat_1_recall": 0.0,
      "cat_1_f1": 0.0,
      "cat_2_precision": 0.0,
      "cat_2_recall": 0.0,
      "cat_2_f1": 0.0,
      "cat_3_precision": 0.20928338762214985,
      "cat_3_recall": 0.9661654135338346,
      "cat_3_f1": 0.34404283801874164,
      "cross_entropy": 1.0423364446838805,
      "mean_confidence": "0.6295848"
    },
    {
      "loss": 0.5499013983286344,
      "categorical_accuracy": 0.5311871227364185,
      "ordinal_accuracy": 0.6785714285714286,
      "quadratic_weighted_kappa": 0.41096919251628694,
      "mean_absolute_error": 0.9419014084507042,
      "kendall_tau": 0.4724002436888412,
      "spearman_correlation": 0.505307882095481,
      "cohen_kappa": 0.27127002559461,
      "cat_0_accuracy": 0.7672927164452589,
      "cat_1_accuracy": 0.0,
      "cat_2_accuracy": 0.0,
      "cat_3_accuracy": 0.8214285714285714,
      "cat_0_true_count": "2183",
      "cat_0_pred_count": "2134",
      "cat_1_true_count": "777",
      "cat_1_pred_count": "0",
      "cat_2_true_count": "484",
      "cat_2_pred_count": "0",
      "cat_3_true_count": "532",
      "cat_3_pred_count": "1842",
      "cat_0_precision": 0.7849109653233365,
      "cat_0_recall": 0.7672927164452589,
      "cat_0_f1": 0.7760018531387538,
      "cat_1_precision": 0.0,
      "cat_1_recall": 0.0,
      "cat_1_f1": 0.0,
      "cat_2_precision": 0.0,
      "cat_2_recall": 0.0,
      "cat_2_f1": 0.0,
      "cat_3_precision": 0.23724212812160694,
      "cat_3_recall": 0.8214285714285714,
      "cat_3_f1": 0.36815501263689976,
      "cross_entropy": 1.0041058301711143,
      "mean_confidence": "0.629502"
    },
    {
      "loss": 0.5546122468434848,
      "categorical_accuracy": 0.5090543259557344,
      "ordinal_accuracy": 0.6461267605633803,
      "quadratic_weighted_kappa": 0.41047724098456295,
      "mean_absolute_error": 1.0186116700201207,
      "kendall_tau": 0.5299129405093874,
      "spearman_correlation": 0.5668269422827826,
      "cohen_kappa": 0.2821955710086679,
      "cat_0_accuracy": 0.6999541914796152,
      "cat_1_accuracy": 0.0,
      "cat_2_accuracy": 0.0,
      "cat_3_accuracy": 0.9323308270676691,
      "cat_0_true_count": "2183",
      "cat_0_pred_count": "1745",
      "cat_1_true_count": "777",
      "cat_1_pred_count": "0",
      "cat_2_true_count": "484",
      "cat_2_pred_count": "0",
      "cat_3_true_count": "532",
      "cat_3_pred_count": "2231",
      "cat_0_precision": 0.8756446991404011,
      "cat_0_recall": 0.6999541914796152,
      "cat_0_f1": 0.7780040733197556,
      "cat_1_precision": 0.0,
      "cat_1_recall": 0.0,
      "cat_1_f1": 0.0,
      "cat_2_precision": 0.0,
      "cat_2_recall": 0.0,
      "cat_2_f1": 0.0,
      "cat_3_precision": 0.2223218287763335,
      "cat_3_recall": 0.9323308270676691,
      "cat_3_f1": 0.35903003981179876,
      "cross_entropy": 1.0320411089446038,
      "mean_confidence": "0.6465314"
    }
  ],
  "fold": null,
  "type": "single_run",
  "timestamp": "2025-08-03T00:33:50.792898"
}