{
  "config": {
    "model": "deep_gpcm",
    "models": null,
    "dataset": "synthetic_OC",
    "epochs": 5,
    "batch_size": 64,
    "lr": 0.001,
    "n_folds": 3,
    "no_cv": false,
    "cv": false,
    "seed": 42,
    "device": null,
    "loss": "focal",
    "ce_weight": 0.4,
    "qwk_weight": 0.2,
    "coral_weight": 0.4,
    "focal_gamma": 2.0,
    "focal_alpha": null,
    "focal_weight": 0.0,
    "triple_coral": false,
    "triple_ce_weight": 0.33,
    "triple_qwk_weight": 0.33,
    "triple_coral_weight": 0.34,
    "enable_threshold_coupling": false,
    "coupling_type": "linear",
    "threshold_gpcm_weight": 0.7,
    "threshold_coral_weight": 0.3,
    "fold": 3
  },
  "metrics": {
    "epoch": 5,
    "train_loss": 0.6152991652488708,
    "train_accuracy": 0.4808486032739816,
    "gradient_norm": 0.24752172082662582,
    "learning_rate": 0.001,
    "categorical_accuracy": 0.48078973346495557,
    "ordinal_accuracy": 0.7593682132280355,
    "quadratic_weighted_kappa": 0.5163813028221664,
    "mean_absolute_error": 0.8430009871668311,
    "kendall_tau": 0.46629101103776116,
    "spearman_correlation": 0.526577166741031,
    "cohen_kappa": 0.26849678871866456,
    "cat_0_accuracy": 0.8342108485367944,
    "cat_1_accuracy": 0.059057353776263484,
    "cat_2_accuracy": 0.07166376137904319,
    "cat_3_accuracy": 0.6974076281287247,
    "cat_0_precision": 0.49686406067677946,
    "cat_0_recall": 0.8342108485367944,
    "cat_0_f1": 0.6227889757301522,
    "cat_1_precision": 0.26621160409556316,
    "cat_1_recall": 0.059057353776263484,
    "cat_1_f1": 0.09666924864446166,
    "cat_2_precision": 0.269482884195193,
    "cat_2_recall": 0.07166376137904319,
    "cat_2_f1": 0.11321909424724602,
    "cat_3_precision": 0.5162108513453904,
    "cat_3_recall": 0.6974076281287247,
    "cat_3_f1": 0.5932826362484157,
    "cross_entropy": 1.196302593571724,
    "best_epoch": 5,
    "total_epochs": 5,
    "parameters": 278555,
    "model_type": "DeepGPCM"
  },
  "training_history": [
    {
      "epoch": 1,
      "train_loss": 0.7729868590831757,
      "train_accuracy": 0.30749905289813173,
      "gradient_norm": 0.35531267523765564,
      "learning_rate": 0.001,
      "categorical_accuracy": 0.38108588351431394,
      "ordinal_accuracy": 0.6804738400789734,
      "quadratic_weighted_kappa": 0.30144279813973074,
      "mean_absolute_error": 1.062112537018756,
      "kendall_tau": 0.2703221202044367,
      "spearman_correlation": 0.3151077529332142,
      "cohen_kappa": 0.13754863251913374,
      "cat_0_accuracy": 0.7041753397820497,
      "cat_1_accuracy": 0.11281468862388794,
      "cat_2_accuracy": 0.1231841952353283,
      "cat_3_accuracy": 0.39749702026221695,
      "cat_0_precision": 0.4252125693160813,
      "cat_0_recall": 0.7041753397820497,
      "cat_0_f1": 0.5302415637101235,
      "cat_1_precision": 0.21015514809590974,
      "cat_1_recall": 0.11281468862388794,
      "cat_1_f1": 0.14681611035841852,
      "cat_2_precision": 0.21878224974200206,
      "cat_2_recall": 0.1231841952353283,
      "cat_2_f1": 0.15762081784386617,
      "cat_3_precision": 0.4404820868416708,
      "cat_3_recall": 0.39749702026221695,
      "cat_3_f1": 0.4178870702482575,
      "cross_entropy": 1.3261784764519033
    },
    {
      "epoch": 2,
      "train_loss": 0.6902028818925222,
      "train_accuracy": 0.41471098438777343,
      "gradient_norm": 0.3351854557792346,
      "learning_rate": 0.001,
      "categorical_accuracy": 0.44655478775913127,
      "ordinal_accuracy": 0.726791707798618,
      "quadratic_weighted_kappa": 0.44093070075274265,
      "mean_absolute_error": 0.9278973346495558,
      "kendall_tau": 0.39423229852019376,
      "spearman_correlation": 0.4499522073883124,
      "cohen_kappa": 0.22270610579639827,
      "cat_0_accuracy": 0.78009060854659,
      "cat_1_accuracy": 0.069468105243233,
      "cat_2_accuracy": 0.08173542514042223,
      "cat_3_accuracy": 0.6181466030989273,
      "cat_0_precision": 0.4715068087625814,
      "cat_0_recall": 0.78009060854659,
      "cat_0_f1": 0.5877577379030398,
      "cat_1_precision": 0.2324255858138062,
      "cat_1_recall": 0.069468105243233,
      "cat_1_f1": 0.10696589915476537,
      "cat_2_precision": 0.24350836699365264,
      "cat_2_recall": 0.08173542514042223,
      "cat_2_f1": 0.12238979118329467,
      "cat_3_precision": 0.4880602282084461,
      "cat_3_recall": 0.6181466030989273,
      "cat_3_f1": 0.5454545454545454,
      "cross_entropy": 1.2476720432972408
    },
    {
      "epoch": 3,
      "train_loss": 0.6588321427504221,
      "train_accuracy": 0.45929455865052937,
      "gradient_norm": 0.3183114044368267,
      "learning_rate": 0.001,
      "categorical_accuracy": 0.46171767028627836,
      "ordinal_accuracy": 0.7342152023692003,
      "quadratic_weighted_kappa": 0.4707648547859342,
      "mean_absolute_error": 0.9026258637709773,
      "kendall_tau": 0.42322253109312363,
      "spearman_correlation": 0.4782782330430756,
      "cohen_kappa": 0.24290328243514614,
      "cat_0_accuracy": 0.7840088159666952,
      "cat_1_accuracy": 0.05394662123793299,
      "cat_2_accuracy": 0.055394150687584735,
      "cat_3_accuracy": 0.7030691299165673,
      "cat_0_precision": 0.491970802919708,
      "cat_0_recall": 0.7840088159666952,
      "cat_0_f1": 0.6045699178547823,
      "cat_1_precision": 0.2511013215859031,
      "cat_1_recall": 0.05394662123793299,
      "cat_1_f1": 0.08881271424119663,
      "cat_2_precision": 0.22916666666666666,
      "cat_2_recall": 0.055394150687584735,
      "cat_2_f1": 0.08922165028856653,
      "cat_3_precision": 0.47537020247809003,
      "cat_3_recall": 0.7030691299165673,
      "cat_3_f1": 0.5672215878358075,
      "cross_entropy": 1.2132389318716428
    },
    {
      "epoch": 4,
      "train_loss": 0.6326950093110403,
      "train_accuracy": 0.4729128865671047,
      "gradient_norm": 0.2898069769144058,
      "learning_rate": 0.001,
      "categorical_accuracy": 0.47056268509378085,
      "ordinal_accuracy": 0.7472852912142152,
      "quadratic_weighted_kappa": 0.49731782760916177,
      "mean_absolute_error": 0.8724185587364265,
      "kendall_tau": 0.44544375534797215,
      "spearman_correlation": 0.5040481379808839,
      "cohen_kappa": 0.25809259098748294,
      "cat_0_accuracy": 0.7618464552467247,
      "cat_1_accuracy": 0.06151807685027447,
      "cat_2_accuracy": 0.06469107108270386,
      "cat_3_accuracy": 0.7502979737783075,
      "cat_0_precision": 0.5166057788110262,
      "cat_0_recall": 0.7618464552467247,
      "cat_0_f1": 0.6157043194300134,
      "cat_1_precision": 0.27565733672603904,
      "cat_1_recall": 0.06151807685027447,
      "cat_1_f1": 0.10058805323429279,
      "cat_2_precision": 0.240981240981241,
      "cat_2_recall": 0.06469107108270386,
      "cat_2_f1": 0.1020003053901359,
      "cat_3_precision": 0.46995147443075774,
      "cat_3_recall": 0.7502979737783075,
      "cat_3_f1": 0.5779205875602479,
      "cross_entropy": 1.209300193486111
    },
    {
      "epoch": 5,
      "train_loss": 0.6152991652488708,
      "train_accuracy": 0.4808486032739816,
      "gradient_norm": 0.24752172082662582,
      "learning_rate": 0.001,
      "categorical_accuracy": 0.48078973346495557,
      "ordinal_accuracy": 0.7593682132280355,
      "quadratic_weighted_kappa": 0.5163813028221664,
      "mean_absolute_error": 0.8430009871668311,
      "kendall_tau": 0.46629101103776116,
      "spearman_correlation": 0.526577166741031,
      "cohen_kappa": 0.26849678871866456,
      "cat_0_accuracy": 0.8342108485367944,
      "cat_1_accuracy": 0.059057353776263484,
      "cat_2_accuracy": 0.07166376137904319,
      "cat_3_accuracy": 0.6974076281287247,
      "cat_0_precision": 0.49686406067677946,
      "cat_0_recall": 0.8342108485367944,
      "cat_0_f1": 0.6227889757301522,
      "cat_1_precision": 0.26621160409556316,
      "cat_1_recall": 0.059057353776263484,
      "cat_1_f1": 0.09666924864446166,
      "cat_2_precision": 0.269482884195193,