{
  "config": {
    "model": "deep_gpcm",
    "models": null,
    "dataset": "synthetic_OC",
    "epochs": 5,
    "batch_size": 64,
    "lr": 0.001,
    "n_folds": 3,
    "no_cv": false,
    "cv": false,
    "seed": 42,
    "device": null,
    "loss": "focal",
    "ce_weight": 0.4,
    "qwk_weight": 0.2,
    "coral_weight": 0.4,
    "focal_gamma": 2.0,
    "focal_alpha": null,
    "focal_weight": 0.0,
    "triple_coral": false,
    "triple_ce_weight": 0.33,
    "triple_qwk_weight": 0.33,
    "triple_coral_weight": 0.34,
    "enable_threshold_coupling": false,
    "coupling_type": "linear",
    "threshold_gpcm_weight": 0.7,
    "threshold_coral_weight": 0.3,
    "fold": 1
  },
  "metrics": {
    "epoch": 5,
    "train_loss": 0.6216744879881541,
    "train_accuracy": 0.48308865436393295,
    "gradient_norm": 0.13961694141228995,
    "learning_rate": 0.001,
    "categorical_accuracy": 0.4751372230128075,
    "ordinal_accuracy": 0.7575116893677577,
    "quadratic_weighted_kappa": 0.5024030881123454,
    "mean_absolute_error": 0.8522463915429965,
    "kendall_tau": 0.45197033751865984,
    "spearman_correlation": 0.5126123577944264,
    "cohen_kappa": 0.26206549852515537,
    "cat_0_accuracy": 0.8049410029498525,
    "cat_1_accuracy": 0.07994606048930841,
    "cat_2_accuracy": 0.07790626902008521,
    "cat_3_accuracy": 0.6843350686228111,
    "cat_0_precision": 0.5177075098814229,
    "cat_0_recall": 0.8049410029498525,
    "cat_0_f1": 0.6301356682382373,
    "cat_1_precision": 0.26067839195979897,
    "cat_1_recall": 0.07994606048930841,
    "cat_1_f1": 0.12236473536783134,
    "cat_2_precision": 0.25196850393700787,
    "cat_2_recall": 0.07790626902008521,
    "cat_2_f1": 0.11901441190144119,
    "cat_3_precision": 0.49133537206931704,
    "cat_3_recall": 0.6843350686228111,
    "cat_3_f1": 0.571993670886076,
    "cross_entropy": 1.2139715806042775,
    "best_epoch": 5,
    "total_epochs": 5,
    "parameters": 278555,
    "model_type": "DeepGPCM"
  },
  "training_history": [
    {
      "epoch": 1,
      "train_loss": 0.7831679880619049,
      "train_accuracy": 0.2967985378220624,
      "gradient_norm": 0.5992720226446787,
      "learning_rate": 0.001,
      "categorical_accuracy": 0.356088635901606,
      "ordinal_accuracy": 0.6769668631835739,
      "quadratic_weighted_kappa": 0.24000412111494607,
      "mean_absolute_error": 1.093718235413702,
      "kendall_tau": 0.2132518362343744,
      "spearman_correlation": 0.2502150613587017,
      "cohen_kappa": 0.10924485487735891,
      "cat_0_accuracy": 0.6258603736479843,
      "cat_1_accuracy": 0.1764592564053169,
      "cat_2_accuracy": 0.1580442280381416,
      "cat_3_accuracy": 0.3109323237103644,
      "cat_0_precision": 0.42761168962042323,
      "cat_0_recall": 0.6258603736479843,
      "cat_0_f1": 0.5080822191179405,
      "cat_1_precision": 0.21908634298014829,
      "cat_1_recall": 0.1764592564053169,
      "cat_1_f1": 0.19547588561673068,
      "cat_2_precision": 0.2253398900781024,
      "cat_2_recall": 0.1580442280381416,
      "cat_2_f1": 0.18578583353207728,
      "cat_3_precision": 0.39037433155080214,
      "cat_3_recall": 0.3109323237103644,
      "cat_3_f1": 0.34615384615384615,
      "cross_entropy": 1.3494654204538135
    },
    {
      "epoch": 2,
      "train_loss": 0.7131378054618835,
      "train_accuracy": 0.40359255547039286,
      "gradient_norm": 0.19583493222792944,
      "learning_rate": 0.001,
      "categorical_accuracy": 0.4280138239479569,
      "ordinal_accuracy": 0.7262451717828827,
      "quadratic_weighted_kappa": 0.4076947978592699,
      "mean_absolute_error": 0.9461679203090059,
      "kendall_tau": 0.35909389035475375,
      "spearman_correlation": 0.41513973539587984,
      "cohen_kappa": 0.2027098326756075,
      "cat_0_accuracy": 0.7202556538839725,
      "cat_1_accuracy": 0.12386823348102485,
      "cat_2_accuracy": 0.11523635625887604,
      "cat_3_accuracy": 0.5451964032181732,
      "cat_0_precision": 0.48980274155800735,
      "cat_0_recall": 0.7202556538839725,
      "cat_0_f1": 0.5830845771144278,
      "cat_1_precision": 0.23841305153874676,
      "cat_1_recall": 0.12386823348102485,
      "cat_1_f1": 0.16303245436105476,
      "cat_2_precision": 0.23765690376569037,
      "cat_2_recall": 0.11523635625887604,
      "cat_2_f1": 0.15521246071867742,
      "cat_3_precision": 0.45811240721102864,
      "cat_3_recall": 0.5451964032181732,
      "cat_3_f1": 0.4978750990419938,
      "cross_entropy": 1.2823454165872754
    },
    {
      "epoch": 3,
      "train_loss": 0.6595394810040792,
      "train_accuracy": 0.4569895642945581,
      "gradient_norm": 0.2544318015376727,
      "learning_rate": 0.001,
      "categorical_accuracy": 0.44866842854238664,
      "ordinal_accuracy": 0.7278308599308803,
      "quadratic_weighted_kappa": 0.4392796407161016,
      "mean_absolute_error": 0.9273022972148811,
      "kendall_tau": 0.39501514153644146,
      "spearman_correlation": 0.4494709654362181,
      "cohen_kappa": 0.22369152349946697,
      "cat_0_accuracy": 0.780850540806293,
      "cat_1_accuracy": 0.07050664611828164,
      "cat_2_accuracy": 0.0714140799350781,
      "cat_3_accuracy": 0.6253352263764,
      "cat_0_precision": 0.48967165099429627,
      "cat_0_recall": 0.780850540806293,
      "cat_0_f1": 0.6018948365703458,
      "cat_1_precision": 0.23223350253807107,
      "cat_1_recall": 0.07050664611828164,
      "cat_1_f1": 0.10817201123097385,
      "cat_2_precision": 0.23560910307898258,
      "cat_2_recall": 0.0714140799350781,
      "cat_2_f1": 0.1096061030671026,
      "cat_3_precision": 0.4635715121038475,
      "cat_3_recall": 0.6253352263764,
      "cat_3_f1": 0.5324378777703156,
      "cross_entropy": 1.2303492697165126
    },
    {
      "epoch": 4,
      "train_loss": 0.6415018637975057,
      "train_accuracy": 0.472495725487884,
      "gradient_norm": 0.17317703366279602,
      "learning_rate": 0.001,
      "categorical_accuracy": 0.4624110591583655,
      "ordinal_accuracy": 0.7426306159788575,
      "quadratic_weighted_kappa": 0.4707837144099246,
      "mean_absolute_error": 0.888513925594633,
      "kendall_tau": 0.4238520452169112,
      "spearman_correlation": 0.4817529802523437,
      "cohen_kappa": 0.24280978299408684,
      "cat_0_accuracy": 0.8029744346116028,
      "cat_1_accuracy": 0.07859757272201888,
      "cat_2_accuracy": 0.0750659362953946,
      "cat_3_accuracy": 0.6407950780880265,
      "cat_0_precision": 0.4998852245772439,
      "cat_0_recall": 0.8029744346116028,
      "cat_0_f1": 0.616175430323037,
      "cat_1_precision": 0.25169648365206665,
      "cat_1_recall": 0.07859757272201888,
      "cat_1_f1": 0.11978860833822666,
      "cat_2_precision": 0.24915824915824916,
      "cat_2_recall": 0.0750659362953946,
      "cat_2_f1": 0.1153726223885251,
      "cat_3_precision": 0.48242280285035627,
      "cat_3_recall": 0.6407950780880265,
      "cat_3_f1": 0.5504437970052172,
      "cross_entropy": 1.218603825039202
    },
    {
      "epoch": 5,
      "train_loss": 0.6216744879881541,
      "train_accuracy": 0.48308865436393295,
      "gradient_norm": 0.13961694141228995,
      "learning_rate": 0.001,
      "categorical_accuracy": 0.4751372230128075,
      "ordinal_accuracy": 0.7575116893677577,
      "quadratic_weighted_kappa": 0.5024030881123454,
      "mean_absolute_error": 0.8522463915429965,
      "kendall_tau": 0.45197033751865984,
      "spearman_correlation": 0.5126123577944264,
      "cohen_kappa": 0.26206549852515537,
      "cat_0_accuracy": 0.8049410029498525,
      "cat_1_accuracy": 0.07994606048930841,
      "cat_2_accuracy": 0.07790626902008521,
      "cat_3_accuracy": 0.6843350686228111,
      "cat_0_precision": 0.5177075098814229,
      "cat_0_recall": 0.8049410029498525,
      "cat_0_f1": 0.6301356682382373,
      "cat_1_precision": 0.26067839195979897,
      "cat_1_recall": 0.07994606048930841,
      "cat_1_f1": 0.12236473536783134,
      "cat_2_precision": 0.25196850393700787,