{
  "config": {
    "model": "deep_gpcm",
    "models": null,
    "dataset": "synthetic_OC",
    "epochs": 2,
    "batch_size": 64,
    "lr": 0.001,
    "n_folds": 0,
    "no_cv": false,
    "cv": false,
    "seed": 42,
    "device": null,
    "loss": "ce",
    "ce_weight": 0.4,
    "qwk_weight": 0.2,
    "coral_weight": 0.4,
    "focal_gamma": 2.0,
    "focal_alpha": null,
    "focal_weight": 0.0,
    "triple_coral": false,
    "triple_ce_weight": 0.33,
    "triple_qwk_weight": 0.33,
    "triple_coral_weight": 0.34,
    "enable_threshold_coupling": false,
    "coupling_type": "linear",
    "threshold_gpcm_weight": 0.7,
    "threshold_coral_weight": 0.3
  },
  "metrics": {
    "epoch": 2,
    "train_loss": 1.2901148625782557,
    "train_accuracy": 0.4130467184472451,
    "gradient_norm": 0.3014778814145497,
    "learning_rate": 0.001,
    "categorical_accuracy": 0.47320304736667773,
    "ordinal_accuracy": 0.7502484266313348,
    "quadratic_weighted_kappa": 0.48635870156415806,
    "mean_absolute_error": 0.8695594567737661,
    "kendall_tau": 0.43670465821249643,
    "spearman_correlation": 0.49555912576134253,
    "cohen_kappa": 0.2510429174326807,
    "cat_0_accuracy": 0.8043896804004621,
    "cat_1_accuracy": 0.06956237753102547,
    "cat_2_accuracy": 0.06766405984359061,
    "cat_3_accuracy": 0.6549512570549,
    "cat_0_precision": 0.5217282717282717,
    "cat_0_recall": 0.8043896804004621,
    "cat_0_f1": 0.6329344038782003,
    "cat_1_precision": 0.2225705329153605,
    "cat_1_recall": 0.06956237753102547,
    "cat_1_f1": 0.10599651654640457,
    "cat_2_precision": 0.2295271049596309,
    "cat_2_recall": 0.06766405984359061,
    "cat_2_f1": 0.10451680672268908,
    "cat_3_precision": 0.4850845525365761,
    "cat_3_recall": 0.6549512570549,
    "cat_3_f1": 0.5573627333260561,
    "cross_entropy": 1.2076678412059638,
    "best_epoch": 2,
    "total_epochs": 2,
    "parameters": 278555,
    "model_type": "DeepGPCM"
  },
  "training_history": [
    {
      "epoch": 1,
      "train_loss": 1.3794498103005546,
      "train_accuracy": 0.30121060563403607,
      "gradient_norm": 0.32884683992181507,
      "learning_rate": 0.001,
      "categorical_accuracy": 0.38416694269625706,
      "ordinal_accuracy": 0.6676382908247764,
      "quadratic_weighted_kappa": 0.24095522704243977,
      "mean_absolute_error": 1.0916197416363034,
      "kendall_tau": 0.2702657916366913,
      "spearman_correlation": 0.3076196856093838,
      "cohen_kappa": 0.11032058997570304,
      "cat_0_accuracy": 0.8525221409318444,
      "cat_1_accuracy": 0.10450685826257348,
      "cat_2_accuracy": 0.08602516150969058,
      "cat_3_accuracy": 0.2047203694202155,
      "cat_0_precision": 0.4135612216307089,
      "cat_0_recall": 0.8525221409318444,
      "cat_0_f1": 0.5569461040186152,
      "cat_1_precision": 0.1845444059976932,
      "cat_1_recall": 0.10450685826257348,
      "cat_1_f1": 0.13344453711426188,
      "cat_2_precision": 0.2140439932318105,
      "cat_2_recall": 0.08602516150969058,
      "cat_2_f1": 0.1227261702643706,
      "cat_3_precision": 0.5421195652173914,
      "cat_3_recall": 0.2047203694202155,
      "cat_3_f1": 0.29720670391061454,
      "cross_entropy": 1.3187116230021088
    },
    {
      "epoch": 2,
      "train_loss": 1.2901148625782557,
      "train_accuracy": 0.4130467184472451,
      "gradient_norm": 0.3014778814145497,
      "learning_rate": 0.001,
      "categorical_accuracy": 0.47320304736667773,
      "ordinal_accuracy": 0.7502484266313348,
      "quadratic_weighted_kappa": 0.48635870156415806,
      "mean_absolute_error": 0.8695594567737661,
      "kendall_tau": 0.43670465821249643,
      "spearman_correlation": 0.49555912576134253,
      "cohen_kappa": 0.2510429174326807,
      "cat_0_accuracy": 0.8043896804004621,
      "cat_1_accuracy": 0.06956237753102547,
      "cat_2_accuracy": 0.06766405984359061,
      "cat_3_accuracy": 0.6549512570549,
      "cat_0_precision": 0.5217282717282717,
      "cat_0_recall": 0.8043896804004621,
      "cat_0_f1": 0.6329344038782003,
      "cat_1_precision": 0.2225705329153605,
      "cat_1_recall": 0.06956237753102547,
      "cat_1_f1": 0.10599651654640457,
      "cat_2_precision": 0.2295271049596309,
      "cat_2_recall": 0.06766405984359061,
      "cat_2_f1": 0.10451680672268908,
      "cat_3_precision": 0.4850845525365761,
      "cat_3_recall": 0.6549512570549,
      "cat_3_f1": 0.5573627333260561,
      "cross_entropy": 1.2076678412059638
    }
  ],
  "timestamp": "2025-08-01T23:26:51.537775"
}