{
  "config": {
    "model": "attn_gpcm",
    "models": null,
    "dataset": "synthetic_OC",
    "epochs": 5,
    "batch_size": 64,
    "lr": 0.001,
    "n_folds": 5,
    "no_cv": false,
    "seed": 42,
    "device": null,
    "loss": "ce",
    "ce_weight": 0.4,
    "qwk_weight": 0.2,
    "coral_weight": 0.4,
    "focal_gamma": 2.0,
    "focal_alpha": null,
    "focal_weight": 0.0,
    "triple_coral": false,
    "triple_ce_weight": 0.33,
    "triple_qwk_weight": 0.33,
    "triple_coral_weight": 0.34,
    "enable_threshold_coupling": false,
    "coupling_type": "linear",
    "threshold_gpcm_weight": 0.7,
    "threshold_coral_weight": 0.3,
    "fold": 2
  },
  "metrics": {
    "epoch": 5,
    "train_loss": 1.1729977812085832,
    "train_accuracy": 0.48024141163314643,
    "gradient_norm": 0.3186422756740025,
    "learning_rate": 0.001,
    "categorical_accuracy": 0.48558183925284615,
    "ordinal_accuracy": 0.7577885336423751,
    "quadratic_weighted_kappa": 0.513772238717028,
    "mean_absolute_error": 0.8442293271524984,
    "kendall_tau": 0.4686819529651308,
    "spearman_correlation": 0.5237786527738064,
    "cohen_kappa": 0.26861718384205635,
    "cat_0_accuracy": 0.8497482376636455,
    "cat_1_accuracy": 0.03709625839462744,
    "cat_2_accuracy": 0.05193030406559617,
    "cat_3_accuracy": 0.7221917808219178,
    "cat_0_precision": 0.5076404764769582,
    "cat_0_recall": 0.8497482376636455,
    "cat_0_f1": 0.6355830069297981,
    "cat_1_precision": 0.26126126126126126,
    "cat_1_recall": 0.03709625839462744,
    "cat_1_f1": 0.06496779613553627,
    "cat_2_precision": 0.2709447415329768,
    "cat_2_recall": 0.05193030406559617,
    "cat_2_f1": 0.0871559633027523,
    "cat_3_precision": 0.4924341490752849,
    "cat_3_recall": 0.7221917808219178,
    "cat_3_f1": 0.58558258358325,
    "cross_entropy": 1.1638258221460749,
    "best_epoch": 5,
    "total_epochs": 5,
    "parameters": 194464,
    "model_type": "EnhancedAttentionGPCM"
  },
  "training_history": [
    {
      "epoch": 1,
      "train_loss": 1.2982784339359827,
      "train_accuracy": 0.4171586442796297,
      "gradient_norm": 1.8183167172329766,
      "learning_rate": 0.001,
      "categorical_accuracy": 0.44979207853296066,
      "ordinal_accuracy": 0.7009339423273571,
      "quadratic_weighted_kappa": 0.4068149491646038,
      "mean_absolute_error": 0.9784579725952689,
      "kendall_tau": 0.37804046355955684,
      "spearman_correlation": 0.41791536537576246,
      "cohen_kappa": 0.21300637536399214,
      "cat_0_accuracy": 0.8227593152064451,
      "cat_1_accuracy": 0.011512631915574032,
      "cat_2_accuracy": 0.02118209771096686,
      "cat_3_accuracy": 0.6616438356164384,
      "cat_0_precision": 0.4688396648685872,
      "cat_0_recall": 0.8227593152064451,
      "cat_0_f1": 0.5973095481795584,
      "cat_1_precision": 0.21301775147928995,
      "cat_1_recall": 0.011512631915574032,
      "cat_1_f1": 0.021844660194174758,
      "cat_2_precision": 0.26495726495726496,
      "cat_2_recall": 0.02118209771096686,
      "cat_2_f1": 0.039228092375830435,
      "cat_3_precision": 0.43490005402485143,
      "cat_3_recall": 0.6616438356164384,
      "cat_3_f1": 0.5248288601542975,
      "cross_entropy": 1.241652531586872
    },
    {
      "epoch": 2,
      "train_loss": 1.2261547190802438,
      "train_accuracy": 0.4602114818530152,
      "gradient_norm": 0.49412174948624205,
      "learning_rate": 0.001,
      "categorical_accuracy": 0.45217806258095306,
      "ordinal_accuracy": 0.7046151748585452,
      "quadratic_weighted_kappa": 0.419491036695093,
      "mean_absolute_error": 0.9706183107232941,
      "kendall_tau": 0.38844354774729056,
      "spearman_correlation": 0.4289915332170349,
      "cohen_kappa": 0.22045345624060453,
      "cat_0_accuracy": 0.7953675730110775,
      "cat_1_accuracy": 0.010873041253597697,
      "cat_2_accuracy": 0.018107277075503928,
      "cat_3_accuracy": 0.7115068493150685,
      "cat_0_precision": 0.4871099050203528,
      "cat_0_recall": 0.7953675730110775,
      "cat_0_f1": 0.6041921664626683,
      "cat_1_precision": 0.19540229885057472,
      "cat_1_recall": 0.010873041253597697,
      "cat_1_f1": 0.02059981823689791,
      "cat_2_precision": 0.25853658536585367,
      "cat_2_recall": 0.018107277075503928,
      "cat_2_f1": 0.03384418901660281,
      "cat_3_precision": 0.4200226427300663,
      "cat_3_recall": 0.7115068493150685,
      "cat_3_f1": 0.5282212956371403,
      "cross_entropy": 1.2265748544727524
    },
    {
      "epoch": 3,
      "train_loss": 1.218486956187657,
      "train_accuracy": 0.4619875347399234,
      "gradient_norm": 0.49438116805894033,
      "learning_rate": 0.001,
      "categorical_accuracy": 0.45633649192173975,
      "ordinal_accuracy": 0.70938714295453,
      "quadratic_weighted_kappa": 0.42157169687935603,
      "mean_absolute_error": 0.9575976549185357,
      "kendall_tau": 0.3946376358432036,
      "spearman_correlation": 0.43585198076869863,
      "cohen_kappa": 0.2200581556500515,
      "cat_0_accuracy": 0.8515609264853978,
      "cat_1_accuracy": 0.009593859929645027,
      "cat_2_accuracy": 0.020498804236419543,
      "cat_3_accuracy": 0.650958904109589,
      "cat_0_precision": 0.4676473841389227,
      "cat_0_recall": 0.8515609264853978,
      "cat_0_f1": 0.6037412537483935,
      "cat_1_precision": 0.17964071856287425,
      "cat_1_recall": 0.009593859929645027,
      "cat_1_f1": 0.018214936247723135,
      "cat_2_precision": 0.2777777777777778,
      "cat_2_recall": 0.020498804236419543,
      "cat_2_f1": 0.038180082723512566,
      "cat_3_precision": 0.45300285986653954,
      "cat_3_recall": 0.650958904109589,
      "cat_3_f1": 0.5342327150084317,
      "cross_entropy": 1.2195199639528642
    },
    {
      "epoch": 4,
      "train_loss": 1.2102608340127128,
      "train_accuracy": 0.46996332779687217,
      "gradient_norm": 0.40799139865807127,
      "learning_rate": 0.001,
      "categorical_accuracy": 0.4619265116913218,
      "ordinal_accuracy": 0.716885949962506,
      "quadratic_weighted_kappa": 0.43690650441794876,
      "mean_absolute_error": 0.9375553889153998,
      "kendall_tau": 0.4098784521485413,
      "spearman_correlation": 0.4532777492092486,
      "cohen_kappa": 0.2273408263069675,
      "cat_0_accuracy": 0.8660624370594159,
      "cat_1_accuracy": 0.013751199232491206,
      "cat_2_accuracy": 0.018790570550051247,
      "cat_3_accuracy": 0.6515068493150685,
      "cat_0_precision": 0.46876703368581707,
      "cat_0_recall": 0.8660624370594159,
      "cat_0_f1": 0.6082897156599236,
      "cat_1_precision": 0.2205128205128205,
      "cat_1_recall": 0.013751199232491206,
      "cat_1_f1": 0.02588801926550271,
      "cat_2_precision": 0.23109243697478993,
      "cat_2_recall": 0.018790570550051247,
      "cat_2_f1": 0.03475513428120063,
      "cat_3_precision": 0.4696820067153861,
      "cat_3_recall": 0.6515068493150685,
      "cat_3_f1": 0.5458510272007345,
      "cross_entropy": 1.197690548383119
    },
    {
      "epoch": 5,
      "train_loss": 1.1729977812085832,
      "train_accuracy": 0.48024141163314643,
      "gradient_norm": 0.3186422756740025,
      "learning_rate": 0.001,
      "categorical_accuracy": 0.48558183925284615,
      "ordinal_accuracy": 0.7577885336423751,
      "quadratic_weighted_kappa": 0.513772238717028,
      "mean_absolute_error": 0.8442293271524984,
      "kendall_tau": 0.4686819529651308,
      "spearman_correlation": 0.5237786527738064,
      "cohen_kappa": 0.26861718384205635,
      "cat_0_accuracy": 0.8497482376636455,
      "cat_1_accuracy": 0.03709625839462744,
      "cat_2_accuracy": 0.05193030406559617,
      "cat_3_accuracy": 0.7221917808219178,
      "cat_0_precision": 0.5076404764769582,
      "cat_0_recall": 0.8497482376636455,
      "cat_0_f1": 0.6355830069297981,
      "cat_1_precision": 0.26126126126126126,
      "cat_1_recall": 0.03709625839462744,
      "cat_1_f1": 0.06496779613553627,
      "cat_2_precision": 0.2709447415329768,