{
  "best_qwk": 0.0625563332287763,
  "total_epochs": 2,
  "metrics_history": [
    {
      "loss": 0.8284978224680974,
      "categorical_accuracy": 0.5482897384305835,
      "ordinal_accuracy": 0.7467303822937625,
      "quadratic_weighted_kappa": 0.02216118743887696,
      "mean_absolute_error": 0.8355130784708249,
      "kendall_tau": 0.07323984578767159,
      "spearman_correlation": 0.0785647134203066,
      "cohen_kappa": 0.017889902768171595,
      "cat_0_accuracy": 0.9885478699038021,
      "cat_1_accuracy": 0.010296010296010296,
      "cat_2_accuracy": 0.02066115702479339,
      "cat_3_accuracy": 0.007518796992481203,
      "cat_0_true_count": "2183",
      "cat_0_pred_count": "3888",
      "cat_1_true_count": "777",
      "cat_1_pred_count": "23",
      "cat_2_true_count": "484",
      "cat_2_pred_count": "49",
      "cat_3_true_count": "532",
      "cat_3_pred_count": "16",
      "cat_0_precision": 0.5550411522633745,
      "cat_0_recall": 0.9885478699038021,
      "cat_0_f1": 0.7109207708779444,
      "cat_1_precision": 0.34782608695652173,
      "cat_1_recall": 0.010296010296010296,
      "cat_1_f1": 0.02,
      "cat_2_precision": 0.20408163265306123,
      "cat_2_recall": 0.02066115702479339,
      "cat_2_f1": 0.0375234521575985,
      "cat_3_precision": 0.25,
      "cat_3_recall": 0.007518796992481203,
      "cat_3_f1": 0.014598540145985401,
      "cross_entropy": 1.2275614724826767,
      "mean_confidence": "0.7405063"
    },
    {
      "loss": 0.8005465544187106,
      "categorical_accuracy": 0.5520623742454729,
      "ordinal_accuracy": 0.7515090543259557,
      "quadratic_weighted_kappa": 0.0625563332287763,
      "mean_absolute_error": 0.8211770623742455,
      "kendall_tau": 0.13256735608028097,
      "spearman_correlation": 0.14273161298477002,
      "cohen_kappa": 0.04118516656994475,
      "cat_0_accuracy": 0.9848831882730188,
      "cat_1_accuracy": 0.015444015444015444,
      "cat_2_accuracy": 0.03925619834710744,
      "cat_3_accuracy": 0.02631578947368421,
      "cat_0_true_count": "2183",
      "cat_0_pred_count": "3817",
      "cat_1_true_count": "777",
      "cat_1_pred_count": "39",
      "cat_2_true_count": "484",
      "cat_2_pred_count": "73",
      "cat_3_true_count": "532",
      "cat_3_pred_count": "47",
      "cat_0_precision": 0.5632695834424941,
      "cat_0_recall": 0.9848831882730188,
      "cat_0_f1": 0.7166666666666667,
      "cat_1_precision": 0.3076923076923077,
      "cat_1_recall": 0.015444015444015444,
      "cat_1_f1": 0.029411764705882353,
      "cat_2_precision": 0.2602739726027397,
      "cat_2_recall": 0.03925619834710744,
      "cat_2_f1": 0.06822262118491922,
      "cat_3_precision": 0.2978723404255319,
      "cat_3_recall": 0.02631578947368421,
      "cat_3_f1": 0.04835924006908463,
      "cross_entropy": 1.083969601547781,
      "mean_confidence": "0.69877225"
    }
  ],
  "fold": null,
  "type": "single_run",
  "timestamp": "2025-08-03T00:31:31.047024"
}