{
  "best_qwk": 0.38894812392809297,
  "total_epochs": 2,
  "metrics_history": [
    {
      "loss": 0.6388333256428058,
      "categorical_accuracy": 0.5414989939637826,
      "ordinal_accuracy": 0.7366700201207244,
      "quadratic_weighted_kappa": 0.03157257560438531,
      "mean_absolute_error": 0.8631790744466801,
      "kendall_tau": 0.05767584941847971,
      "spearman_correlation": 0.06169357807720854,
      "cohen_kappa": 0.013649357540010287,
      "cat_0_accuracy": 0.9770957398076042,
      "cat_1_accuracy": 0.0,
      "cat_2_accuracy": 0.0,
      "cat_3_accuracy": 0.03759398496240601,
      "cat_0_true_count": "2183",
      "cat_0_pred_count": "3843",
      "cat_1_true_count": "777",
      "cat_1_pred_count": "0",
      "cat_2_true_count": "484",
      "cat_2_pred_count": "0",
      "cat_3_true_count": "532",
      "cat_3_pred_count": "133",
      "cat_0_precision": 0.5550351288056206,
      "cat_0_recall": 0.9770957398076042,
      "cat_0_f1": 0.7079322933952871,
      "cat_1_precision": 0.0,
      "cat_1_recall": 0.0,
      "cat_1_f1": 0.0,
      "cat_2_precision": 0.0,
      "cat_2_recall": 0.0,
      "cat_2_f1": 0.0,
      "cat_3_precision": 0.15037593984962405,
      "cat_3_recall": 0.03759398496240601,
      "cat_3_f1": 0.06015037593984962,
      "cross_entropy": 0.9967150590895518,
      "mean_confidence": "0.6000614"
    },
    {
      "loss": 0.5919712094160227,
      "categorical_accuracy": 0.488682092555332,
      "ordinal_accuracy": 0.6184607645875252,
      "quadratic_weighted_kappa": 0.38894812392809297,
      "mean_absolute_error": 1.0870221327967806,
      "kendall_tau": 0.5414851437830285,
      "spearman_correlation": 0.5792052710527262,
      "cohen_kappa": 0.2737029083752578,
      "cat_0_accuracy": 0.6568941823179111,
      "cat_1_accuracy": 0.0,
      "cat_2_accuracy": 0.0,
      "cat_3_accuracy": 0.956766917293233,
      "cat_0_true_count": "2183",
      "cat_0_pred_count": "1553",
      "cat_1_true_count": "777",
      "cat_1_pred_count": "0",
      "cat_2_true_count": "484",
      "cat_2_pred_count": "0",
      "cat_3_true_count": "532",
      "cat_3_pred_count": "2423",
      "cat_0_precision": 0.9233741146168706,
      "cat_0_recall": 0.6568941823179111,
      "cat_0_f1": 0.7676659528907923,
      "cat_1_precision": 0.0,
      "cat_1_recall": 0.0,
      "cat_1_f1": 0.0,
      "cat_2_precision": 0.0,
      "cat_2_recall": 0.0,
      "cat_2_f1": 0.0,
      "cat_3_precision": 0.2100701609574907,
      "cat_3_recall": 0.956766917293233,
      "cat_3_f1": 0.3445008460236887,
      "cross_entropy": 1.0823469814154927,
      "mean_confidence": "0.6215365"
    }
  ],
  "fold": null,
  "type": "single_run",
  "timestamp": "2025-08-03T00:30:31.098362"
}