{
  "best_qwk": 0.02274248372634924,
  "total_epochs": 2,
  "metrics_history": [
    {
      "loss": 0.6774267737682049,
      "categorical_accuracy": 0.5515593561368209,
      "ordinal_accuracy": 0.7477364185110664,
      "quadratic_weighted_kappa": 0.013967894296812222,
      "mean_absolute_error": 0.8302313883299799,
      "kendall_tau": 0.08660538073093695,
      "spearman_correlation": 0.0926561214367807,
      "cohen_kappa": 0.018072667139170995,
      "cat_0_accuracy": 0.994502977553825,
      "cat_1_accuracy": 0.02702702702702703,
      "cat_2_accuracy": 0.0,
      "cat_3_accuracy": 0.0018796992481203006,
      "cat_0_true_count": "2183",
      "cat_0_pred_count": "3912",
      "cat_1_true_count": "777",
      "cat_1_pred_count": "61",
      "cat_2_true_count": "484",
      "cat_2_pred_count": "0",
      "cat_3_true_count": "532",
      "cat_3_pred_count": "3",
      "cat_0_precision": 0.554959100204499,
      "cat_0_recall": 0.994502977553825,
      "cat_0_f1": 0.7123872026251026,
      "cat_1_precision": 0.3442622950819672,
      "cat_1_recall": 0.02702702702702703,
      "cat_1_f1": 0.050119331742243436,
      "cat_2_precision": 0.0,
      "cat_2_recall": 0.0,
      "cat_2_f1": 0.0,
      "cat_3_precision": 0.3333333333333333,
      "cat_3_recall": 0.0018796992481203006,
      "cat_3_f1": 0.003738317757009346,
      "cross_entropy": 1.1028157459874601,
      "mean_confidence": "0.683788"
    },
    {
      "loss": 0.5842834940323463,
      "categorical_accuracy": 0.5525653923541247,
      "ordinal_accuracy": 0.7489939637826962,
      "quadratic_weighted_kappa": 0.02274248372634924,
      "mean_absolute_error": 0.8244466800804829,
      "kendall_tau": 0.11485249465535043,
      "spearman_correlation": 0.12294865155255551,
      "cohen_kappa": 0.028568046137807168,
      "cat_0_accuracy": 0.9908382959230417,
      "cat_1_accuracy": 0.04247104247104247,
      "cat_2_accuracy": 0.0,
      "cat_3_accuracy": 0.0018796992481203006,
      "cat_0_true_count": "2183",
      "cat_0_pred_count": "3869",
      "cat_1_true_count": "777",
      "cat_1_pred_count": "100",
      "cat_2_true_count": "484",
      "cat_2_pred_count": "4",
      "cat_3_true_count": "532",
      "cat_3_pred_count": "3",
      "cat_0_precision": 0.5590591884207806,
      "cat_0_recall": 0.9908382959230417,
      "cat_0_f1": 0.7148050231328487,
      "cat_1_precision": 0.33,
      "cat_1_recall": 0.04247104247104247,
      "cat_1_f1": 0.07525655644241733,
      "cat_2_precision": 0.0,
      "cat_2_recall": 0.0,
      "cat_2_f1": 0.0,
      "cat_3_precision": 0.3333333333333333,
      "cat_3_recall": 0.0018796992481203006,
      "cat_3_f1": 0.003738317757009346,
      "cross_entropy": 1.168261387850597,
      "mean_confidence": "0.748892"
    }
  ],
  "fold": null,
  "type": "single_run",
  "timestamp": "2025-08-03T00:31:19.419988"
}