{
  "model_type": "deep_integration_fixed",
  "dataset": "synthetic_OC",
  "config": {
    "name": "deep_integration_fixed",
    "type": "deep_integration_fixed",
    "parameters": 141207,
    "architecture": "Fixed Deep Integration (Stable)",
    "features": [
      "Proven Baseline Foundation",
      "Simple Multi-Head Attention",
      "DKVMN Memory Network",
      "Linear Decay Embedding",
      "Numerical Stability Checks",
      "Standard Softmax Prediction"
    ],
    "stability": "Designed to avoid NaN values",
    "target": "Stable training with competitive performance"
  },
  "training_history": [
    {
      "epoch": 1,
      "train_loss": 1.1517403602600098,
      "train_accuracy": 0.600418410041841,
      "test_metrics": {
        "loss": 1.017283707857132,
        "categorical_accuracy": 0.7411825656890869,
        "ordinal_accuracy": 0.9227178692817688,
        "qwk": 0.7897922875137466,
        "mae": 0.3698132634162903,
        "prediction_consistency": 0.7411825656890869,
        "ordinal_ranking": 0.8351706732107821,
        "distribution_consistency": 0.8293026985283709,
        "avg_inference_time": 22.63021469116211
      }
    },
    {
      "epoch": 2,
      "train_loss": 0.9748123168945313,
      "train_accuracy": 0.7821539256198347,
      "test_metrics": {
        "loss": 0.9196696877479553,
        "categorical_accuracy": 0.8589211702346802,
        "ordinal_accuracy": 0.9548755288124084,
        "qwk": 0.885885688744867,
        "mae": 0.20124481618404388,
        "prediction_consistency": 0.8589211702346802,
        "ordinal_ranking": 0.8645248923590134,
        "distribution_consistency": 0.8891034724492255,
        "avg_inference_time": 9.98067855834961
      }
    },
    {
      "epoch": 3,
      "train_loss": 0.8931545495986939,
      "train_accuracy": 0.8858072916666667,
      "test_metrics": {
        "loss": 0.8438395857810974,
        "categorical_accuracy": 0.9387966990470886,
        "ordinal_accuracy": 0.9730290174484253,
        "qwk": 0.9434456215085104,
        "mae": 0.0923236533999443,
        "prediction_consistency": 0.9387966990470886,
        "ordinal_ranking": 0.8743876225240571,
        "distribution_consistency": 0.9334661864146158,
        "avg_inference_time": 18.869519233703613
      }
    },
    {
      "epoch": 4,
      "train_loss": 0.8403981566429138,
      "train_accuracy": 0.9364669421487604,
      "test_metrics": {
        "loss": 0.8045135140419006,
        "categorical_accuracy": 0.95643150806427,
        "ordinal_accuracy": 0.9813277721405029,
        "qwk": 0.9607486406654651,
        "mae": 0.06483402848243713,
        "prediction_consistency": 0.95643150806427,
        "ordinal_ranking": 0.8799687027714269,
        "distribution_consistency": 0.9588432399965668,
        "avg_inference_time": 10.537266731262207
      }
    },
    {
      "epoch": 5,
      "train_loss": 0.805210530757904,
      "train_accuracy": 0.9607067510548524,
      "test_metrics": {
        "loss": 0.775135725736618,
        "categorical_accuracy": 0.976141095161438,
        "ordinal_accuracy": 0.9911825656890869,
        "qwk": 0.9807351742011059,
        "mae": 0.0337136946618557,
        "prediction_consistency": 0.976141095161438,
        "ordinal_ranking": 0.8858904967154484,
        "distribution_consistency": 0.9783433519180138,
        "avg_inference_time": 10.691285133361816
      }
    },
    {
      "epoch": 6,
      "train_loss": 0.7755408406257629,
      "train_accuracy": 0.9824948132780082,
      "test_metrics": {
        "loss": 0.7543596625328064,
        "categorical_accuracy": 0.9922199249267578,
        "ordinal_accuracy": 0.9974066615104675,
        "qwk": 0.9936748039357942,
        "mae": 0.010892116464674473,
        "prediction_consistency": 0.9922199249267578,
        "ordinal_ranking": 0.8895885693914933,
        "distribution_consistency": 0.9923992908841841,
        "avg_inference_time": 8.916974067687988
      }
    },
    {
      "epoch": 7,
      "train_loss": 0.7559742212295533,
      "train_accuracy": 0.9957386363636364,
      "test_metrics": {
        "loss": 0.745823085308075,
        "categorical_accuracy": 0.9989626407623291,
        "ordinal_accuracy": 1.0,
        "qwk": 0.9996383037798006,
        "mae": 0.0010373444529250264,
        "prediction_consistency": 0.9989626407623291,
        "ordinal_ranking": 0.8909788372979737,
        "distribution_consistency": 0.9982109340642004,
        "avg_inference_time": 9.540081024169922
      }
    },
    {
      "epoch": 8,
      "train_loss": 0.7499051809310913,
      "train_accuracy": 0.9988329875518672,
      "test_metrics": {
        "loss": 0.7446200549602509,
        "categorical_accuracy": 0.9994813203811646,
        "ordinal_accuracy": 1.0,
        "qwk": 0.9998191785529257,
        "mae": 0.0005186722264625132,
        "prediction_consistency": 0.9994813203811646,
        "ordinal_ranking": 0.8912636548515622,
        "distribution_consistency": 0.9991520842019453,
        "avg_inference_time": 10.402321815490723
      }
    },
    {
      "epoch": 9,
      "train_loss": 0.746970272064209,
      "train_accuracy": 0.9994791666666667,
      "test_metrics": {
        "loss": 0.7441987991333008,
        "categorical_accuracy": 0.9994813203811646,
        "ordinal_accuracy": 1.0,
        "qwk": 0.9998191785529257,
        "mae": 0.0005186722264625132,
        "prediction_consistency": 0.9994813203811646,
        "ordinal_ranking": 0.8912642114420681,
        "distribution_consistency": 0.9995261199494121,
        "avg_inference_time": 9.863138198852539
      }
    },
    {
      "epoch": 10,
      "train_loss": 0.7462228775024414,
      "train_accuracy": 0.9993543388429752,
      "test_metrics": {
        "loss": 0.7440125644207001,
        "categorical_accuracy": 0.9994813203811646,
        "ordinal_accuracy": 1.0,
        "qwk": 0.9998191785529257,
        "mae": 0.0005186722264625132,
        "prediction_consistency": 0.9994813203811646,
        "ordinal_ranking": 0.8912642248730966,
        "distribution_consistency": 0.9996951595876227,
        "avg_inference_time": 9.645700454711914
      }
    }
  ],
  "best_metrics": {
    "loss": 0.7446200549602509,
    "categorical_accuracy": 0.9994813203811646,
    "ordinal_accuracy": 1.0,
    "qwk": 0.9998191785529257,
    "mae": 0.0005186722264625132,
    "prediction_consistency": 0.9994813203811646,
    "ordinal_ranking": 0.8912636548515622,
    "distribution_consistency": 0.9991520842019453,
    "avg_inference_time": 10.402321815490723
  },
  "final_accuracy": 0.9994813203811646,
  "parameter_count": 141207,
  "training_completed": "2025-07-28T05:19:00.487648",
  "training_status": "SUCCESS - No NaN values"
}