{
  "model_type": "baseline_standalone",
  "dataset": "synthetic_OC",
  "config": {
    "model_type": "baseline",
    "dataset_name": "synthetic_OC",
    "n_questions": 29,
    "n_cats": 4,
    "memory_size": 50,
    "key_dim": 50,
    "value_dim": 200,
    "final_fc_dim": 50,
    "embedding_strategy": "linear_decay",
    "prediction_method": "cumulative",
    "batch_size": 32,
    "learning_rate": 0.001,
    "epochs": 30,
    "loss_type": "crossentropy",
    "device": "auto",
    "save_dir": "save_models",
    "results_dir": "results"
  },
  "training_history": [
    {
      "epoch": 1,
      "train_loss": 1.311292004585266,
      "train_accuracy": 0.4764979338842975,
      "test_metrics": {
        "loss": 1.2082509994506836,
        "categorical_accuracy": 0.5809128880500793,
        "ordinal_accuracy": 0.7002074718475342,
        "qwk": 0.029044790232070516,
        "mae": 0.9024896025657654,
        "prediction_consistency": 0.5809128880500793,
        "ordinal_ranking": 0.39964707289007234,
        "distribution_consistency": 0.6906025987504923,
        "avg_inference_time": 37.45579719543457
      }
    },
    {
      "epoch": 2,
      "train_loss": 1.1407156467437745,
      "train_accuracy": 0.6127092050209205,
      "test_metrics": {
        "loss": 1.1742501258850098,
        "categorical_accuracy": 0.5803942084312439,
        "ordinal_accuracy": 0.6976141333580017,
        "qwk": 0.0002541537963627327,
        "mae": 0.908713698387146,
        "prediction_consistency": 0.5803942084312439,
        "ordinal_ranking": 0.48358828182878966,
        "distribution_consistency": 0.7222436775464982,
        "avg_inference_time": 30.890941619873047
      }
    },
    {
      "epoch": 3,
      "train_loss": 1.120528244972229,
      "train_accuracy": 0.6199638429752066,
      "test_metrics": {
        "loss": 1.1743380427360535,
        "categorical_accuracy": 0.5809128880500793,
        "ordinal_accuracy": 0.6976141333580017,
        "qwk": 0.0,
        "mae": 0.9076763391494751,
        "prediction_consistency": 0.5809128880500793,
        "ordinal_ranking": 0.5009320467809134,
        "distribution_consistency": 0.7246074724896073,
        "avg_inference_time": 32.69469738006592
      }
    },
    {
      "epoch": 4,
      "train_loss": 1.1212685823440551,
      "train_accuracy": 0.6182572614107884,
      "test_metrics": {
        "loss": 1.1750746965408325,
        "categorical_accuracy": 0.5809128880500793,
        "ordinal_accuracy": 0.6976141333580017,
        "qwk": 0.0,
        "mae": 0.9076763391494751,
        "prediction_consistency": 0.5809128880500793,
        "ordinal_ranking": 0.5126216689759726,
        "distribution_consistency": 0.724962469066698,
        "avg_inference_time": 29.976487159729004
      }
    },
    {
      "epoch": 5,
      "train_loss": 1.1250887870788575,
      "train_accuracy": 0.6149320083682008,
      "test_metrics": {
        "loss": 1.1751054525375366,
        "categorical_accuracy": 0.5803942084312439,
        "ordinal_accuracy": 0.6970954537391663,
        "qwk": -0.0012503709433799859,
        "mae": 0.9092323780059814,
        "prediction_consistency": 0.5803942084312439,
        "ordinal_ranking": 0.5247159262172981,
        "distribution_consistency": 0.7252194637053982,
        "avg_inference_time": 37.76538372039795
      }
    },
    {
      "epoch": 6,
      "train_loss": 1.1211933851242066,
      "train_accuracy": 0.6182572614107884,
      "test_metrics": {
        "loss": 1.1746392846107483,
        "categorical_accuracy": 0.5803942084312439,
        "ordinal_accuracy": 0.6970954537391663,
        "qwk": -0.0012503709433799859,
        "mae": 0.9092323780059814,
        "prediction_consistency": 0.5803942084312439,
        "ordinal_ranking": 0.5367704547261105,
        "distribution_consistency": 0.72556101493692,
        "avg_inference_time": 34.340858459472656
      }
    },
    {
      "epoch": 7,
      "train_loss": 1.1203436851501465,
      "train_accuracy": 0.6183869294605809,
      "test_metrics": {
        "loss": 1.173566460609436,
        "categorical_accuracy": 0.5803942084312439,
        "ordinal_accuracy": 0.6976141333580017,
        "qwk": 0.00021204703536814584,
        "mae": 0.9081950187683105,
        "prediction_consistency": 0.5803942084312439,
        "ordinal_ranking": 0.5501150275486933,
        "distribution_consistency": 0.7261221112211957,
        "avg_inference_time": 33.663034439086914
      }
    },
    {
      "epoch": 8,
      "train_loss": 1.1189081430435182,
      "train_accuracy": 0.6183869294605809,
      "test_metrics": {
        "loss": 1.171579897403717,
        "categorical_accuracy": 0.5809128880500793,
        "ordinal_accuracy": 0.6981327533721924,
        "qwk": 0.005015436876464108,
        "mae": 0.9056016802787781,
        "prediction_consistency": 0.5809128880500793,
        "ordinal_ranking": 0.5651392789982553,
        "distribution_consistency": 0.7271145582662826,
        "avg_inference_time": 33.855557441711426
      }
    },
    {
      "epoch": 9,
      "train_loss": 1.1173987627029418,
      "train_accuracy": 0.61796875,
      "test_metrics": {
        "loss": 1.1683072447776794,
        "categorical_accuracy": 0.5855808854103088,
        "ordinal_accuracy": 0.7017635107040405,
        "qwk": 0.022508610911762594,
        "mae": 0.8952282071113586,
        "prediction_consistency": 0.5855808854103088,
        "ordinal_ranking": 0.5819187739890427,
        "distribution_consistency": 0.728843240229668,
        "avg_inference_time": 50.29702186584473
      }
    },
    {
      "epoch": 10,
      "train_loss": 1.1120418071746827,
      "train_accuracy": 0.6214989626556017,
      "test_metrics": {
        "loss": 1.162179708480835,
        "categorical_accuracy": 0.5871369242668152,
        "ordinal_accuracy": 0.7059128880500793,
        "qwk": 0.055570588829806034,
        "mae": 0.8843361139297485,
        "prediction_consistency": 0.5871369242668152,
        "ordinal_ranking": 0.6040587203185482,
        "distribution_consistency": 0.7324338678224206,
        "avg_inference_time": 33.16020965576172
      }
    },
    {
      "epoch": 11,
      "train_loss": 1.1019537925720215,
      "train_accuracy": 0.6273243801652892,
      "test_metrics": {
        "loss": 1.1511309742927551,
        "categorical_accuracy": 0.5980290174484253,
        "ordinal_accuracy": 0.716286301612854,
        "qwk": 0.1132500683745098,
        "mae": 0.8537344336509705,
        "prediction_consistency": 0.5980290174484253,
        "ordinal_ranking": 0.6326875529976272,
        "distribution_consistency": 0.7397342111405248,
        "avg_inference_time": 32.38093852996826
      }
    },
    {
      "epoch": 12,
      "train_loss": 1.0894862413406372,
      "train_accuracy": 0.6377840909090909,
      "test_metrics": {
        "loss": 1.1334642171859741,
        "categorical_accuracy": 0.6182572841644287,
        "ordinal_accuracy": 0.7567427158355713,
        "qwk": 0.3074755992777327,
        "mae": 0.759854793548584,
        "prediction_consistency": 0.6182572841644287,
        "ordinal_ranking": 0.6691030629832444,
        "distribution_consistency": 0.7541300342321643,
        "avg_inference_time": 41.637539863586426
      }
    },
    {
      "epoch": 13,
      "train_loss": 1.0772594690322876,
      "train_accuracy": 0.6621835443037974,
      "test_metrics": {
        "loss": 1.1156814694404602,
        "categorical_accuracy": 0.6628630757331848,
        "ordinal_accuracy": 0.8158713579177856,
        "qwk": 0.5841500121918883,
        "mae": 0.6120331883430481,
        "prediction_consistency": 0.6628630757331848,
        "ordinal_ranking": 0.6929068768196681,
        "distribution_consistency": 0.7695576275903654,
        "avg_inference_time": 36.89265251159668
      }
    },
    {
      "epoch": 14,
      "train_loss": 1.0631676197052002,
      "train_accuracy": 0.6900052742616034,
      "test_metrics": {
        "loss": 1.098065435886383,