{
  "config": {
    "model": "deep_gpcm",
    "dataset": "synthetic_OC",
    "epochs": 1,
    "batch_size": 32,
    "lr": 0.001,
    "n_folds": 5,
    "no_cv": true,
    "seed": 42,
    "device": null,
    "loss": "ce",
    "ce_weight": 1.0,
    "qwk_weight": 0.5,
    "emd_weight": 0.0,
    "coral_weight": 0.0,
    "ordinal_alpha": 1.0
  },
  "metrics": {
    "epoch": 1,
    "train_loss": 1.2952674329280853,
    "train_accuracy": 0.4023852362745833,
    "gradient_norm": 0.4256321221590042,
    "learning_rate": 0.001,
    "categorical_accuracy": 0.4685394624832786,
    "ordinal_accuracy": 0.7289796911103004,
    "quadratic_weighted_kappa": 0.4648640137731008,
    "mean_absolute_error": 0.9134865620819652,
    "kendall_tau": 0.4251511081737379,
    "spearman_correlation": 0.4763053256683445,
    "cohen_kappa": 0.2465043780452768,
    "cat_0_accuracy": 0.8068261513286059,
    "cat_1_accuracy": 0.038729853259562186,
    "cat_2_accuracy": 0.04006882989183874,
    "cat_3_accuracy": 0.6982758620689655,
    "cat_0_precision": 0.4773188272174073,
    "cat_0_recall": 0.8068261513286059,
    "cat_0_f1": 0.5997972483707459,
    "cat_1_precision": 0.2223756906077348,
    "cat_1_recall": 0.038729853259562186,
    "cat_1_f1": 0.06597008809670149,
    "cat_2_precision": 0.24274013402829486,
    "cat_2_recall": 0.04006882989183874,
    "cat_2_f1": 0.06878362696486971,
    "cat_3_precision": 0.4967532467532468,
    "cat_3_recall": 0.6982758620689655,
    "cat_3_f1": 0.5805227655986509,
    "cross_entropy": 1.2161236323854383,
    "best_epoch": 1,
    "total_epochs": 1,
    "parameters": 448555,
    "model_type": "DeepGPCM"
  },
  "training_history": [
    {
      "epoch": 1,
      "train_loss": 1.2952674329280853,
      "train_accuracy": 0.4023852362745833,
      "gradient_norm": 0.4256321221590042,
      "learning_rate": 0.001,
      "categorical_accuracy": 0.4685394624832786,
      "ordinal_accuracy": 0.7289796911103004,
      "quadratic_weighted_kappa": 0.4648640137731008,
      "mean_absolute_error": 0.9134865620819652,
      "kendall_tau": 0.4251511081737379,
      "spearman_correlation": 0.4763053256683445,
      "cohen_kappa": 0.2465043780452768,
      "cat_0_accuracy": 0.8068261513286059,
      "cat_1_accuracy": 0.038729853259562186,
      "cat_2_accuracy": 0.04006882989183874,
      "cat_3_accuracy": 0.6982758620689655,
      "cat_0_precision": 0.4773188272174073,
      "cat_0_recall": 0.8068261513286059,
      "cat_0_f1": 0.5997972483707459,
      "cat_1_precision": 0.2223756906077348,
      "cat_1_recall": 0.038729853259562186,
      "cat_1_f1": 0.06597008809670149,
      "cat_2_precision": 0.24274013402829486,
      "cat_2_recall": 0.04006882989183874,
      "cat_2_f1": 0.06878362696486971,
      "cat_3_precision": 0.4967532467532468,
      "cat_3_recall": 0.6982758620689655,
      "cat_3_f1": 0.5805227655986509,
      "cross_entropy": 1.2161236323854383
    }
  ],
  "timestamp": "2025-07-31T12:14:30.712862"
}