{
  "config": {
    "model": "coral",
    "models": null,
    "dataset": "synthetic_OC",
    "epochs": 1,
    "batch_size": 64,
    "lr": 0.001,
    "n_folds": 0,
    "no_cv": false,
    "seed": 42,
    "device": null,
    "loss": "ce",
    "ce_weight": 1.0,
    "qwk_weight": 0.5,
    "emd_weight": 0.0,
    "coral_weight": 0.0,
    "ordinal_alpha": 1.0,
    "enable_threshold_coupling": true,
    "coupling_type": "linear",
    "threshold_gpcm_weight": 0.8,
    "threshold_coral_weight": 0.2
  },
  "metrics": {
    "epoch": 1,
    "train_loss": 4.845539522171021,
    "train_accuracy": 0.28742784316665415,
    "gradient_norm": 8.547115397453307,
    "learning_rate": 0.001,
    "categorical_accuracy": 0.2346588836191171,
    "ordinal_accuracy": 0.6536787060683449,
    "quadratic_weighted_kappa": -0.004274217708427619,
    "mean_absolute_error": 1.1968138149094005,
    "kendall_tau": -0.007268694943582994,
    "spearman_correlation": -0.00794161277794069,
    "cohen_kappa": 0.0006219404672815898,
    "cat_0_accuracy": 0.2880074807137848,
    "cat_1_accuracy": 0.7156603319701708,
    "cat_2_accuracy": 0.0,
    "cat_3_accuracy": 0.00016903313049357674,
    "cat_0_precision": 0.3093404753933713,
    "cat_0_recall": 0.2880074807137848,
    "cat_0_f1": 0.29829304709253057,
    "cat_1_precision": 0.20409563338249923,
    "cat_1_recall": 0.7156603319701708,
    "cat_1_f1": 0.31761283262604423,
    "cat_2_precision": 0.0,
    "cat_2_recall": 0.0,
    "cat_2_f1": 0.0,
    "cat_3_precision": 0.14285714285714285,
    "cat_3_recall": 0.00016903313049357674,
    "cat_3_f1": 0.00033766672294445384,
    "cross_entropy": 4.134283863327267,
    "best_epoch": 1,
    "total_epochs": 1,
    "parameters": 451263,
    "model_type": "CORALDeepGPCM"
  },
  "training_history": [
    {
      "epoch": 1,
      "train_loss": 4.845539522171021,
      "train_accuracy": 0.28742784316665415,
      "gradient_norm": 8.547115397453307,
      "learning_rate": 0.001,
      "categorical_accuracy": 0.2346588836191171,
      "ordinal_accuracy": 0.6536787060683449,
      "quadratic_weighted_kappa": -0.004274217708427619,
      "mean_absolute_error": 1.1968138149094005,
      "kendall_tau": -0.007268694943582994,
      "spearman_correlation": -0.00794161277794069,
      "cohen_kappa": 0.0006219404672815898,
      "cat_0_accuracy": 0.2880074807137848,
      "cat_1_accuracy": 0.7156603319701708,
      "cat_2_accuracy": 0.0,
      "cat_3_accuracy": 0.00016903313049357674,
      "cat_0_precision": 0.3093404753933713,
      "cat_0_recall": 0.2880074807137848,
      "cat_0_f1": 0.29829304709253057,
      "cat_1_precision": 0.20409563338249923,
      "cat_1_recall": 0.7156603319701708,
      "cat_1_f1": 0.31761283262604423,
      "cat_2_precision": 0.0,
      "cat_2_recall": 0.0,
      "cat_2_f1": 0.0,
      "cat_3_precision": 0.14285714285714285,
      "cat_3_recall": 0.00016903313049357674,
      "cat_3_f1": 0.00033766672294445384,
      "cross_entropy": 4.134283863327267
    }
  ],
  "timestamp": "2025-07-31T15:36:38.988081"
}