{
  "config": {
    "model": "deep_gpcm",
    "dataset": "synthetic_OC",
    "epochs": 2,
    "batch_size": 32,
    "lr": 0.001,
    "n_folds": 5,
    "no_cv": false,
    "seed": 42,
    "device": null,
    "loss": "ce",
    "ce_weight": 1.0,
    "qwk_weight": 0.5,
    "emd_weight": 0.0,
    "coral_weight": 0.0,
    "ordinal_alpha": 1.0,
    "fold": 2
  },
  "metrics": {
    "epoch": 2,
    "train_loss": 1.1657902479171753,
    "train_accuracy": 0.48769089855505915,
    "gradient_norm": 0.346241831406951,
    "learning_rate": 0.001,
    "categorical_accuracy": 0.5079622530227071,
    "ordinal_accuracy": 0.7734444116779711,
    "quadratic_weighted_kappa": 0.560715528821266,
    "mean_absolute_error": 0.8000098299420033,
    "kendall_tau": 0.5129101688542018,
    "spearman_correlation": 0.5707674108909989,
    "cohen_kappa": 0.302274998823459,
    "cat_0_accuracy": 0.8088853629512098,
    "cat_1_accuracy": 0.0384708152436083,
    "cat_2_accuracy": 0.035871064843847986,
    "cat_3_accuracy": 0.8347995263068855,
    "cat_0_precision": 0.5294698031884509,
    "cat_0_recall": 0.8088853629512098,
    "cat_0_f1": 0.640010043311782,
    "cat_1_precision": 0.29428044280442806,
    "cat_1_recall": 0.0384708152436083,
    "cat_1_f1": 0.06804607508532423,
    "cat_2_precision": 0.26359447004608294,
    "cat_2_recall": 0.035871064843847986,
    "cat_2_f1": 0.06314859792448664,
    "cat_3_precision": 0.5122495588082633,
    "cat_3_recall": 0.8347995263068855,
    "cat_3_f1": 0.6349073597529593,
    "cross_entropy": 1.115203481213067,
    "best_epoch": 2,
    "total_epochs": 2,
    "parameters": 448555,
    "model_type": "DeepGPCM"
  },
  "training_history": [
    {
      "epoch": 1,
      "train_loss": 1.283473151922226,
      "train_accuracy": 0.4132256637443844,
      "gradient_norm": 0.4588871251791716,
      "learning_rate": 0.001,
      "categorical_accuracy": 0.47891477440283103,
      "ordinal_accuracy": 0.7383515187260395,
      "quadratic_weighted_kappa": 0.48773032239203173,
      "mean_absolute_error": 0.8878157868868574,
      "kendall_tau": 0.4437407565322267,
      "spearman_correlation": 0.4958476013019854,
      "cohen_kappa": 0.2616288592743975,
      "cat_0_accuracy": 0.7740579135263784,
      "cat_1_accuracy": 0.040279787747226244,
      "cat_2_accuracy": 0.03775241439859526,
      "cat_3_accuracy": 0.7694129588902047,
      "cat_0_precision": 0.49563141318703646,
      "cat_0_recall": 0.7740579135263784,
      "cat_0_f1": 0.6043169923508098,
      "cat_1_precision": 0.2661354581673307,
      "cat_1_recall": 0.040279787747226244,
      "cat_1_f1": 0.06996962396564366,
      "cat_2_precision": 0.24293785310734464,
      "cat_2_recall": 0.03775241439859526,
      "cat_2_f1": 0.06534954407294832,
      "cat_3_precision": 0.4913569576490925,
      "cat_3_recall": 0.7694129588902047,
      "cat_3_f1": 0.5997230830091647,
      "cross_entropy": 1.2025440945110146
    },
    {
      "epoch": 2,
      "train_loss": 1.1657902479171753,
      "train_accuracy": 0.48769089855505915,
      "gradient_norm": 0.346241831406951,
      "learning_rate": 0.001,
      "categorical_accuracy": 0.5079622530227071,
      "ordinal_accuracy": 0.7734444116779711,
      "quadratic_weighted_kappa": 0.560715528821266,
      "mean_absolute_error": 0.8000098299420033,
      "kendall_tau": 0.5129101688542018,
      "spearman_correlation": 0.5707674108909989,
      "cohen_kappa": 0.302274998823459,
      "cat_0_accuracy": 0.8088853629512098,
      "cat_1_accuracy": 0.0384708152436083,
      "cat_2_accuracy": 0.035871064843847986,
      "cat_3_accuracy": 0.8347995263068855,
      "cat_0_precision": 0.5294698031884509,
      "cat_0_recall": 0.8088853629512098,
      "cat_0_f1": 0.640010043311782,
      "cat_1_precision": 0.29428044280442806,
      "cat_1_recall": 0.0384708152436083,
      "cat_1_f1": 0.06804607508532423,
      "cat_2_precision": 0.26359447004608294,
      "cat_2_recall": 0.035871064843847986,
      "cat_2_f1": 0.06314859792448664,
      "cat_3_precision": 0.5122495588082633,
      "cat_3_recall": 0.8347995263068855,
      "cat_3_f1": 0.6349073597529593,
      "cross_entropy": 1.115203481213067
    }
  ],
  "timestamp": "2025-07-31T12:13:17.711737"
}