{
  "config": {
    "model": "corn",
    "dataset": "synthetic_OC",
    "epochs": 5,
    "batch_size": 32,
    "lr": 0.001,
    "n_folds": 5,
    "no_cv": true,
    "seed": 42,
    "device": null,
    "loss": "combined",
    "ce_weight": 0.7,
    "qwk_weight": 0.3,
    "emd_weight": 0.0,
    "coral_weight": 0.0,
    "ordinal_alpha": 1.0
  },
  "metrics": {
    "epoch": 5,
    "train_loss": 0.7735283195972442,
    "train_accuracy": 0.470906114901167,
    "gradient_norm": 0.28538920171558857,
    "learning_rate": 0.001,
    "categorical_accuracy": 0.48580809923385626,
    "ordinal_accuracy": 0.7496534111638088,
    "quadratic_weighted_kappa": 0.5034140038795227,
    "mean_absolute_error": 0.8610482792168308,
    "kendall_tau": 0.45858641431413083,
    "spearman_correlation": 0.5137769787118164,
    "cohen_kappa": 0.2738643071555861,
    "cat_0_accuracy": 0.7881243668666719,
    "cat_1_accuracy": 0.01599711330286264,
    "cat_2_accuracy": 0.10127826941986234,
    "cat_3_accuracy": 0.7524509803921569,
    "cat_0_precision": 0.502808849117574,
    "cat_0_recall": 0.7881243668666719,
    "cat_0_f1": 0.6139371130265874,
    "cat_1_precision": 0.258252427184466,
    "cat_1_recall": 0.01599711330286264,
    "cat_1_f1": 0.030127987314531656,
    "cat_2_precision": 0.2673588578844906,
    "cat_2_recall": 0.10127826941986234,
    "cat_2_f1": 0.1469067569976823,
    "cat_3_precision": 0.5115784634833075,
    "cat_3_recall": 0.7524509803921569,
    "cat_3_f1": 0.6090644775098341,
    "cross_entropy": 1.1831262699512224,
    "best_epoch": 5,
    "total_epochs": 5,
    "parameters": 452458,
    "model_type": "CORNDeepGPCM"
  },
  "training_history": [
    {
      "epoch": 1,
      "train_loss": 1.8459599971771241,
      "train_accuracy": 0.27448959192343253,
      "gradient_norm": 7.758370794355869,
      "learning_rate": 0.001,
      "categorical_accuracy": 0.2734038672017512,
      "ordinal_accuracy": 0.630426851514046,
      "quadratic_weighted_kappa": 0.055720442905085155,
      "mean_absolute_error": 1.243706676395476,
      "kendall_tau": 0.033127855729073535,
      "spearman_correlation": 0.038206758564659236,
      "cohen_kappa": 0.019748511566725968,
      "cat_0_accuracy": 0.4330242343956986,
      "cat_1_accuracy": 0.43420736107770025,
      "cat_2_accuracy": 0.04879547689282203,
      "cat_3_accuracy": 0.1417342799188641,
      "cat_0_precision": 0.3097547380156076,
      "cat_0_recall": 0.4330242343956986,
      "cat_0_f1": 0.3611607578071686,
      "cat_1_precision": 0.21106173994387278,
      "cat_1_recall": 0.43420736107770025,
      "cat_1_f1": 0.28405067275159335,
      "cat_2_precision": 0.21482683982683984,
      "cat_2_recall": 0.04879547689282203,
      "cat_2_f1": 0.07952724358974358,
      "cat_3_precision": 0.3971110584892257,
      "cat_3_recall": 0.1417342799188641,
      "cat_3_f1": 0.2089068825910931,
      "cross_entropy": 1.4018150298756324
    },
    {
      "epoch": 2,
      "train_loss": 0.9675248086452484,
      "train_accuracy": 0.3353449783841867,
      "gradient_norm": 0.22665220275521278,
      "learning_rate": 0.001,
      "categorical_accuracy": 0.44390125258421503,
      "ordinal_accuracy": 0.6848595403137541,
      "quadratic_weighted_kappa": 0.3795953884970976,
      "mean_absolute_error": 1.0209899063602093,
      "kendall_tau": 0.3551042639979995,
      "spearman_correlation": 0.3917055895739449,
      "cohen_kappa": 0.20539353257514026,
      "cat_0_accuracy": 0.8166445881711213,
      "cat_1_accuracy": 0.02213134471974982,
      "cat_2_accuracy": 0.008972468043264504,
      "cat_3_accuracy": 0.6350574712643678,
      "cat_0_precision": 0.4294553948285047,
      "cat_0_recall": 0.8166445881711213,
      "cat_0_f1": 0.5628961220324418,
      "cat_1_precision": 0.25205479452054796,
      "cat_1_recall": 0.02213134471974982,
      "cat_1_f1": 0.040689960194604156,
      "cat_2_precision": 0.2896825396825397,
      "cat_2_recall": 0.008972468043264504,
      "cat_2_f1": 0.017405817835002384,
      "cat_3_precision": 0.47768595041322315,
      "cat_3_recall": 0.6350574712643678,
      "cat_3_f1": 0.5452434511283651,
      "cross_entropy": 1.3289865942363335
    },
    {
      "epoch": 3,
      "train_loss": 0.875107541680336,
      "train_accuracy": 0.4326848589349526,
      "gradient_norm": 0.40661977231502533,
      "learning_rate": 0.001,
      "categorical_accuracy": 0.4631642952693664,
      "ordinal_accuracy": 0.724869269123191,
      "quadratic_weighted_kappa": 0.44791690123288375,
      "mean_absolute_error": 0.9271798613644655,
      "kendall_tau": 0.4047119608984012,
      "spearman_correlation": 0.45538062566574045,
      "cohen_kappa": 0.24244657110645396,
      "cat_0_accuracy": 0.7443310215849762,
      "cat_1_accuracy": 0.06110175607409189,
      "cat_2_accuracy": 0.05801376597836775,
      "cat_3_accuracy": 0.7193204868154158,
      "cat_0_precision": 0.4861068702290076,
      "cat_0_recall": 0.7443310215849762,
      "cat_0_f1": 0.5881230181941323,
      "cat_1_precision": 0.27958172812328014,
      "cat_1_recall": 0.06110175607409189,
      "cat_1_f1": 0.10028625012338367,
      "cat_2_precision": 0.24130879345603273,
      "cat_2_recall": 0.05801376597836775,
      "cat_2_f1": 0.09353943717796274,
      "cat_3_precision": 0.4810648880850102,
      "cat_3_recall": 0.7193204868154158,
      "cat_3_f1": 0.5765478932393985,
      "cross_entropy": 1.2240388883955275
    },
    {
      "epoch": 4,
      "train_loss": 0.8057798534631729,
      "train_accuracy": 0.4544131244221206,
      "gradient_norm": 0.24752811156213284,
      "learning_rate": 0.001,
      "categorical_accuracy": 0.473525477319713,
      "ordinal_accuracy": 0.7277635899306822,
      "quadratic_weighted_kappa": 0.46314260873808766,
      "mean_absolute_error": 0.9135595281527423,
      "kendall_tau": 0.4250376854855795,
      "spearman_correlation": 0.4732221088609657,
      "cohen_kappa": 0.25284562902053664,
      "cat_0_accuracy": 0.8022286293150471,
      "cat_1_accuracy": 0.016117392350252585,
      "cat_2_accuracy": 0.06465093411996067,
      "cat_3_accuracy": 0.7195740365111561,
      "cat_0_precision": 0.4767307247047928,
      "cat_0_recall": 0.8022286293150471,
      "cat_0_f1": 0.5980597188335076,
      "cat_1_precision": 0.2774327122153209,
      "cat_1_recall": 0.016117392350252585,
      "cat_1_f1": 0.03046493122655451,
      "cat_2_precision": 0.273815720978657,
      "cat_2_recall": 0.06465093411996067,
      "cat_2_f1": 0.10460375857611613,
      "cat_3_precision": 0.4974293059125964,
      "cat_3_recall": 0.7195740365111561,
      "cat_3_f1": 0.5882271659527428,
      "cross_entropy": 1.2170791118061486
    },
    {
      "epoch": 5,
      "train_loss": 0.7735283195972442,
      "train_accuracy": 0.470906114901167,
      "gradient_norm": 0.28538920171558857,
      "learning_rate": 0.001,
      "categorical_accuracy": 0.48580809923385626,
      "ordinal_accuracy": 0.7496534111638088,
      "quadratic_weighted_kappa": 0.5034140038795227,
      "mean_absolute_error": 0.8610482792168308,
      "kendall_tau": 0.45858641431413083,
      "spearman_correlation": 0.5137769787118164,
      "cohen_kappa": 0.2738643071555861,
      "cat_0_accuracy": 0.7881243668666719,
      "cat_1_accuracy": 0.01599711330286264,
      "cat_2_accuracy": 0.10127826941986234,
      "cat_3_accuracy": 0.7524509803921569,
      "cat_0_precision": 0.502808849117574,
      "cat_0_recall": 0.7881243668666719,
      "cat_0_f1": 0.6139371130265874,
      "cat_1_precision": 0.258252427184466,
      "cat_1_recall": 0.01599711330286264,
      "cat_1_f1": 0.030127987314531656,
      "cat_2_precision": 0.2673588578844906,
      "cat_2_recall": 0.10127826941986234,
      "cat_2_f1": 0.1469067569976823,
      "cat_3_precision": 0.5115784634833075,
      "cat_3_recall": 0.7524509803921569,
      "cat_3_f1": 0.6090644775098341,
      "cross_entropy": 1.1831262699512224
    }
  ],
  "timestamp": "2025-07-31T00:07:24.738775"
}