{
  "config": {
    "model": "deep_gpcm",
    "dataset": "synthetic_OC",
    "epochs": 2,
    "batch_size": 32,
    "lr": 0.001,
    "n_folds": 5,
    "no_cv": false,
    "seed": 42,
    "device": null,
    "loss": "ce",
    "ce_weight": 1.0,
    "qwk_weight": 0.5,
    "emd_weight": 0.0,
    "coral_weight": 0.0,
    "ordinal_alpha": 1.0,
    "fold": 1
  },
  "metrics": {
    "epoch": 2,
    "train_loss": 1.1707330107688905,
    "train_accuracy": 0.4869104741068543,
    "gradient_norm": 0.30541130863130095,
    "learning_rate": 0.001,
    "categorical_accuracy": 0.4974808269836936,
    "ordinal_accuracy": 0.765257749869698,
    "quadratic_weighted_kappa": 0.5414707243699781,
    "mean_absolute_error": 0.8231615000868681,
    "kendall_tau": 0.4950354728882791,
    "spearman_correlation": 0.5525626371046334,
    "cohen_kappa": 0.289937902702616,
    "cat_0_accuracy": 0.8160197061071944,
    "cat_1_accuracy": 0.04125494071146245,
    "cat_2_accuracy": 0.04141066601130499,
    "cat_3_accuracy": 0.7950179094757408,
    "cat_0_precision": 0.5005209961446285,
    "cat_0_recall": 0.8160197061071944,
    "cat_0_f1": 0.6204669486873123,
    "cat_1_precision": 0.2539923954372624,
    "cat_1_recall": 0.04125494071146245,
    "cat_1_f1": 0.07098076718733397,
    "cat_2_precision": 0.27243330638641877,
    "cat_2_recall": 0.04141066601130499,
    "cat_2_f1": 0.07189333333333334,
    "cat_3_precision": 0.5266109463467242,
    "cat_3_recall": 0.7950179094757408,
    "cat_3_f1": 0.6335593110383081,
    "cross_entropy": 1.1337092904793342,
    "best_epoch": 2,
    "total_epochs": 2,
    "parameters": 448555,
    "model_type": "DeepGPCM"
  },
  "training_history": [
    {
      "epoch": 1,
      "train_loss": 1.2955380618572234,
      "train_accuracy": 0.40041145613206375,
      "gradient_norm": 0.5792660992592573,
      "learning_rate": 0.001,
      "categorical_accuracy": 0.46429723759648556,
      "ordinal_accuracy": 0.7267131617482813,
      "quadratic_weighted_kappa": 0.45805470554027006,
      "mean_absolute_error": 0.9217691295822888,
      "kendall_tau": 0.41864293533030655,
      "spearman_correlation": 0.46958815090314304,
      "cohen_kappa": 0.2431320267696404,
      "cat_0_accuracy": 0.6963390809479317,
      "cat_1_accuracy": 0.045454545454545456,
      "cat_2_accuracy": 0.04337675104448267,
      "cat_3_accuracy": 0.7968088570498209,
      "cat_0_precision": 0.5014987459472686,
      "cat_0_recall": 0.6963390809479317,
      "cat_0_f1": 0.5830725462304409,
      "cat_1_precision": 0.25716282320055905,
      "cat_1_recall": 0.045454545454545456,
      "cat_1_f1": 0.0772541198698436,
      "cat_2_precision": 0.2351765489673551,
      "cat_2_recall": 0.04337675104448267,
      "cat_2_f1": 0.07324411245979874,
      "cat_3_precision": 0.4658290500666286,
      "cat_3_recall": 0.7968088570498209,
      "cat_3_f1": 0.5879384911100433,
      "cross_entropy": 1.2282586778730085
    },
    {
      "epoch": 2,
      "train_loss": 1.1707330107688905,
      "train_accuracy": 0.4869104741068543,
      "gradient_norm": 0.30541130863130095,
      "learning_rate": 0.001,
      "categorical_accuracy": 0.4974808269836936,
      "ordinal_accuracy": 0.765257749869698,
      "quadratic_weighted_kappa": 0.5414707243699781,
      "mean_absolute_error": 0.8231615000868681,
      "kendall_tau": 0.4950354728882791,
      "spearman_correlation": 0.5525626371046334,
      "cohen_kappa": 0.289937902702616,
      "cat_0_accuracy": 0.8160197061071944,
      "cat_1_accuracy": 0.04125494071146245,
      "cat_2_accuracy": 0.04141066601130499,
      "cat_3_accuracy": 0.7950179094757408,
      "cat_0_precision": 0.5005209961446285,
      "cat_0_recall": 0.8160197061071944,
      "cat_0_f1": 0.6204669486873123,
      "cat_1_precision": 0.2539923954372624,
      "cat_1_recall": 0.04125494071146245,
      "cat_1_f1": 0.07098076718733397,
      "cat_2_precision": 0.27243330638641877,
      "cat_2_recall": 0.04141066601130499,
      "cat_2_f1": 0.07189333333333334,
      "cat_3_precision": 0.5266109463467242,
      "cat_3_recall": 0.7950179094757408,
      "cat_3_f1": 0.6335593110383081,
      "cross_entropy": 1.1337092904793342
    }
  ],
  "timestamp": "2025-07-31T12:12:28.966441"
}