{
  "config": {
    "dataset": "synthetic_500_200_4",
    "data_dir": "data",
    "device": "cuda",
    "epochs": 2,
    "batch_size": 64,
    "lr": 0.001,
    "patience": 10,
    "hidden_dim": 128,
    "num_layers": 2,
    "dropout": 0.1,
    "n_folds": 3,
    "fold": null,
    "hyperopt": false,
    "hyperopt_trials": 50,
    "hyperopt_metric": "quadratic_weighted_kappa",
    "output_dir": null,
    "save_model": true,
    "save_results": true,
    "verbose": false,
    "debug": false,
    "seed": 42,
    "resume": null,
    "validate_only": false,
    "save_freq": 5,
    "datasets": null,
    "all": false,
    "exclude": [],
    "parallel": false,
    "max_workers": 4,
    "model": "deep_gpcm",
    "models": null,
    "loss": "factory",
    "no_cv": false,
    "cv": false
  },
  "cv_summary": {
    "categorical_accuracy": {
      "mean": 0.4411996618080525,
      "std": 0.010833404071813173,
      "values": [
        0.42911160805041676,
        0.4553955708584396,
        0.4390918065153011
      ]
    },
    "ordinal_accuracy": {
      "mean": 0.7285975538232515,
      "std": 0.008061485423306201,
      "values": [
        0.7266517584874974,
        0.7392988496752485,
        0.7198420533070089
      ]
    },
    "quadratic_weighted_kappa": {
      "mean": 0.428236502974012,
      "std": 0.019914230650155233,
      "values": [
        0.4118392450906222,
        0.45626471395897195,
        0.4166055498724417
      ]
    },
    "mean_absolute_error": {
      "mean": 0.9318426772666949,
      "std": 0.020805905797565638,
      "values": [
        0.945232770888392,
        0.9024571562720087,
        0.9478381046396841
      ]
    },
    "kendall_tau": {
      "mean": 0.38309505951329115,
      "std": 0.017883079011143898,
      "values": [
        0.3609267148768683,
        0.4047210601567415,
        0.38363740350626385
      ]
    },
    "spearman_correlation": {
      "mean": 0.43961431238027565,
      "std": 0.01917512530081328,
      "values": [
        0.4172130016926462,
        0.4640499254142403,
        0.4375800100339405
      ]
    },
    "cohen_kappa": {
      "mean": 0.2157055367472727,
      "std": 0.012020218977014548,
      "values": [
        0.20563733606337375,
        0.23260142437548825,
        0.2088778498029561
      ]
    },
    "cross_entropy": {
      "mean": 1.2632463962923888,
      "std": 0.01080699141518017,
      "values": [
        1.2784690078723215,
        1.256814356242847,
        1.2544558247619977
      ]
    }
  },
  "fold_results": [
    {
      "fold": 1,
      "metrics": {
        "epoch": 2,
        "train_loss": 0.9366663297017416,
        "train_accuracy": 0.40361220839966194,
        "gradient_norm": 0.1820677953461806,
        "learning_rate": 0.001,
        "categorical_accuracy": 0.42911160805041676,
        "ordinal_accuracy": 0.7266517584874974,
        "quadratic_weighted_kappa": 0.4118392450906222,
        "mean_absolute_error": 0.945232770888392,
        "kendall_tau": 0.3609267148768683,
        "spearman_correlation": 0.4172130016926462,
        "cohen_kappa": 0.20563733606337375,
        "cat_0_accuracy": 0.7021878072763028,
        "cat_1_accuracy": 0.12136389905605856,
        "cat_2_accuracy": 0.11564211807668898,
        "cat_3_accuracy": 0.5743808171635905,
        "cat_0_precision": 0.4976480836236934,
        "cat_0_recall": 0.7021878072763028,
        "cat_0_f1": 0.5824836867862969,
        "cat_1_precision": 0.24409143742735373,
        "cat_1_recall": 0.12136389905605856,
        "cat_1_f1": 0.16212043232115286,
        "cat_2_precision": 0.23661270236612703,
        "cat_2_recall": 0.11564211807668898,
        "cat_2_f1": 0.1553556827473426,
        "cat_3_precision": 0.4481230769230769,
        "cat_3_recall": 0.5743808171635905,
        "cat_3_f1": 0.5034568584070797,
        "cross_entropy": 1.2784690078723215,
        "best_epoch": 2,
        "total_epochs": 2,
        "parameters": 278555,
        "model_type": "DeepGPCM"
      },
      "training_history": [
        {
          "epoch": 1,
          "train_loss": 1.0541459918022156,
          "train_accuracy": 0.2971522905489063,
          "gradient_norm": 0.459461676577727,
          "learning_rate": 0.001,
          "categorical_accuracy": 0.35531612116283795,
          "ordinal_accuracy": 0.6673307582842041,
          "quadratic_weighted_kappa": 0.21926333901187178,
          "mean_absolute_error": 1.111933319780443,
          "kendall_tau": 0.20639809361120148,
          "spearman_correlation": 0.24042096889008965,
          "cohen_kappa": 0.10017646705036132,
          "cat_0_accuracy": 0.688298918387414,
          "cat_1_accuracy": 0.16567135426700058,
          "cat_2_accuracy": 0.1357273280584297,
          "cat_3_accuracy": 0.2539832781195772,
          "cat_0_precision": 0.41140170437848955,
          "cat_0_recall": 0.688298918387414,
          "cat_0_f1": 0.5149898841272761,
          "cat_1_precision": 0.2138239681750373,
          "cat_1_recall": 0.16567135426700058,
          "cat_1_f1": 0.18669271681319874,
          "cat_2_precision": 0.22292569143618793,
          "cat_2_recall": 0.1357273280584297,
          "cat_2_f1": 0.16872635561160151,
          "cat_3_precision": 0.4065656565656566,
          "cat_3_recall": 0.2539832781195772,
          "cat_3_f1": 0.31265171375861733,
          "cross_entropy": 1.3476874663269767
        },
        {
          "epoch": 2,
          "train_loss": 0.9366663297017416,
          "train_accuracy": 0.40361220839966194,
          "gradient_norm": 0.1820677953461806,
          "learning_rate": 0.001,
          "categorical_accuracy": 0.42911160805041676,
          "ordinal_accuracy": 0.7266517584874974,
          "quadratic_weighted_kappa": 0.4118392450906222,
          "mean_absolute_error": 0.945232770888392,
          "kendall_tau": 0.3609267148768683,
          "spearman_correlation": 0.4172130016926462,
          "cohen_kappa": 0.20563733606337375,
          "cat_0_accuracy": 0.7021878072763028,
          "cat_1_accuracy": 0.12136389905605856,
          "cat_2_accuracy": 0.11564211807668898,
          "cat_3_accuracy": 0.5743808171635905,
          "cat_0_precision": 0.4976480836236934,
          "cat_0_recall": 0.7021878072763028,
          "cat_0_f1": 0.5824836867862969,
          "cat_1_precision": 0.24409143742735373,
          "cat_1_recall": 0.12136389905605856,
          "cat_1_f1": 0.16212043232115286,
          "cat_2_precision": 0.23661270236612703,
          "cat_2_recall": 0.11564211807668898,
          "cat_2_f1": 0.1553556827473426,
          "cat_3_precision": 0.4481230769230769,
          "cat_3_recall": 0.5743808171635905,
          "cat_3_f1": 0.5034568584070797,
          "cross_entropy": 1.2784690078723215
        }
      ]
    },
    {
      "fold": 2,
      "metrics": {
        "epoch": 2,
        "train_loss": 0.9540021022160848,
        "train_accuracy": 0.3854967948717949,
        "gradient_norm": 0.16101102779308954,
        "learning_rate": 0.001,
        "categorical_accuracy": 0.4553955708584396,
        "ordinal_accuracy": 0.7392988496752485,
        "quadratic_weighted_kappa": 0.45626471395897195,
        "mean_absolute_error": 0.9024571562720087,
        "kendall_tau": 0.4047210601567415,
        "spearman_correlation": 0.4640499254142403,
        "cohen_kappa": 0.23260142437548825,
        "cat_0_accuracy": 0.7769955852523566,
        "cat_1_accuracy": 0.08751683015964609,
        "cat_2_accuracy": 0.10848678943154523,
        "cat_3_accuracy": 0.5915210541392151,
        "cat_0_precision": 0.4838038632986627,
        "cat_0_recall": 0.7769955852523566,
        "cat_0_f1": 0.5963096927796346,
        "cat_1_precision": 0.247014115092291,
        "cat_1_recall": 0.08751683015964609,
        "cat_1_f1": 0.12924300525493537,
        "cat_2_precision": 0.24748858447488584,
        "cat_2_recall": 0.10848678943154523,
        "cat_2_f1": 0.15084887280823825,
        "cat_3_precision": 0.512025787255145,