{
  "config": {
    "dataset": "synthetic_500_200_4",
    "data_dir": "data",
    "device": "cuda",
    "epochs": 3,
    "batch_size": 64,
    "lr": 0.001,
    "patience": 10,
    "hidden_dim": 128,
    "num_layers": 2,
    "dropout": 0.1,
    "n_folds": 0,
    "fold": null,
    "hyperopt": false,
    "hyperopt_trials": 50,
    "hyperopt_metric": "quadratic_weighted_kappa",
    "output_dir": null,
    "save_model": true,
    "save_results": true,
    "verbose": false,
    "debug": false,
    "seed": 42,
    "resume": null,
    "validate_only": false,
    "save_freq": 5,
    "datasets": null,
    "all": false,
    "exclude": [],
    "parallel": false,
    "max_workers": 4,
    "model": "deep_gpcm",
    "models": null,
    "loss": "factory",
    "no_cv": false,
    "cv": false
  },
  "metrics": {
    "epoch": 3,
    "train_loss": 0.8685569337436131,
    "train_accuracy": 0.45698292565788384,
    "gradient_norm": 0.21188717761210032,
    "learning_rate": 0.001,
    "categorical_accuracy": 0.4840013249420338,
    "ordinal_accuracy": 0.7499171911228883,
    "quadratic_weighted_kappa": 0.4962832555938731,
    "mean_absolute_error": 0.860284862537264,
    "kendall_tau": 0.4530878836924221,
    "spearman_correlation": 0.5090274309108903,
    "cohen_kappa": 0.2608140912306962,
    "cat_0_accuracy": 0.8465537158259531,
    "cat_1_accuracy": 0.04866100587851078,
    "cat_2_accuracy": 0.047942876572594356,
    "cat_3_accuracy": 0.6718830169317599,
    "cat_0_precision": 0.513548236393366,
    "cat_0_recall": 0.8465537158259531,
    "cat_0_f1": 0.6392846757778424,
    "cat_1_precision": 0.22923076923076924,
    "cat_1_recall": 0.04866100587851078,
    "cat_1_f1": 0.08028017241379311,
    "cat_2_precision": 0.22705314009661837,
    "cat_2_recall": 0.047942876572594356,
    "cat_2_f1": 0.07916900617630544,
    "cat_3_precision": 0.4977194982896237,
    "cat_3_recall": 0.6718830169317599,
    "cat_3_f1": 0.5718340611353712,
    "cross_entropy": 1.1788414585849991,
    "best_epoch": 3,
    "total_epochs": 3,
    "parameters": 278555,
    "model_type": "DeepGPCM"
  },
  "training_history": [
    {
      "epoch": 1,
      "train_loss": 1.048964466367449,
      "train_accuracy": 0.3019227265952338,
      "gradient_norm": 0.2739867770246097,
      "learning_rate": 0.001,
      "categorical_accuracy": 0.39542894998343825,
      "ordinal_accuracy": 0.6927459423650215,
      "quadratic_weighted_kappa": 0.2956574603986838,
      "mean_absolute_error": 1.03696588274263,
      "kendall_tau": 0.2932487746958585,
      "spearman_correlation": 0.33732320708684915,
      "cohen_kappa": 0.1374326545876029,
      "cat_0_accuracy": 0.8011166730843281,
      "cat_1_accuracy": 0.12442847811887656,
      "cat_2_accuracy": 0.11356681400884053,
      "cat_3_accuracy": 0.28040020523345305,
      "cat_0_precision": 0.437217610591573,
      "cat_0_recall": 0.8011166730843281,
      "cat_0_f1": 0.5656991367004283,
      "cat_1_precision": 0.1948849104859335,
      "cat_1_recall": 0.12442847811887656,
      "cat_1_f1": 0.15188359577436716,
      "cat_2_precision": 0.23050379572118704,
      "cat_2_recall": 0.11356681400884053,
      "cat_2_f1": 0.15216400911161732,
      "cat_3_precision": 0.5027598896044159,
      "cat_3_recall": 0.28040020523345305,
      "cat_3_f1": 0.36001317523056653,
      "cross_entropy": 1.318187056152391
    },
    {
      "epoch": 2,
      "train_loss": 0.9208479353359768,
      "train_accuracy": 0.41625954324892767,
      "gradient_norm": 0.1821099498442241,
      "learning_rate": 0.001,
      "categorical_accuracy": 0.4734017886717456,
      "ordinal_accuracy": 0.7476647896654521,
      "quadratic_weighted_kappa": 0.4776421409299296,
      "mean_absolute_error": 0.8743292480953958,
      "kendall_tau": 0.432556507905221,
      "spearman_correlation": 0.4900671499247095,
      "cohen_kappa": 0.2481494248673226,
      "cat_0_accuracy": 0.8296110897189064,
      "cat_1_accuracy": 0.06727629000653168,
      "cat_2_accuracy": 0.07276436586195172,
      "cat_3_accuracy": 0.6200615700359159,
      "cat_0_precision": 0.5068219242531169,
      "cat_0_recall": 0.8296110897189064,
      "cat_0_f1": 0.6292348130841121,
      "cat_1_precision": 0.2217438105489774,
      "cat_1_recall": 0.06727629000653168,
      "cat_1_f1": 0.10323227261338011,
      "cat_2_precision": 0.2508792497069168,
      "cat_2_recall": 0.07276436586195172,
      "cat_2_f1": 0.11280969952556669,
      "cat_3_precision": 0.5023903554354604,
      "cat_3_recall": 0.6200615700359159,
      "cat_3_f1": 0.555057985991503,
      "cross_entropy": 1.2134863620499332
    },
    {
      "epoch": 3,
      "train_loss": 0.8685569337436131,
      "train_accuracy": 0.45698292565788384,
      "gradient_norm": 0.21188717761210032,
      "learning_rate": 0.001,
      "categorical_accuracy": 0.4840013249420338,
      "ordinal_accuracy": 0.7499171911228883,
      "quadratic_weighted_kappa": 0.4962832555938731,
      "mean_absolute_error": 0.860284862537264,
      "kendall_tau": 0.4530878836924221,
      "spearman_correlation": 0.5090274309108903,
      "cohen_kappa": 0.2608140912306962,
      "cat_0_accuracy": 0.8465537158259531,
      "cat_1_accuracy": 0.04866100587851078,
      "cat_2_accuracy": 0.047942876572594356,
      "cat_3_accuracy": 0.6718830169317599,
      "cat_0_precision": 0.513548236393366,
      "cat_0_recall": 0.8465537158259531,
      "cat_0_f1": 0.6392846757778424,
      "cat_1_precision": 0.22923076923076924,
      "cat_1_recall": 0.04866100587851078,
      "cat_1_f1": 0.08028017241379311,
      "cat_2_precision": 0.22705314009661837,
      "cat_2_recall": 0.047942876572594356,
      "cat_2_f1": 0.07916900617630544,
      "cat_3_precision": 0.4977194982896237,
      "cat_3_recall": 0.6718830169317599,
      "cat_3_f1": 0.5718340611353712,
      "cross_entropy": 1.1788414585849991
    }
  ],
  "timestamp": "2025-08-14T01:04:36.946979"
}