{
  "config": {
    "dataset": "synthetic_500_200_4",
    "data_dir": "data",
    "device": "cuda",
    "epochs": 2,
    "batch_size": 64,
    "lr": 0.001,
    "patience": 10,
    "hidden_dim": 128,
    "num_layers": 2,
    "dropout": 0.1,
    "n_folds": 3,
    "fold": 3,
    "hyperopt": false,
    "hyperopt_trials": 50,
    "hyperopt_metric": "quadratic_weighted_kappa",
    "output_dir": null,
    "save_model": true,
    "save_results": true,
    "verbose": false,
    "debug": false,
    "seed": 42,
    "resume": null,
    "validate_only": false,
    "save_freq": 5,
    "datasets": null,
    "all": false,
    "exclude": [],
    "parallel": false,
    "max_workers": 4,
    "model": "deep_gpcm",
    "models": null,
    "loss": "factory",
    "no_cv": false,
    "cv": false
  },
  "metrics": {
    "epoch": 2,
    "train_loss": 0.9274104038874308,
    "train_accuracy": 0.405100392798038,
    "gradient_norm": 0.29839589819312096,
    "learning_rate": 0.001,
    "categorical_accuracy": 0.4390918065153011,
    "ordinal_accuracy": 0.7198420533070089,
    "quadratic_weighted_kappa": 0.4166055498724417,
    "mean_absolute_error": 0.9478381046396841,
    "kendall_tau": 0.38363740350626385,
    "spearman_correlation": 0.4375800100339405,
    "cohen_kappa": 0.2088778498029561,
    "cat_0_accuracy": 0.8252724378596792,
    "cat_1_accuracy": 0.07438955139125497,
    "cat_2_accuracy": 0.08154173929885726,
    "cat_3_accuracy": 0.5312872467222884,
    "cat_0_precision": 0.4497531028960363,
    "cat_0_recall": 0.8252724378596792,
    "cat_0_f1": 0.5822139679523172,
    "cat_1_precision": 0.23254437869822486,
    "cat_1_recall": 0.07438955139125497,
    "cat_1_f1": 0.1127204933314212,
    "cat_2_precision": 0.23812217194570134,
    "cat_2_recall": 0.08154173929885726,
    "cat_2_f1": 0.12148319145866397,
    "cat_3_precision": 0.5182386281063799,
    "cat_3_recall": 0.5312872467222884,
    "cat_3_f1": 0.5246818215257854,
    "cross_entropy": 1.2544558247619977,
    "best_epoch": 2,
    "total_epochs": 2,
    "parameters": 278555,
    "model_type": "DeepGPCM"
  },
  "training_history": [
    {
      "epoch": 1,
      "train_loss": 1.0408107042312622,
      "train_accuracy": 0.30737941897792753,
      "gradient_norm": 0.3103254909316699,
      "learning_rate": 0.001,
      "categorical_accuracy": 0.3663968410661402,
      "ordinal_accuracy": 0.6721816386969398,
      "quadratic_weighted_kappa": 0.291971038616059,
      "mean_absolute_error": 1.0881342546890425,
      "kendall_tau": 0.25334007081793625,
      "spearman_correlation": 0.2978848830132702,
      "cohen_kappa": 0.1332036406820989,
      "cat_0_accuracy": 0.4902657034406759,
      "cat_1_accuracy": 0.13022903653227333,
      "cat_2_accuracy": 0.14255277939182645,
      "cat_3_accuracy": 0.5737485101311085,
      "cat_0_precision": 0.47155812036273703,
      "cat_0_recall": 0.4902657034406759,
      "cat_0_f1": 0.48072997958938646,
      "cat_1_precision": 0.23266824484274604,
      "cat_1_recall": 0.13022903653227333,
      "cat_1_f1": 0.1669902912621359,
      "cat_2_precision": 0.20478575403450194,
      "cat_2_recall": 0.14255277939182645,
      "cat_2_f1": 0.1680940961516501,
      "cat_3_precision": 0.3745016045901002,
      "cat_3_recall": 0.5737485101311085,
      "cat_3_f1": 0.45319211532803766,
      "cross_entropy": 1.3375753591862554
    },
    {
      "epoch": 2,
      "train_loss": 0.9274104038874308,
      "train_accuracy": 0.405100392798038,
      "gradient_norm": 0.29839589819312096,
      "learning_rate": 0.001,
      "categorical_accuracy": 0.4390918065153011,
      "ordinal_accuracy": 0.7198420533070089,
      "quadratic_weighted_kappa": 0.4166055498724417,
      "mean_absolute_error": 0.9478381046396841,
      "kendall_tau": 0.38363740350626385,
      "spearman_correlation": 0.4375800100339405,
      "cohen_kappa": 0.2088778498029561,
      "cat_0_accuracy": 0.8252724378596792,
      "cat_1_accuracy": 0.07438955139125497,
      "cat_2_accuracy": 0.08154173929885726,
      "cat_3_accuracy": 0.5312872467222884,
      "cat_0_precision": 0.4497531028960363,
      "cat_0_recall": 0.8252724378596792,
      "cat_0_f1": 0.5822139679523172,
      "cat_1_precision": 0.23254437869822486,
      "cat_1_recall": 0.07438955139125497,
      "cat_1_f1": 0.1127204933314212,
      "cat_2_precision": 0.23812217194570134,
      "cat_2_recall": 0.08154173929885726,
      "cat_2_f1": 0.12148319145866397,
      "cat_3_precision": 0.5182386281063799,
      "cat_3_recall": 0.5312872467222884,
      "cat_3_f1": 0.5246818215257854,
      "cross_entropy": 1.2544558247619977
    }
  ],
  "timestamp": "2025-08-14T01:05:11.154514"
}