{
  "config": {
    "dataset": "synthetic_500_200_4",
    "data_dir": "data",
    "device": "cuda",
    "epochs": 2,
    "batch_size": 64,
    "lr": 0.001,
    "patience": 10,
    "hidden_dim": 128,
    "num_layers": 2,
    "dropout": 0.1,
    "n_folds": 3,
    "fold": 2,
    "hyperopt": false,
    "hyperopt_trials": 50,
    "hyperopt_metric": "quadratic_weighted_kappa",
    "output_dir": null,
    "save_model": true,
    "save_results": true,
    "verbose": false,
    "debug": false,
    "seed": 42,
    "resume": null,
    "validate_only": false,
    "save_freq": 5,
    "datasets": null,
    "all": false,
    "exclude": [],
    "parallel": false,
    "max_workers": 4,
    "model": "deep_gpcm",
    "models": null,
    "loss": "factory",
    "no_cv": false,
    "cv": false
  },
  "metrics": {
    "epoch": 2,
    "train_loss": 0.9540021022160848,
    "train_accuracy": 0.3854967948717949,
    "gradient_norm": 0.16101102779308954,
    "learning_rate": 0.001,
    "categorical_accuracy": 0.4553955708584396,
    "ordinal_accuracy": 0.7392988496752485,
    "quadratic_weighted_kappa": 0.45626471395897195,
    "mean_absolute_error": 0.9024571562720087,
    "kendall_tau": 0.4047210601567415,
    "spearman_correlation": 0.4640499254142403,
    "cohen_kappa": 0.23260142437548825,
    "cat_0_accuracy": 0.7769955852523566,
    "cat_1_accuracy": 0.08751683015964609,
    "cat_2_accuracy": 0.10848678943154523,
    "cat_3_accuracy": 0.5915210541392151,
    "cat_0_precision": 0.4838038632986627,
    "cat_0_recall": 0.7769955852523566,
    "cat_0_f1": 0.5963096927796346,
    "cat_1_precision": 0.247014115092291,
    "cat_1_recall": 0.08751683015964609,
    "cat_1_f1": 0.12924300525493537,
    "cat_2_precision": 0.24748858447488584,
    "cat_2_recall": 0.10848678943154523,
    "cat_2_f1": 0.15084887280823825,
    "cat_3_precision": 0.512025787255145,
    "cat_3_recall": 0.5915210541392151,
    "cat_3_f1": 0.548910154173312,
    "cross_entropy": 1.256814356242847,
    "best_epoch": 2,
    "total_epochs": 2,
    "parameters": 278555,
    "model_type": "DeepGPCM"
  },
  "training_history": [
    {
      "epoch": 1,
      "train_loss": 1.0631606181462605,
      "train_accuracy": 0.28834134615384616,
      "gradient_norm": 0.2409447655081749,
      "learning_rate": 0.001,
      "categorical_accuracy": 0.3654041787307301,
      "ordinal_accuracy": 0.6648016276703967,
      "quadratic_weighted_kappa": 0.24517215716003715,
      "mean_absolute_error": 1.1086939510133813,
      "kendall_tau": 0.22255507802199456,
      "spearman_correlation": 0.2596592516775434,
      "cohen_kappa": 0.11359604039433191,
      "cat_0_accuracy": 0.6857176947858251,
      "cat_1_accuracy": 0.12752452394691285,
      "cat_2_accuracy": 0.16753402722177743,
      "cat_3_accuracy": 0.29962761386422226,
      "cat_0_precision": 0.40863196814562003,
      "cat_0_recall": 0.6857176947858251,
      "cat_0_f1": 0.5120962352417019,
      "cat_1_precision": 0.22323232323232323,
      "cat_1_recall": 0.12752452394691285,
      "cat_1_f1": 0.16232096951891295,
      "cat_2_precision": 0.22887612797374898,
      "cat_2_recall": 0.16753402722177743,
      "cat_2_f1": 0.1934589159828961,
      "cat_3_precision": 0.4298335730429423,
      "cat_3_recall": 0.29962761386422226,
      "cat_3_f1": 0.35310996708583003,
      "cross_entropy": 1.344442581549056
    },
    {
      "epoch": 2,
      "train_loss": 0.9540021022160848,
      "train_accuracy": 0.3854967948717949,
      "gradient_norm": 0.16101102779308954,
      "learning_rate": 0.001,
      "categorical_accuracy": 0.4553955708584396,
      "ordinal_accuracy": 0.7392988496752485,
      "quadratic_weighted_kappa": 0.45626471395897195,
      "mean_absolute_error": 0.9024571562720087,
      "kendall_tau": 0.4047210601567415,
      "spearman_correlation": 0.4640499254142403,
      "cohen_kappa": 0.23260142437548825,
      "cat_0_accuracy": 0.7769955852523566,
      "cat_1_accuracy": 0.08751683015964609,
      "cat_2_accuracy": 0.10848678943154523,
      "cat_3_accuracy": 0.5915210541392151,
      "cat_0_precision": 0.4838038632986627,
      "cat_0_recall": 0.7769955852523566,
      "cat_0_f1": 0.5963096927796346,
      "cat_1_precision": 0.247014115092291,
      "cat_1_recall": 0.08751683015964609,
      "cat_1_f1": 0.12924300525493537,
      "cat_2_precision": 0.24748858447488584,
      "cat_2_recall": 0.10848678943154523,
      "cat_2_f1": 0.15084887280823825,
      "cat_3_precision": 0.512025787255145,
      "cat_3_recall": 0.5915210541392151,
      "cat_3_f1": 0.548910154173312,
      "cross_entropy": 1.256814356242847
    }
  ],
  "timestamp": "2025-08-14T01:05:04.549887"
}