{
  "config": {
    "model": "attn_gpcm_linear",
    "models": null,
    "dataset": "synthetic_500_200_4",
    "epochs": 5,
    "batch_size": 64,
    "lr": 0.001,
    "n_folds": 0,
    "no_cv": false,
    "cv": false,
    "seed": 42,
    "device": null,
    "enable_threshold_coupling": false,
    "coupling_type": "linear",
    "threshold_gpcm_weight": 0.7,
    "threshold_coral_weight": 0.3
  },
  "metrics": {
    "epoch": 4,
    "train_loss": 0.9540884069034031,
    "train_accuracy": 0.41389132702913073,
    "gradient_norm": 5.078866243362427,
    "learning_rate": 0.001,
    "categorical_accuracy": 0.48128519377277246,
    "ordinal_accuracy": 0.7469360715468698,
    "quadratic_weighted_kappa": 0.48695887181197917,
    "mean_absolute_error": 0.8684332560450481,
    "kendall_tau": 0.4418026160490072,
    "spearman_correlation": 0.49731770462685937,
    "cohen_kappa": 0.25787994968264716,
    "cat_0_accuracy": 0.8301886792452831,
    "cat_1_accuracy": 0.05878510777269758,
    "cat_2_accuracy": 0.058143488609316556,
    "cat_3_accuracy": 0.6675218060543868,
    "cat_0_precision": 0.5081310393589441,
    "cat_0_recall": 0.8301886792452831,
    "cat_0_f1": 0.6304093567251462,
    "cat_1_precision": 0.24258760107816713,
    "cat_1_recall": 0.05878510777269758,
    "cat_1_f1": 0.0946372239747634,
    "cat_2_precision": 0.26226993865030673,
    "cat_2_recall": 0.058143488609316556,
    "cat_2_f1": 0.0951850821040913,
    "cat_3_precision": 0.49894534995206136,
    "cat_3_recall": 0.6675218060543868,
    "cat_3_f1": 0.571052342806979,
    "cross_entropy": 1.2441034319471445,
    "best_epoch": 4,
    "total_epochs": 5,
    "parameters": 241243,
    "model_type": "EnhancedAttentionGPCM"
  },
  "training_history": [
    {
      "epoch": 1,
      "train_loss": 1.101140754563468,
      "train_accuracy": 0.26745938426378285,
      "gradient_norm": 1.8554552144237928,
      "learning_rate": 0.001,
      "categorical_accuracy": 0.3411725736999006,
      "ordinal_accuracy": 0.551374627360053,
      "quadratic_weighted_kappa": 0.0048737443806639025,
      "mean_absolute_error": 1.35925803246108,
      "kendall_tau": 0.0277590654685888,
      "spearman_correlation": 0.030420414884167035,
      "cohen_kappa": 0.0005868398832729049,
      "cat_0_accuracy": 0.9788217173661917,
      "cat_1_accuracy": 0.011103853690398433,
      "cat_2_accuracy": 0.0034002040122407345,
      "cat_3_accuracy": 0.005643919958953309,
      "cat_0_precision": 0.34568572788468077,
      "cat_0_recall": 0.9788217173661917,
      "cat_0_f1": 0.5109290990402492,
      "cat_1_precision": 0.1574074074074074,
      "cat_1_recall": 0.011103853690398433,
      "cat_1_f1": 0.020744356314826115,
      "cat_2_precision": 0.1388888888888889,
      "cat_2_recall": 0.0034002040122407345,
      "cat_2_f1": 0.006637902422834384,
      "cat_3_precision": 0.22,
      "cat_3_recall": 0.005643919958953309,
      "cat_3_f1": 0.011005502751375688,
      "cross_entropy": 1.377922278116237
    },
    {
      "epoch": 2,
      "train_loss": 1.060980933053153,
      "train_accuracy": 0.32255767351738074,
      "gradient_norm": 0.09529790175812584,
      "learning_rate": 0.001,
      "categorical_accuracy": 0.34276250414044385,
      "ordinal_accuracy": 0.55071215634316,
      "quadratic_weighted_kappa": 0.004909046320620281,
      "mean_absolute_error": 1.36018549188473,
      "kendall_tau": 0.027251133616003252,
      "spearman_correlation": 0.029836054068967145,
      "cohen_kappa": 0.001356766481558247,
      "cat_0_accuracy": 0.9863303812090874,
      "cat_1_accuracy": 0.007838014369693011,
      "cat_2_accuracy": 0.0027201632097925877,
      "cat_3_accuracy": 0.0048742945100051305,
      "cat_0_precision": 0.34542512305306455,
      "cat_0_recall": 0.9863303812090874,
      "cat_0_f1": 0.5116604244694133,
      "cat_1_precision": 0.17391304347826086,
      "cat_1_recall": 0.007838014369693011,
      "cat_1_f1": 0.015,
      "cat_2_precision": 0.16,
      "cat_2_recall": 0.0027201632097925877,
      "cat_2_f1": 0.005349381477766633,
      "cat_3_precision": 0.25,
      "cat_3_recall": 0.0048742945100051305,
      "cat_3_f1": 0.009562154001006542,
      "cross_entropy": 1.369280370048651
    },
    {
      "epoch": 3,
      "train_loss": 1.0430378232683455,
      "train_accuracy": 0.3251080602156236,
      "gradient_norm": 0.9274913966655731,
      "learning_rate": 0.001,
      "categorical_accuracy": 0.3829744948658496,
      "ordinal_accuracy": 0.6198078834051011,
      "quadratic_weighted_kappa": 0.17337273107396234,
      "mean_absolute_error": 1.1809208347134812,
      "kendall_tau": 0.28435054655005776,
      "spearman_correlation": 0.3164581111424114,
      "cohen_kappa": 0.08071851120196805,
      "cat_0_accuracy": 0.9730458221024259,
      "cat_1_accuracy": 0.026779882429784456,
      "cat_2_accuracy": 0.02788167290037402,
      "cat_3_accuracy": 0.1444330425859415,
      "cat_0_precision": 0.38486140724946694,
      "cat_0_recall": 0.9730458221024259,
      "cat_0_f1": 0.5515660809778457,
      "cat_1_precision": 0.11988304093567251,
      "cat_1_recall": 0.026779882429784456,
      "cat_1_f1": 0.04378003203416978,
      "cat_2_precision": 0.21298701298701297,
      "cat_2_recall": 0.02788167290037402,
      "cat_2_f1": 0.04930847865303668,
      "cat_3_precision": 0.6297539149888143,
      "cat_3_recall": 0.1444330425859415,
      "cat_3_f1": 0.23497495826377296,
      "cross_entropy": 1.279550853817012
    },
    {
      "epoch": 4,
      "train_loss": 0.9540884069034031,
      "train_accuracy": 0.41389132702913073,
      "gradient_norm": 5.078866243362427,
      "learning_rate": 0.001,
      "categorical_accuracy": 0.48128519377277246,
      "ordinal_accuracy": 0.7469360715468698,
      "quadratic_weighted_kappa": 0.48695887181197917,
      "mean_absolute_error": 0.8684332560450481,
      "kendall_tau": 0.4418026160490072,
      "spearman_correlation": 0.49731770462685937,
      "cohen_kappa": 0.25787994968264716,
      "cat_0_accuracy": 0.8301886792452831,
      "cat_1_accuracy": 0.05878510777269758,
      "cat_2_accuracy": 0.058143488609316556,
      "cat_3_accuracy": 0.6675218060543868,
      "cat_0_precision": 0.5081310393589441,
      "cat_0_recall": 0.8301886792452831,
      "cat_0_f1": 0.6304093567251462,
      "cat_1_precision": 0.24258760107816713,
      "cat_1_recall": 0.05878510777269758,
      "cat_1_f1": 0.0946372239747634,
      "cat_2_precision": 0.26226993865030673,
      "cat_2_recall": 0.058143488609316556,
      "cat_2_f1": 0.0951850821040913,
      "cat_3_precision": 0.49894534995206136,
      "cat_3_recall": 0.6675218060543868,
      "cat_3_f1": 0.571052342806979,
      "cross_entropy": 1.2441034319471445
    },
    {
      "epoch": 5,
      "train_loss": 0.9154646566935948,
      "train_accuracy": 0.43798751304175015,
      "gradient_norm": 3.6807601111275807,
      "learning_rate": 0.001,
      "categorical_accuracy": 0.4357734349122226,
      "ordinal_accuracy": 0.6991056641271944,
      "quadratic_weighted_kappa": 0.41247646535731064,
      "mean_absolute_error": 1.0005962239152038,
      "kendall_tau": 0.4230163874274467,
      "spearman_correlation": 0.47584286359631905,
      "cohen_kappa": 0.22083547847724783,
      "cat_0_accuracy": 0.5254139391605699,
      "cat_1_accuracy": 0.06139777922926192,
      "cat_2_accuracy": 0.046582794967698064,
      "cat_3_accuracy": 0.9040533606977937,
      "cat_0_precision": 0.6615757575757576,
      "cat_0_recall": 0.5254139391605699,
      "cat_0_f1": 0.5856851593518618,
      "cat_1_precision": 0.2543978349120433,
      "cat_1_recall": 0.06139777922926192,
      "cat_1_f1": 0.09892133649039726,
      "cat_2_precision": 0.18413978494623656,
      "cat_2_recall": 0.046582794967698064,
      "cat_2_f1": 0.07435549525101764,
      "cat_3_precision": 0.3714556761884684,
      "cat_3_recall": 0.9040533606977937,
      "cat_3_f1": 0.5265595816212177,
      "cross_entropy": 1.2569795500477376
    }
  ],