{
  "config": {
    "dataset": "assist2015_dkvmn",
    "data_dir": "data",
    "device": "cuda",
    "epochs": 15,
    "batch_size": 64,
    "lr": 0.001,
    "patience": 10,
    "hidden_dim": 128,
    "num_layers": 2,
    "dropout": 0.1,
    "n_folds": 0,
    "fold": null,
    "hyperopt": false,
    "hyperopt_trials": 50,
    "hyperopt_metric": "quadratic_weighted_kappa",
    "output_dir": null,
    "save_model": true,
    "save_results": true,
    "verbose": false,
    "debug": false,
    "seed": 42,
    "resume": null,
    "validate_only": false,
    "save_freq": 5,
    "datasets": null,
    "all": false,
    "exclude": [],
    "parallel": false,
    "max_workers": 4,
    "model": "DEEP-GPCM",
    "models": null,
    "loss": "factory",
    "no_cv": false,
    "cv": false,
    "adaptive": true,
    "no_adaptive": false,
    "adaptive_epochs": "5,15,40",
    "adaptive_arch": true,
    "adaptive_learning": true
  },
  "metrics": {
    "epoch": 6,
    "train_loss": 0.4843673560648195,
    "train_accuracy": 0.7387925282306141,
    "gradient_norm": 0.0644956695877256,
    "learning_rate": 0.001,
    "categorical_accuracy": 0.7457256270189159,
    "ordinal_accuracy": 1.0,
    "quadratic_weighted_kappa": 0.07268428587451536,
    "mean_absolute_error": 0.2542743729810841,
    "kendall_tau": 0.1477904961528941,
    "spearman_correlation": 0.1477904961528941,
    "cohen_kappa": 0.07268428587451536,
    "cat_0_accuracy": 0.061965571557155714,
    "cat_1_accuracy": 0.989471678816015,
    "cat_0_precision": 0.6772210267445435,
    "cat_0_recall": 0.061965571557155714,
    "cat_0_f1": 0.11354206932096379,
    "cat_1_precision": 0.7474134666363705,
    "cat_1_recall": 0.989471678816015,
    "cat_1_f1": 0.8515755454973011,
    "cross_entropy": 0.5199988081401345,
    "best_epoch": 6,
    "total_epochs": 15,
    "parameters": 88857,
    "model_type": "DeepGPCM"
  },
  "training_history": [
    {
      "epoch": 1,
      "train_loss": 0.5161679998761223,
      "train_accuracy": 0.7293452539387951,
      "gradient_norm": 0.11390506821654496,
      "learning_rate": 0.001,
      "categorical_accuracy": 0.742480577751824,
      "ordinal_accuracy": 1.0,
      "quadratic_weighted_kappa": 0.04995130591115449,
      "mean_absolute_error": 0.25751942224817603,
      "kendall_tau": 0.11757800197521773,
      "spearman_correlation": 0.11757800197521773,
      "cohen_kappa": 0.04995130591115449,
      "cat_0_accuracy": 0.04317619261926193,
      "cat_1_accuracy": 0.9917678555313794,
      "cat_0_precision": 0.6515280135823429,
      "cat_0_recall": 0.04317619261926193,
      "cat_0_f1": 0.0809855439485069,
      "cat_1_precision": 0.7440926222663568,
      "cat_1_recall": 0.9917678555313794,
      "cat_1_f1": 0.8502608979704115,
      "cross_entropy": 0.5304839650134485
    },
    {
      "epoch": 2,
      "train_loss": 0.4899956057629278,
      "train_accuracy": 0.7372757138325452,
      "gradient_norm": 0.07482063002704133,
      "learning_rate": 0.001,
      "categorical_accuracy": 0.7422366446634093,
      "ordinal_accuracy": 1.0,
      "quadratic_weighted_kappa": 0.03823879868361402,
      "mean_absolute_error": 0.2577633553365907,
      "kendall_tau": 0.11165815922738559,
      "spearman_correlation": 0.1116581592273856,
      "cohen_kappa": 0.03823879868361424,
      "cat_0_accuracy": 0.030490549054905492,
      "cat_1_accuracy": 0.995959130059861,
      "cat_0_precision": 0.7289845326160054,
      "cat_0_recall": 0.030490549054905492,
      "cat_0_f1": 0.05853289775641891,
      "cat_1_precision": 0.7423839277706359,
      "cat_1_recall": 0.995959130059861,
      "cat_1_f1": 0.8506767954026729,
      "cross_entropy": 0.5252291554336908
    },
    {
      "epoch": 3,
      "train_loss": 0.4869689239609626,
      "train_accuracy": 0.7380250055604374,
      "gradient_norm": 0.0712655718558498,
      "learning_rate": 0.001,
      "categorical_accuracy": 0.742850173340331,
      "ordinal_accuracy": 1.0,
      "quadratic_weighted_kappa": 0.046751833650567454,
      "mean_absolute_error": 0.257149826659669,
      "kendall_tau": 0.11912103178785591,
      "spearman_correlation": 0.11912103178785591,
      "cohen_kappa": 0.046751833650567676,
      "cat_0_accuracy": 0.038675742574257425,
      "cat_1_accuracy": 0.9938735197681764,
      "cat_0_precision": 0.6923464249748238,
      "cat_0_recall": 0.038675742574257425,
      "cat_0_f1": 0.07325909744791945,
      "cat_1_precision": 0.7436026317171429,
      "cat_1_recall": 0.9938735197681764,
      "cat_1_f1": 0.8507132190123076,
      "cross_entropy": 0.5235211849543194
    },
    {
      "epoch": 4,
      "train_loss": 0.4858615620722694,
      "train_accuracy": 0.738300292788933,
      "gradient_norm": 0.0703749572708001,
      "learning_rate": 0.001,
      "categorical_accuracy": 0.7447055431946364,
      "ordinal_accuracy": 1.0,
      "quadratic_weighted_kappa": 0.05960748431184526,
      "mean_absolute_error": 0.25529445680536356,
      "kendall_tau": 0.13716479037954601,
      "spearman_correlation": 0.13716479037954601,
      "cohen_kappa": 0.05960748431184526,
      "cat_0_accuracy": 0.04908303330333033,
      "cat_1_accuracy": 0.9926803100339915,
      "cat_0_precision": 0.705050505050505,
      "cat_0_recall": 0.04908303330333033,
      "cat_0_f1": 0.09177689536382044,
      "cat_1_precision": 0.7454445515330401,
      "cat_1_recall": 0.9926803100339915,
      "cat_1_f1": 0.851478676695092,
      "cross_entropy": 0.5227080554797076
    },
    {
      "epoch": 5,
      "train_loss": 0.4850401968484925,
      "train_accuracy": 0.7388508672459245,
      "gradient_norm": 0.06593976916384793,
      "learning_rate": 0.001,
      "categorical_accuracy": 0.7436928512821271,
      "ordinal_accuracy": 1.0,
      "quadratic_weighted_kappa": 0.05118303857764106,
      "mean_absolute_error": 0.2563071487178729,
      "kendall_tau": 0.1272903306471109,
      "spearman_correlation": 0.12729033064711087,
      "cohen_kappa": 0.05118303857764106,
      "cat_0_accuracy": 0.04176980198019802,
      "cat_1_accuracy": 0.9939136276584011,
      "cat_0_precision": 0.7098470363288719,
      "cat_0_recall": 0.04176980198019802,
      "cat_0_f1": 0.07889703538412496,
      "cat_1_precision": 0.7442244596106343,
      "cat_1_recall": 0.9939136276584011,
      "cat_1_f1": 0.851134714625497,
      "cross_entropy": 0.5216008112188241
    },
    {
      "epoch": 6,
      "train_loss": 0.4843673560648195,
      "train_accuracy": 0.7387925282306141,
      "gradient_norm": 0.0644956695877256,
      "learning_rate": 0.001,
      "categorical_accuracy": 0.7457256270189159,
      "ordinal_accuracy": 1.0,
      "quadratic_weighted_kappa": 0.07268428587451536,
      "mean_absolute_error": 0.2542743729810841,
      "kendall_tau": 0.1477904961528941,
      "spearman_correlation": 0.1477904961528941,
      "cohen_kappa": 0.07268428587451536,
      "cat_0_accuracy": 0.061965571557155714,
      "cat_1_accuracy": 0.989471678816015,
      "cat_0_precision": 0.6772210267445435,
      "cat_0_recall": 0.061965571557155714,
      "cat_0_f1": 0.11354206932096379,
      "cat_1_precision": 0.7474134666363705,
      "cat_1_recall": 0.989471678816015,
      "cat_1_f1": 0.8515755454973011,
      "cross_entropy": 0.5199988081401345
    },
    {
      "epoch": 7,
      "train_loss": 0.4837434242569631,
      "train_accuracy": 0.7391407392282477,
      "gradient_norm": 0.06410160449694001,
      "learning_rate": 0.001,
      "categorical_accuracy": 0.7452303689303165,
      "ordinal_accuracy": 1.0,
      "quadratic_weighted_kappa": 0.06368148715683108,
      "mean_absolute_error": 0.25476963106968353,
      "kendall_tau": 0.1419833153106483,
      "spearman_correlation": 0.14198331531064834,
      "cohen_kappa": 0.06368148715683108,
      "cat_0_accuracy": 0.05257088208820882,
      "cat_1_accuracy": 0.9921488804885141,
      "cat_0_precision": 0.7047511312217195,
      "cat_0_recall": 0.05257088208820882,
      "cat_0_f1": 0.09784315778452518,