{
  "model_name": "attn_gpcm_learn",
  "dataset": "synthetic_500_200_4",
  "config": {
    "adaptive_epochs": true,
    "architectural_params": true,
    "learning_params": true,
    "min_epochs": 5,
    "intermediate_epochs": 15,
    "max_epochs": 40
  },
  "performance_comparison": {},
  "trial_history": [
    {
      "trial_id": 41,
      "params": {
        "memory_size": 50,
        "final_fc_dim": 50,
        "dropout_rate": 0.2,
        "embed_dim": 64,
        "n_heads": 4,
        "n_cycles": 2,
        "ce_weight_logit": 1.6258830563020639,
        "focal_weight_logit": -0.0043110962072216985,
        "key_dim": 128,
        "value_dim": 256,
        "lr": 0.002973540027289049,
        "weight_decay": 0.00021179165579111154,
        "batch_size": 32,
        "grad_clip": 4.9043032684598336,
        "label_smoothing": 0.1800534747604855
      },
      "score": 0.6253805055703593,
      "cv_std": 0.015320269571697994,
      "early_stopped": false,
      "training_time": 169.5204529762268,
      "epochs_used": 5
    },
    {
      "trial_id": 42,
      "params": {
        "memory_size": 50,
        "final_fc_dim": 50,
        "dropout_rate": 0.2,
        "embed_dim": 32,
        "n_heads": 4,
        "n_cycles": 2,
        "ce_weight_logit": 1.379698612133537,
        "focal_weight_logit": -0.16971353987475268,
        "key_dim": 128,
        "value_dim": 256,
        "lr": 0.0034573773364022344,
        "weight_decay": 0.0002405773178349445,
        "batch_size": 32,
        "grad_clip": 5.0,
        "label_smoothing": 0.19937453775281266
      },
      "score": 0.6270897783879755,
      "cv_std": 0.016399414654413132,
      "early_stopped": false,
      "training_time": 171.90910482406616,
      "epochs_used": 5
    },
    {
      "trial_id": 43,
      "params": {
        "memory_size": 50,
        "final_fc_dim": 50,
        "dropout_rate": 0.2,
        "embed_dim": 32,
        "n_heads": 4,
        "n_cycles": 2,
        "ce_weight_logit": 1.4408955619962702,
        "focal_weight_logit": -0.11545920754173444,
        "key_dim": 128,
        "value_dim": 256,
        "lr": 0.0030418880745219576,
        "weight_decay": 0.00022509140477346064,
        "batch_size": 32,
        "grad_clip": 4.909496055788167,
        "label_smoothing": 0.19155600871214806
      },
      "score": 0.6276416782274528,
      "cv_std": 0.0165962905685661,
      "early_stopped": false,
      "training_time": 169.32414412498474,
      "epochs_used": 5
    },
    {
      "trial_id": 44,
      "params": {
        "memory_size": 50,
        "final_fc_dim": 50,
        "dropout_rate": 0.2,
        "embed_dim": 32,
        "n_heads": 4,
        "n_cycles": 2,
        "ce_weight_logit": 1.4386304807361312,
        "focal_weight_logit": -0.11175066901919362,
        "key_dim": 128,
        "value_dim": 256,
        "lr": 0.003025257802360962,
        "weight_decay": 0.00022328057058528694,
        "batch_size": 32,
        "grad_clip": 4.912584075082082,
        "label_smoothing": 0.19140920640637263
      },
      "score": 0.6268425192142373,
      "cv_std": 0.016889997705934547,
      "early_stopped": false,
      "training_time": 171.87300515174866,
      "epochs_used": 5
    },
    {
      "trial_id": 45,
      "params": {
        "memory_size": 50,
        "final_fc_dim": 50,
        "dropout_rate": 0.2,
        "embed_dim": 32,
        "n_heads": 4,
        "n_cycles": 2,
        "ce_weight_logit": 1.4306593384192086,
        "focal_weight_logit": -0.14549634322017702,
        "key_dim": 128,
        "value_dim": 256,
        "lr": 0.0033060090734628477,
        "weight_decay": 0.00022663007375986607,
        "batch_size": 32,
        "grad_clip": 4.980490730441476,
        "label_smoothing": 0.19484593007864948
      },
      "score": 0.6264038515933308,
      "cv_std": 0.016532875204818005,
      "early_stopped": false,
      "training_time": 168.10204601287842,
      "epochs_used": 5
    },
    {
      "trial_id": 46,
      "params": {
        "memory_size": 50,
        "final_fc_dim": 50,
        "dropout_rate": 0.2,
        "embed_dim": 32,
        "n_heads": 4,
        "n_cycles": 2,
        "ce_weight_logit": 1.4515991982629974,
        "focal_weight_logit": -0.37248258430345493,
        "key_dim": 128,
        "value_dim": 256,
        "lr": 0.004111579862511081,
        "weight_decay": 0.0002656689853565418,
        "batch_size": 32,
        "grad_clip": 5.0,
        "label_smoothing": 0.2
      },
      "score": 0.6293075969492261,
      "cv_std": 0.019090457491137063,
      "early_stopped": false,
      "training_time": 175.409277677536,
      "epochs_used": 5
    },
    {
      "trial_id": 47,
      "params": {
        "memory_size": 50,
        "final_fc_dim": 50,
        "dropout_rate": 0.2,
        "embed_dim": 32,
        "n_heads": 4,
        "n_cycles": 2,
        "ce_weight_logit": 1.4789616054690713,
        "focal_weight_logit": -0.4558633787321258,
        "key_dim": 128,
        "value_dim": 256,
        "lr": 0.004377944131323083,
        "weight_decay": 0.0002750496239334286,
        "batch_size": 32,
        "grad_clip": 5.0,
        "label_smoothing": 0.2
      },
      "score": 0.6320400016937342,
      "cv_std": 0.01866106060347934,
      "early_stopped": false,
      "training_time": 166.3482232093811,
      "epochs_used": 5
    },
    {
      "trial_id": 48,
      "params": {
        "memory_size": 50,
        "final_fc_dim": 50,
        "dropout_rate": 0.2,
        "embed_dim": 32,
        "n_heads": 4,
        "n_cycles": 2,
        "ce_weight_logit": 1.6796337070745686,
        "focal_weight_logit": -0.6978319416121279,
        "key_dim": 128,
        "value_dim": 256,
        "lr": 0.005894661407157569,
        "weight_decay": 0.0003072742007005201,
        "batch_size": 32,
        "grad_clip": 5.0,
        "label_smoothing": 0.2
      },
      "score": 0.6370393418812353,
      "cv_std": 0.016021959877893694,
      "early_stopped": false,
      "training_time": 176.56505370140076,
      "epochs_used": 5
    },
    {
      "trial_id": 49,
      "params": {
        "memory_size": 50,
        "final_fc_dim": 50,
        "dropout_rate": 0.2,
        "embed_dim": 32,
        "n_heads": 4,
        "n_cycles": 2,
        "ce_weight_logit": 1.504730259284547,
        "focal_weight_logit": -0.6283001946919953,
        "key_dim": 128,
        "value_dim": 256,
        "lr": 0.0047709037928173464,
        "weight_decay": 0.0002868817652814796,
        "batch_size": 32,
        "grad_clip": 5.0,
        "label_smoothing": 0.2
      },
      "score": 0.6307155077053703,
      "cv_std": 0.02009846076714534,
      "early_stopped": false,
      "training_time": 168.51217794418335,
      "epochs_used": 5
    },
    {
      "trial_id": 50,
      "params": {
        "memory_size": 50,
        "final_fc_dim": 50,
        "dropout_rate": 0.2,
        "embed_dim": 32,
        "n_heads": 4,
        "n_cycles": 2,
        "ce_weight_logit": 1.9259269010839626,
        "focal_weight_logit": -0.2790051405558278,
        "key_dim": 128,
        "value_dim": 256,
        "lr": 0.006633431778634425,
        "weight_decay": 0.00042961731905775036,
        "batch_size": 32,
        "grad_clip": 5.0,
        "label_smoothing": 0.2
      },
      "score": 0.6315798879945226,
      "cv_std": 0.014008611325859429,
      "early_stopped": false,
      "training_time": 175.4732482433319,
      "epochs_used": 5
    }
  ],
  "timestamp": "2025-08-14T20:37:00.911897"
}