{
  "config": {
    "dataset": "synthetic_500_200_4",
    "data_dir": "data",
    "device": "cuda",
    "epochs": 1,
    "batch_size": 64,
    "lr": 0.001,
    "patience": 10,
    "hidden_dim": 128,
    "num_layers": 2,
    "dropout": 0.1,
    "n_folds": 0,
    "fold": null,
    "hyperopt": false,
    "hyperopt_trials": 50,
    "hyperopt_metric": "quadratic_weighted_kappa",
    "output_dir": null,
    "save_model": true,
    "save_results": true,
    "verbose": false,
    "debug": false,
    "seed": 42,
    "resume": null,
    "validate_only": false,
    "save_freq": 5,
    "datasets": null,
    "all": false,
    "exclude": [],
    "parallel": false,
    "max_workers": 4,
    "model": "deep_gpcm",
    "models": null,
    "loss": "factory",
    "no_cv": false,
    "cv": false,
    "adaptive": true,
    "no_adaptive": false,
    "adaptive_epochs": "5,15,40",
    "adaptive_arch": true,
    "adaptive_learning": true
  },
  "metrics": {
    "epoch": 1,
    "train_loss": 0.8984316161700657,
    "train_accuracy": 0.32846993359058013,
    "gradient_norm": 0.2503362425736019,
    "learning_rate": 0.001,
    "categorical_accuracy": 0.4259026167605167,
    "ordinal_accuracy": 0.7317654852600198,
    "quadratic_weighted_kappa": 0.43064235260160943,
    "mean_absolute_error": 0.9442861874792978,
    "kendall_tau": 0.3833782746125417,
    "spearman_correlation": 0.4443766496958718,
    "cohen_kappa": 0.20836314353661067,
    "cat_0_accuracy": 0.5648825567963034,
    "cat_1_accuracy": 0.11985630306988897,
    "cat_2_accuracy": 0.1139068344100646,
    "cat_3_accuracy": 0.7165212929707543,
    "cat_0_precision": 0.570262390670554,
    "cat_0_recall": 0.5648825567963034,
    "cat_0_f1": 0.5675597253119257,
    "cat_1_precision": 0.2212176009644364,
    "cat_1_recall": 0.11985630306988897,
    "cat_1_f1": 0.15547553484431265,
    "cat_2_precision": 0.2128335451080051,
    "cat_2_recall": 0.1139068344100646,
    "cat_2_f1": 0.14839424141749724,
    "cat_3_precision": 0.41581062974542204,
    "cat_3_recall": 0.7165212929707543,
    "cat_3_f1": 0.5262364578426755,
    "cross_entropy": 1.2953601229956797,
    "best_epoch": 1,
    "total_epochs": 1,
    "parameters": 283705,
    "model_type": "DeepGPCM"
  },
  "training_history": [
    {
      "epoch": 1,
      "train_loss": 0.8984316161700657,
      "train_accuracy": 0.32846993359058013,
      "gradient_norm": 0.2503362425736019,
      "learning_rate": 0.001,
      "categorical_accuracy": 0.4259026167605167,
      "ordinal_accuracy": 0.7317654852600198,
      "quadratic_weighted_kappa": 0.43064235260160943,
      "mean_absolute_error": 0.9442861874792978,
      "kendall_tau": 0.3833782746125417,
      "spearman_correlation": 0.4443766496958718,
      "cohen_kappa": 0.20836314353661067,
      "cat_0_accuracy": 0.5648825567963034,
      "cat_1_accuracy": 0.11985630306988897,
      "cat_2_accuracy": 0.1139068344100646,
      "cat_3_accuracy": 0.7165212929707543,
      "cat_0_precision": 0.570262390670554,
      "cat_0_recall": 0.5648825567963034,
      "cat_0_f1": 0.5675597253119257,
      "cat_1_precision": 0.2212176009644364,
      "cat_1_recall": 0.11985630306988897,
      "cat_1_f1": 0.15547553484431265,
      "cat_2_precision": 0.2128335451080051,
      "cat_2_recall": 0.1139068344100646,
      "cat_2_f1": 0.14839424141749724,
      "cat_3_precision": 0.41581062974542204,
      "cat_3_recall": 0.7165212929707543,
      "cat_3_f1": 0.5262364578426755,
      "cross_entropy": 1.2953601229956797
    }
  ],
  "timestamp": "2025-08-14T13:39:16.374259"
}