{
  "best_qwk": 0.5914468683136169,
  "total_epochs": 5,
  "metrics_history": [
    {
      "loss": 0.6108835935592651,
      "categorical_accuracy": 0.5304545454545454,
      "ordinal_accuracy": 0.6931818181818182,
      "quadratic_weighted_kappa": 0.273432722589529,
      "mean_absolute_error": 0.9427272727272727,
      "kendall_tau": 0.27501939518927637,
      "spearman_correlation": 0.29620216438567487,
      "cohen_kappa": 0.16062777068195633,
      "cat_0_accuracy": 0.9134255985453076,
      "cat_1_accuracy": 0.0,
      "cat_2_accuracy": 0.00034002040122407346,
      "cat_3_accuracy": 0.3745510518214469,
      "cat_0_true_count": "9899",
      "cat_0_pred_count": "15923",
      "cat_1_true_count": "3062",
      "cat_1_pred_count": "1",
      "cat_2_true_count": "2941",
      "cat_2_pred_count": "1",
      "cat_3_true_count": "3898",
      "cat_3_pred_count": "3875",
      "cat_0_precision": 0.5678578157382402,
      "cat_0_recall": 0.9134255985453076,
      "cat_0_f1": 0.700333049337774,
      "cat_1_precision": 0.0,
      "cat_1_recall": 0.0,
      "cat_1_f1": 0.0,
      "cat_2_precision": 1.0,
      "cat_2_recall": 0.00034002040122407346,
      "cat_2_f1": 0.0006798096532970768,
      "cat_3_precision": 0.3767741935483871,
      "cat_3_recall": 0.3745510518214469,
      "cat_3_f1": 0.37565933359063425,
      "cross_entropy": 1.138982086458433,
      "mean_confidence": "0.4422023"
    },
    {
      "loss": 0.5534852913447789,
      "categorical_accuracy": 0.559949494949495,
      "ordinal_accuracy": 0.7324747474747475,
      "quadratic_weighted_kappa": 0.4675044862468538,
      "mean_absolute_error": 0.8444444444444444,
      "kendall_tau": 0.45402453609508353,
      "spearman_correlation": 0.4889677958549678,
      "cohen_kappa": 0.29167173155836146,
      "cat_0_accuracy": 0.8274573189211032,
      "cat_1_accuracy": 0.0,
      "cat_2_accuracy": 0.0,
      "cat_3_accuracy": 0.7429451000513083,
      "cat_0_true_count": "9899",
      "cat_0_pred_count": "11882",
      "cat_1_true_count": "3062",
      "cat_1_pred_count": "0",
      "cat_2_true_count": "2941",
      "cat_2_pred_count": "0",
      "cat_3_true_count": "3898",
      "cat_3_pred_count": "7918",
      "cat_0_precision": 0.6893620602592156,
      "cat_0_recall": 0.8274573189211032,
      "cat_0_f1": 0.7521234103117396,
      "cat_1_precision": 0.0,
      "cat_1_recall": 0.0,
      "cat_1_f1": 0.0,
      "cat_2_precision": 0.0,
      "cat_2_recall": 0.0,
      "cat_2_f1": 0.0,
      "cat_3_precision": 0.36574892649659,
      "cat_3_recall": 0.7429451000513083,
      "cat_3_f1": 0.4901828029790115,
      "cross_entropy": 1.1230599992135644,
      "mean_confidence": "0.66211814"
    },
    {
      "loss": 0.5297019311359951,
      "categorical_accuracy": 0.5411616161616162,
      "ordinal_accuracy": 0.7092929292929293,
      "quadratic_weighted_kappa": 0.48881961130604035,
      "mean_absolute_error": 0.9052020202020202,
      "kendall_tau": 0.5496621831867614,
      "spearman_correlation": 0.5919660388604506,
      "cohen_kappa": 0.32250871111476986,
      "cat_0_accuracy": 0.7069400949590868,
      "cat_1_accuracy": 0.0,
      "cat_2_accuracy": 0.0,
      "cat_3_accuracy": 0.9535659312467932,
      "cat_0_true_count": "9899",
      "cat_0_pred_count": "8223",
      "cat_1_true_count": "3062",
      "cat_1_pred_count": "0",
      "cat_2_true_count": "2941",
      "cat_2_pred_count": "0",
      "cat_3_true_count": "3898",
      "cat_3_pred_count": "11577",
      "cat_0_precision": 0.8510276054967774,
      "cat_0_recall": 0.7069400949590868,
      "cat_0_f1": 0.772320935879042,
      "cat_1_precision": 0.0,
      "cat_1_recall": 0.0,
      "cat_1_f1": 0.0,
      "cat_2_precision": 0.0,
      "cat_2_recall": 0.0,
      "cat_2_f1": 0.0,
      "cat_3_precision": 0.321067634102099,
      "cat_3_recall": 0.9535659312467932,
      "cat_3_f1": 0.4803877221324717,
      "cross_entropy": 1.2774677930362708,
      "mean_confidence": "0.722335"
    },
    {
      "loss": 0.5214657783508301,
      "categorical_accuracy": 0.5646969696969697,
      "ordinal_accuracy": 0.7375252525252525,
      "quadratic_weighted_kappa": 0.5343186884532423,
      "mean_absolute_error": 0.8298989898989899,
      "kendall_tau": 0.5805540100432599,
      "spearman_correlation": 0.6252354049124915,
      "cohen_kappa": 0.3485578740504913,
      "cat_0_accuracy": 0.7516920901101122,
      "cat_1_accuracy": 0.0,
      "cat_2_accuracy": 0.0,
      "cat_3_accuracy": 0.9594663930220626,
      "cat_0_true_count": "9899",
      "cat_0_pred_count": "8814",
      "cat_1_true_count": "3062",
      "cat_1_pred_count": "0",
      "cat_2_true_count": "2941",
      "cat_2_pred_count": "0",
      "cat_3_true_count": "3898",
      "cat_3_pred_count": "10986",
      "cat_0_precision": 0.8442250964374858,
      "cat_0_recall": 0.7516920901101122,
      "cat_0_f1": 0.7952760113290226,
      "cat_1_precision": 0.0,
      "cat_1_recall": 0.0,
      "cat_1_f1": 0.0,
      "cat_2_precision": 0.0,
      "cat_2_recall": 0.0,
      "cat_2_f1": 0.0,
      "cat_3_precision": 0.3404332787183688,
      "cat_3_recall": 0.9594663930220626,
      "cat_3_f1": 0.5025530771298038,
      "cross_entropy": 1.2369910423775907,
      "mean_confidence": "0.67931247"
    },
    {
      "loss": 0.5128735133579799,
      "categorical_accuracy": 0.595050505050505,
      "ordinal_accuracy": 0.7766666666666666,
      "quadratic_weighted_kappa": 0.5914468683136169,
      "mean_absolute_error": 0.7300505050505051,
      "kendall_tau": 0.6052713106503383,
      "spearman_correlation": 0.6518550323477734,
      "cohen_kappa": 0.3767209097056472,
      "cat_0_accuracy": 0.8189716132942721,
      "cat_1_accuracy": 0.0,
      "cat_2_accuracy": 0.0,
      "cat_3_accuracy": 0.9427911749615188,
      "cat_0_true_count": "9899",
      "cat_0_pred_count": "10023",
      "cat_1_true_count": "3062",
      "cat_1_pred_count": "0",
      "cat_2_true_count": "2941",
      "cat_2_pred_count": "0",
      "cat_3_true_count": "3898",
      "cat_3_pred_count": "9777",
      "cat_0_precision": 0.8088396687618478,
      "cat_0_recall": 0.8189716132942721,
      "cat_0_f1": 0.8138741090251983,
      "cat_1_precision": 0.0,
      "cat_1_recall": 0.0,
      "cat_1_f1": 0.0,
      "cat_2_precision": 0.0,
      "cat_2_recall": 0.0,
      "cat_2_f1": 0.0,
      "cat_3_precision": 0.37588217244553546,
      "cat_3_recall": 0.9427911749615188,
      "cat_3_f1": 0.5374771480804388,
      "cross_entropy": 1.1880453565036677,
      "mean_confidence": "0.62253857"
    }
  ],
  "fold": null,
  "type": "single_run",
  "timestamp": "2025-08-03T01:25:09.358805"
}