{
  "config": {
    "dataset": "synthetic_500_200_4",
    "data_dir": "data",
    "device": "cuda",
    "epochs": 1,
    "batch_size": 64,
    "lr": 0.001,
    "patience": 10,
    "hidden_dim": 128,
    "num_layers": 2,
    "dropout": 0.1,
    "n_folds": 3,
    "fold": null,
    "hyperopt": false,
    "hyperopt_trials": 50,
    "hyperopt_metric": "quadratic_weighted_kappa",
    "output_dir": null,
    "save_model": true,
    "save_results": true,
    "verbose": false,
    "debug": false,
    "seed": 42,
    "resume": null,
    "validate_only": false,
    "save_freq": 5,
    "datasets": null,
    "all": false,
    "exclude": [],
    "parallel": false,
    "max_workers": 4,
    "model": "deep_gpcm",
    "models": null,
    "loss": "factory",
    "no_cv": false,
    "cv": false
  },
  "cv_summary": {
    "categorical_accuracy": {
      "mean": 0.3753100986340349,
      "std": 0.014283488744090817,
      "values": [
        0.35531612116283795,
        0.3828155567728304,
        0.38779861796643633
      ]
    },
    "ordinal_accuracy": {
      "mean": 0.6791793570145565,
      "std": 0.009265895718410576,
      "values": [
        0.6673307582842041,
        0.6802566711010252,
        0.6899506416584402
      ]
    },
    "quadratic_weighted_kappa": {
      "mean": 0.2792516199942962,
      "std": 0.04471132314254769,
      "values": [
        0.21926333901187178,
        0.29193367700846107,
        0.3265578439625557
      ]
    },
    "mean_absolute_error": {
      "mean": 1.0726192787986155,
      "std": 0.02987378526557975,
      "values": [
        1.111933319780443,
        1.0663588700211284,
        1.0395656465942744
      ]
    },
    "kendall_tau": {
      "mean": 0.24948980364345422,
      "std": 0.03230813116673844,
      "values": [
        0.20639809361120148,
        0.25788075827596113,
        0.2841905590432
      ]
    },
    "spearman_correlation": {
      "mean": 0.2910702166107884,
      "std": 0.03801670662670005,
      "values": [
        0.24042096889008965,
        0.3007776943456021,
        0.3320119865966736
      ]
    },
    "cohen_kappa": {
      "mean": 0.1298859669054273,
      "std": 0.021669594790130992,
      "values": [
        0.10017646705036132,
        0.13823178287077542,
        0.15124965079514519
      ]
    },
    "cross_entropy": {
      "mean": 1.334889994319516,
      "std": 0.010357631458149625,
      "values": [
        1.3476874663269767,
        1.3346629134258818,
        1.3223196032056899
      ]
    }
  },
  "fold_results": [
    {
      "fold": 1,
      "metrics": {
        "epoch": 1,
        "train_loss": 1.0541459918022156,
        "train_accuracy": 0.2971522905489063,
        "gradient_norm": 0.459461676577727,
        "learning_rate": 0.001,
        "categorical_accuracy": 0.35531612116283795,
        "ordinal_accuracy": 0.6673307582842041,
        "quadratic_weighted_kappa": 0.21926333901187178,
        "mean_absolute_error": 1.111933319780443,
        "kendall_tau": 0.20639809361120148,
        "spearman_correlation": 0.24042096889008965,
        "cohen_kappa": 0.10017646705036132,
        "cat_0_accuracy": 0.688298918387414,
        "cat_1_accuracy": 0.16567135426700058,
        "cat_2_accuracy": 0.1357273280584297,
        "cat_3_accuracy": 0.2539832781195772,
        "cat_0_precision": 0.41140170437848955,
        "cat_0_recall": 0.688298918387414,
        "cat_0_f1": 0.5149898841272761,
        "cat_1_precision": 0.2138239681750373,
        "cat_1_recall": 0.16567135426700058,
        "cat_1_f1": 0.18669271681319874,
        "cat_2_precision": 0.22292569143618793,
        "cat_2_recall": 0.1357273280584297,
        "cat_2_f1": 0.16872635561160151,
        "cat_3_precision": 0.4065656565656566,
        "cat_3_recall": 0.2539832781195772,
        "cat_3_f1": 0.31265171375861733,
        "cross_entropy": 1.3476874663269767,
        "best_epoch": 1,
        "total_epochs": 1,
        "parameters": 278555,
        "model_type": "DeepGPCM"
      },
      "training_history": [
        {
          "epoch": 1,
          "train_loss": 1.0541459918022156,
          "train_accuracy": 0.2971522905489063,
          "gradient_norm": 0.459461676577727,
          "learning_rate": 0.001,
          "categorical_accuracy": 0.35531612116283795,
          "ordinal_accuracy": 0.6673307582842041,
          "quadratic_weighted_kappa": 0.21926333901187178,
          "mean_absolute_error": 1.111933319780443,
          "kendall_tau": 0.20639809361120148,
          "spearman_correlation": 0.24042096889008965,
          "cohen_kappa": 0.10017646705036132,
          "cat_0_accuracy": 0.688298918387414,
          "cat_1_accuracy": 0.16567135426700058,
          "cat_2_accuracy": 0.1357273280584297,
          "cat_3_accuracy": 0.2539832781195772,
          "cat_0_precision": 0.41140170437848955,
          "cat_0_recall": 0.688298918387414,
          "cat_0_f1": 0.5149898841272761,
          "cat_1_precision": 0.2138239681750373,
          "cat_1_recall": 0.16567135426700058,
          "cat_1_f1": 0.18669271681319874,
          "cat_2_precision": 0.22292569143618793,
          "cat_2_recall": 0.1357273280584297,
          "cat_2_f1": 0.16872635561160151,
          "cat_3_precision": 0.4065656565656566,
          "cat_3_recall": 0.2539832781195772,
          "cat_3_f1": 0.31265171375861733,
          "cross_entropy": 1.3476874663269767
        }
      ]
    },
    {
      "fold": 2,
      "metrics": {
        "epoch": 1,
        "train_loss": 1.056191086769104,
        "train_accuracy": 0.29509214743589746,
        "gradient_norm": 0.20113776996731758,
        "learning_rate": 0.001,
        "categorical_accuracy": 0.3828155567728304,
        "ordinal_accuracy": 0.6802566711010252,
        "quadratic_weighted_kappa": 0.29193367700846107,
        "mean_absolute_error": 1.0663588700211284,
        "kendall_tau": 0.25788075827596113,
        "spearman_correlation": 0.3007776943456021,
        "cohen_kappa": 0.13823178287077542,
        "cat_0_accuracy": 0.6808256771268345,
        "cat_1_accuracy": 0.12271590690517407,
        "cat_2_accuracy": 0.15732586068855084,
        "cat_3_accuracy": 0.3801203093669436,
        "cat_0_precision": 0.4255668257756563,
        "cat_0_recall": 0.6808256771268345,
        "cat_0_f1": 0.5237505163155721,
        "cat_1_precision": 0.2252824858757062,
        "cat_1_recall": 0.12271590690517407,
        "cat_1_f1": 0.15888432324741625,
        "cat_2_precision": 0.23083700440528634,
        "cat_2_recall": 0.15732586068855084,
        "cat_2_f1": 0.1871205808832282,
        "cat_3_precision": 0.44884153559952644,
        "cat_3_recall": 0.3801203093669436,
        "cat_3_f1": 0.41163241566498643,
        "cross_entropy": 1.3346629134258818,
        "best_epoch": 1,
        "total_epochs": 1,
        "parameters": 278555,
        "model_type": "DeepGPCM"
      },
      "training_history": [
        {
          "epoch": 1,
          "train_loss": 1.056191086769104,
          "train_accuracy": 0.29509214743589746,
          "gradient_norm": 0.20113776996731758,
          "learning_rate": 0.001,
          "categorical_accuracy": 0.3828155567728304,
          "ordinal_accuracy": 0.6802566711010252,
          "quadratic_weighted_kappa": 0.29193367700846107,
          "mean_absolute_error": 1.0663588700211284,
          "kendall_tau": 0.25788075827596113,
          "spearman_correlation": 0.3007776943456021,
          "cohen_kappa": 0.13823178287077542,
          "cat_0_accuracy": 0.6808256771268345,
          "cat_1_accuracy": 0.12271590690517407,
          "cat_2_accuracy": 0.15732586068855084,
          "cat_3_accuracy": 0.3801203093669436,
          "cat_0_precision": 0.4255668257756563,
          "cat_0_recall": 0.6808256771268345,
          "cat_0_f1": 0.5237505163155721,
          "cat_1_precision": 0.2252824858757062,
          "cat_1_recall": 0.12271590690517407,
          "cat_1_f1": 0.15888432324741625,
          "cat_2_precision": 0.23083700440528634,