{
  "config": {
    "dataset": "synthetic_500_200_4",
    "data_dir": "data",
    "device": "cuda",
    "epochs": 3,
    "batch_size": 64,
    "lr": 0.001,
    "patience": 10,
    "hidden_dim": 128,
    "num_layers": 2,
    "dropout": 0.1,
    "n_folds": 5,
    "fold": 1,
    "hyperopt": false,
    "hyperopt_trials": 50,
    "hyperopt_metric": "quadratic_weighted_kappa",
    "output_dir": null,
    "save_model": true,
    "save_results": true,
    "verbose": false,
    "debug": false,
    "seed": 42,
    "resume": null,
    "validate_only": false,
    "save_freq": 5,
    "datasets": null,
    "all": false,
    "exclude": [],
    "parallel": false,
    "max_workers": 4,
    "model": null,
    "models": [
      "deep_gpcm"
    ],
    "loss": "factory",
    "no_cv": false,
    "cv": false,
    "adaptive": true,
    "no_adaptive": false,
    "adaptive_epochs": "5,15,40",
    "adaptive_arch": true,
    "adaptive_learning": true
  },
  "metrics": {
    "epoch": 3,
    "train_loss": 1.517464212008885,
    "train_accuracy": 0.28212549201203985,
    "gradient_norm": 0.10542357287236623,
    "learning_rate": 0.001,
    "categorical_accuracy": 0.3026911803890221,
    "ordinal_accuracy": 0.8236743938182787,
    "quadratic_weighted_kappa": 0.3772936934490577,
    "mean_absolute_error": 0.8809618971489475,
    "kendall_tau": 0.4175649795675438,
    "spearman_correlation": 0.47150644438705697,
    "cohen_kappa": 0.10928347999089094,
    "cat_0_accuracy": 0.05005257623554153,
    "cat_1_accuracy": 0.32535121328224775,
    "cat_2_accuracy": 0.6552059682127798,
    "cat_3_accuracy": 0.31345868381989117,
    "cat_0_precision": 0.8530465949820788,
    "cat_0_recall": 0.05005257623554153,
    "cat_0_f1": 0.09455701231624951,
    "cat_1_precision": 0.2334478808705613,
    "cat_1_recall": 0.32535121328224775,
    "cat_1_f1": 0.2718420701613979,
    "cat_2_precision": 0.24302213666987488,
    "cat_2_recall": 0.6552059682127798,
    "cat_2_f1": 0.354541465555068,
    "cat_3_precision": 0.6162451361867705,
    "cat_3_recall": 0.31345868381989117,
    "cat_3_f1": 0.4155460806821909,
    "cross_entropy": 1.3663733063377537,
    "best_epoch": 3,
    "total_epochs": 3,
    "parameters": 386075,
    "model_type": "DeepGPCM"
  },
  "training_history": [
    {
      "epoch": 1,
      "train_loss": 2.04644821371351,
      "train_accuracy": 0.23500810372771475,
      "gradient_norm": 2.3544452360698154,
      "learning_rate": 0.001,
      "categorical_accuracy": 0.23268052224886757,
      "ordinal_accuracy": 0.7256861177724487,
      "quadratic_weighted_kappa": 0.11715278536167295,
      "mean_absolute_error": 1.0559552358113509,
      "kendall_tau": 0.12701658281191266,
      "spearman_correlation": 0.14338496246184582,
      "cohen_kappa": 0.025149072117879645,
      "cat_0_accuracy": 0.01808622502628812,
      "cat_1_accuracy": 0.3457854406130268,
      "cat_2_accuracy": 0.5789815115147584,
      "cat_3_accuracy": 0.13334982681840674,
      "cat_0_precision": 0.40186915887850466,
      "cat_0_recall": 0.01808622502628812,
      "cat_0_f1": 0.03461461058563091,
      "cat_1_precision": 0.21432812190777756,
      "cat_1_recall": 0.3457854406130268,
      "cat_1_f1": 0.26463042150274896,
      "cat_2_precision": 0.2073170731707317,
      "cat_2_recall": 0.5789815115147584,
      "cat_2_f1": 0.30531086975113314,
      "cat_3_precision": 0.4748898678414097,
      "cat_3_recall": 0.13334982681840674,
      "cat_3_f1": 0.20822870388255746,
      "cross_entropy": 1.4140428316616385
    },
    {
      "epoch": 2,
      "train_loss": 1.6114192519869124,
      "train_accuracy": 0.24046571627030067,
      "gradient_norm": 0.19069216506821768,
      "learning_rate": 0.001,
      "categorical_accuracy": 0.25859312549960034,
      "ordinal_accuracy": 0.8265387689848122,
      "quadratic_weighted_kappa": 0.2710913863992218,
      "mean_absolute_error": 0.9174660271782574,
      "kendall_tau": 0.3233749106528891,
      "spearman_correlation": 0.3590764380851952,
      "cohen_kappa": 0.05746149744842244,
      "cat_0_accuracy": 0.10998948475289169,
      "cat_1_accuracy": 0.7110472541507025,
      "cat_2_accuracy": 0.3409017191047681,
      "cat_3_accuracy": 0.02003958436417615,
      "cat_0_precision": 0.7067567567567568,
      "cat_0_recall": 0.10998948475289169,
      "cat_0_f1": 0.19035486806187443,
      "cat_1_precision": 0.2291623790903478,
      "cat_1_recall": 0.7110472541507025,
      "cat_1_f1": 0.3466147859922179,
      "cat_2_precision": 0.23591470258136923,
      "cat_2_recall": 0.3409017191047681,
      "cat_2_f1": 0.27885380737596177,
      "cat_3_precision": 0.8181818181818182,
      "cat_3_recall": 0.02003958436417615,
      "cat_3_f1": 0.03912098526925863,
      "cross_entropy": 1.3736487990085582
    },
    {
      "epoch": 3,
      "train_loss": 1.517464212008885,
      "train_accuracy": 0.28212549201203985,
      "gradient_norm": 0.10542357287236623,
      "learning_rate": 0.001,
      "categorical_accuracy": 0.3026911803890221,
      "ordinal_accuracy": 0.8236743938182787,
      "quadratic_weighted_kappa": 0.3772936934490577,
      "mean_absolute_error": 0.8809618971489475,
      "kendall_tau": 0.4175649795675438,
      "spearman_correlation": 0.47150644438705697,
      "cohen_kappa": 0.10928347999089094,
      "cat_0_accuracy": 0.05005257623554153,
      "cat_1_accuracy": 0.32535121328224775,
      "cat_2_accuracy": 0.6552059682127798,
      "cat_3_accuracy": 0.31345868381989117,
      "cat_0_precision": 0.8530465949820788,
      "cat_0_recall": 0.05005257623554153,
      "cat_0_f1": 0.09455701231624951,
      "cat_1_precision": 0.2334478808705613,
      "cat_1_recall": 0.32535121328224775,
      "cat_1_f1": 0.2718420701613979,
      "cat_2_precision": 0.24302213666987488,
      "cat_2_recall": 0.6552059682127798,
      "cat_2_f1": 0.354541465555068,
      "cat_3_precision": 0.6162451361867705,
      "cat_3_recall": 0.31345868381989117,
      "cat_3_f1": 0.4155460806821909,
      "cross_entropy": 1.3663733063377537
    }
  ],
  "timestamp": "2025-08-18T14:29:59.120979"
}