{
  "config": {
    "dataset": "synthetic_500_200_4",
    "data_dir": "data",
    "device": "cuda",
    "epochs": 3,
    "batch_size": 64,
    "lr": 0.001,
    "patience": 10,
    "hidden_dim": 128,
    "num_layers": 2,
    "dropout": 0.1,
    "n_folds": 5,
    "fold": 4,
    "hyperopt": false,
    "hyperopt_trials": 50,
    "hyperopt_metric": "quadratic_weighted_kappa",
    "output_dir": null,
    "save_model": true,
    "save_results": true,
    "verbose": false,
    "debug": false,
    "seed": 42,
    "resume": null,
    "validate_only": false,
    "save_freq": 5,
    "datasets": null,
    "all": false,
    "exclude": [],
    "parallel": false,
    "max_workers": 4,
    "model": null,
    "models": [
      "attn_gpcm_learn"
    ],
    "loss": "factory",
    "no_cv": false,
    "cv": false,
    "adaptive": true,
    "no_adaptive": false,
    "adaptive_epochs": "5,15,40",
    "adaptive_arch": true,
    "adaptive_learning": true
  },
  "metrics": {
    "epoch": 3,
    "train_loss": 1.4693107434681483,
    "train_accuracy": 0.43269805431967595,
    "gradient_norm": 0.15528656329427445,
    "learning_rate": 0.001,
    "categorical_accuracy": 0.4542054848445086,
    "ordinal_accuracy": 0.7770633775095132,
    "quadratic_weighted_kappa": 0.49532497042207924,
    "mean_absolute_error": 0.8347985828631413,
    "kendall_tau": 0.42566475812261917,
    "spearman_correlation": 0.4950912956081668,
    "cohen_kappa": 0.24262647872561893,
    "cat_0_accuracy": 0.6893840104849279,
    "cat_1_accuracy": 0.16565977742448332,
    "cat_2_accuracy": 0.18808567603748327,
    "cat_3_accuracy": 0.5727176220806794,
    "cat_0_precision": 0.5529358762576964,
    "cat_0_recall": 0.6893840104849279,
    "cat_0_f1": 0.6136666666666667,
    "cat_1_precision": 0.2491630798660928,
    "cat_1_recall": 0.16565977742448332,
    "cat_1_f1": 0.1990068754774637,
    "cat_2_precision": 0.2573260073260073,
    "cat_2_recall": 0.18808567603748327,
    "cat_2_f1": 0.21732405259087392,
    "cat_3_precision": 0.5009285051067781,
    "cat_3_recall": 0.5727176220806794,
    "cat_3_f1": 0.5344229816740961,
    "cross_entropy": 1.2409405439115695,
    "best_epoch": 3,
    "total_epochs": 3,
    "parameters": 170400,
    "model_type": "EnhancedAttentionGPCM"
  },
  "training_history": [
    {
      "epoch": 1,
      "train_loss": 1.9113146236964635,
      "train_accuracy": 0.33748920911083075,
      "gradient_norm": 7.439902680260794,
      "learning_rate": 0.001,
      "categorical_accuracy": 0.4201548353234484,
      "ordinal_accuracy": 0.7597428159034247,
      "quadratic_weighted_kappa": 0.45352087914687556,
      "mean_absolute_error": 0.8908935835192232,
      "kendall_tau": 0.3880506376542434,
      "spearman_correlation": 0.4564203437042538,
      "cohen_kappa": 0.2088251570546903,
      "cat_0_accuracy": 0.5585096423890658,
      "cat_1_accuracy": 0.1917329093799682,
      "cat_2_accuracy": 0.1961178045515395,
      "cat_3_accuracy": 0.5923566878980892,
      "cat_0_precision": 0.5762024338419934,
      "cat_0_recall": 0.5585096423890658,
      "cat_0_f1": 0.5672181023008176,
      "cat_1_precision": 0.23165578179024202,
      "cat_1_recall": 0.1917329093799682,
      "cat_1_f1": 0.20981210855949894,
      "cat_2_precision": 0.2406570841889117,
      "cat_2_recall": 0.1961178045515395,
      "cat_2_f1": 0.2161165406601512,
      "cat_3_precision": 0.4440023871096081,
      "cat_3_recall": 0.5923566878980892,
      "cat_3_f1": 0.5075611142694713,
      "cross_entropy": 1.3072431778719786
    },
    {
      "epoch": 2,
      "train_loss": 1.487326008932931,
      "train_accuracy": 0.4196991832126967,
      "gradient_norm": 0.18123318148510797,
      "learning_rate": 0.001,
      "categorical_accuracy": 0.44830074793334207,
      "ordinal_accuracy": 0.7678782312032542,
      "quadratic_weighted_kappa": 0.4787353480529186,
      "mean_absolute_error": 0.8538249573546779,
      "kendall_tau": 0.4117621349113681,
      "spearman_correlation": 0.47948929528874906,
      "cohen_kappa": 0.23528900621287663,
      "cat_0_accuracy": 0.6753416963115522,
      "cat_1_accuracy": 0.16629570747217806,
      "cat_2_accuracy": 0.18340026773761714,
      "cat_3_accuracy": 0.5719214437367304,
      "cat_0_precision": 0.5517821630717454,
      "cat_0_recall": 0.6753416963115522,
      "cat_0_f1": 0.6073413032497054,
      "cat_1_precision": 0.24112494236975565,
      "cat_1_recall": 0.16629570747217806,
      "cat_1_f1": 0.19683853970643583,
      "cat_2_precision": 0.2589792060491493,
      "cat_2_recall": 0.18340026773761714,
      "cat_2_f1": 0.21473354231974923,
      "cat_3_precision": 0.48755656108597284,
      "cat_3_recall": 0.5719214437367304,
      "cat_3_f1": 0.52638006839277,
      "cross_entropy": 1.265429017330369
    },
    {
      "epoch": 3,
      "train_loss": 1.4693107434681483,
      "train_accuracy": 0.43269805431967595,
      "gradient_norm": 0.15528656329427445,
      "learning_rate": 0.001,
      "categorical_accuracy": 0.4542054848445086,
      "ordinal_accuracy": 0.7770633775095132,
      "quadratic_weighted_kappa": 0.49532497042207924,
      "mean_absolute_error": 0.8347985828631413,
      "kendall_tau": 0.42566475812261917,
      "spearman_correlation": 0.4950912956081668,
      "cohen_kappa": 0.24262647872561893,
      "cat_0_accuracy": 0.6893840104849279,
      "cat_1_accuracy": 0.16565977742448332,
      "cat_2_accuracy": 0.18808567603748327,
      "cat_3_accuracy": 0.5727176220806794,
      "cat_0_precision": 0.5529358762576964,
      "cat_0_recall": 0.6893840104849279,
      "cat_0_f1": 0.6136666666666667,
      "cat_1_precision": 0.2491630798660928,
      "cat_1_recall": 0.16565977742448332,
      "cat_1_f1": 0.1990068754774637,
      "cat_2_precision": 0.2573260073260073,
      "cat_2_recall": 0.18808567603748327,
      "cat_2_f1": 0.21732405259087392,
      "cat_3_precision": 0.5009285051067781,
      "cat_3_recall": 0.5727176220806794,
      "cat_3_f1": 0.5344229816740961,
      "cross_entropy": 1.2409405439115695
    }
  ],
  "timestamp": "2025-08-18T15:35:41.280021"
}