{
  "config": {
    "dataset": "synthetic_500_200_4",
    "data_dir": "data",
    "device": "cuda",
    "epochs": 3,
    "batch_size": 64,
    "lr": 0.001,
    "patience": 10,
    "hidden_dim": 128,
    "num_layers": 2,
    "dropout": 0.1,
    "n_folds": 5,
    "fold": 4,
    "hyperopt": false,
    "hyperopt_trials": 50,
    "hyperopt_metric": "quadratic_weighted_kappa",
    "output_dir": null,
    "save_model": true,
    "save_results": true,
    "verbose": false,
    "debug": false,
    "seed": 42,
    "resume": null,
    "validate_only": false,
    "save_freq": 5,
    "datasets": null,
    "all": false,
    "exclude": [],
    "parallel": false,
    "max_workers": 4,
    "model": null,
    "models": [
      "deep_gpcm"
    ],
    "loss": "factory",
    "no_cv": false,
    "cv": false,
    "adaptive": true,
    "no_adaptive": false,
    "adaptive_epochs": "5,15,40",
    "adaptive_arch": true,
    "adaptive_learning": true
  },
  "metrics": {
    "epoch": 3,
    "train_loss": 1.5260025944028581,
    "train_accuracy": 0.26834451158775485,
    "gradient_norm": 0.1584159348692213,
    "learning_rate": 0.001,
    "categorical_accuracy": 0.3027161789791366,
    "ordinal_accuracy": 0.8343393255478284,
    "quadratic_weighted_kappa": 0.4087670445619135,
    "mean_absolute_error": 0.8706862616454534,
    "kendall_tau": 0.4397785621234912,
    "spearman_correlation": 0.49715282849892517,
    "cohen_kappa": 0.1167524274385856,
    "cat_0_accuracy": 0.061224489795918366,
    "cat_1_accuracy": 0.3945945945945946,
    "cat_2_accuracy": 0.6020749665327979,
    "cat_3_accuracy": 0.3309447983014862,
    "cat_0_precision": 0.8257575757575758,
    "cat_0_recall": 0.061224489795918366,
    "cat_0_f1": 0.11399686247167509,
    "cat_1_precision": 0.22799926511115193,
    "cat_1_recall": 0.3945945945945946,
    "cat_1_f1": 0.28900791802515136,
    "cat_2_precision": 0.24403147042864895,
    "cat_2_recall": 0.6020749665327979,
    "cat_2_f1": 0.3472972972972973,
    "cat_3_precision": 0.6139832594780896,
    "cat_3_recall": 0.3309447983014862,
    "cat_3_f1": 0.43007415071564065,
    "cross_entropy": 1.3657255862869848,
    "best_epoch": 3,
    "total_epochs": 3,
    "parameters": 386075,
    "model_type": "DeepGPCM"
  },
  "training_history": [
    {
      "epoch": 1,
      "train_loss": 2.087667073522295,
      "train_accuracy": 0.23094162959027825,
      "gradient_norm": 2.116605145590646,
      "learning_rate": 0.001,
      "categorical_accuracy": 0.21788479202204436,
      "ordinal_accuracy": 0.6908542186064821,
      "quadratic_weighted_kappa": 0.08521235655216075,
      "mean_absolute_error": 1.1175042645322135,
      "kendall_tau": 0.09976580895335949,
      "spearman_correlation": 0.11320164474012526,
      "cohen_kappa": 0.015129960624089778,
      "cat_0_accuracy": 0.011233851338700617,
      "cat_1_accuracy": 0.2982511923688394,
      "cat_2_accuracy": 0.5933734939759037,
      "cat_3_accuracy": 0.1459660297239915,
      "cat_0_precision": 0.39215686274509803,
      "cat_0_recall": 0.011233851338700617,
      "cat_0_f1": 0.02184200946487077,
      "cat_1_precision": 0.20862989323843417,
      "cat_1_recall": 0.2982511923688394,
      "cat_1_f1": 0.24551760240806178,
      "cat_2_precision": 0.19632377366847525,
      "cat_2_recall": 0.5933734939759037,
      "cat_2_f1": 0.2950328646310009,
      "cat_3_precision": 0.352112676056338,
      "cat_3_recall": 0.1459660297239915,
      "cat_3_f1": 0.20637898686679174,
      "cross_entropy": 1.4582653032820285
    },
    {
      "epoch": 2,
      "train_loss": 1.6490723064967565,
      "train_accuracy": 0.2315890829404343,
      "gradient_norm": 0.34548170545271467,
      "learning_rate": 0.001,
      "categorical_accuracy": 0.24996719590604907,
      "ordinal_accuracy": 0.8352578401784543,
      "quadratic_weighted_kappa": 0.2711086086970623,
      "mean_absolute_error": 0.916415168613043,
      "kendall_tau": 0.3236732781312397,
      "spearman_correlation": 0.35822253412933275,
      "cohen_kappa": 0.05297043846610039,
      "cat_0_accuracy": 0.0690881857330088,
      "cat_1_accuracy": 0.67758346581876,
      "cat_2_accuracy": 0.41967871485943775,
      "cat_3_accuracy": 0.014861995753715499,
      "cat_0_precision": 0.7001897533206831,
      "cat_0_recall": 0.0690881857330088,
      "cat_0_f1": 0.12576687116564417,
      "cat_1_precision": 0.22684692356823505,
      "cat_1_recall": 0.67758346581876,
      "cat_1_f1": 0.3398995135178244,
      "cat_2_precision": 0.2395873137179977,
      "cat_2_recall": 0.41967871485943775,
      "cat_2_f1": 0.30503527122354657,
      "cat_3_precision": 0.6436781609195402,
      "cat_3_recall": 0.014861995753715499,
      "cat_3_f1": 0.029053177691309988,
      "cross_entropy": 1.3727443998993982
    },
    {
      "epoch": 3,
      "train_loss": 1.5260025944028581,
      "train_accuracy": 0.26834451158775485,
      "gradient_norm": 0.1584159348692213,
      "learning_rate": 0.001,
      "categorical_accuracy": 0.3027161789791366,
      "ordinal_accuracy": 0.8343393255478284,
      "quadratic_weighted_kappa": 0.4087670445619135,
      "mean_absolute_error": 0.8706862616454534,
      "kendall_tau": 0.4397785621234912,
      "spearman_correlation": 0.49715282849892517,
      "cohen_kappa": 0.1167524274385856,
      "cat_0_accuracy": 0.061224489795918366,
      "cat_1_accuracy": 0.3945945945945946,
      "cat_2_accuracy": 0.6020749665327979,
      "cat_3_accuracy": 0.3309447983014862,
      "cat_0_precision": 0.8257575757575758,
      "cat_0_recall": 0.061224489795918366,
      "cat_0_f1": 0.11399686247167509,
      "cat_1_precision": 0.22799926511115193,
      "cat_1_recall": 0.3945945945945946,
      "cat_1_f1": 0.28900791802515136,
      "cat_2_precision": 0.24403147042864895,
      "cat_2_recall": 0.6020749665327979,
      "cat_2_f1": 0.3472972972972973,
      "cat_3_precision": 0.6139832594780896,
      "cat_3_recall": 0.3309447983014862,
      "cat_3_f1": 0.43007415071564065,
      "cross_entropy": 1.3657255862869848
    }
  ],
  "timestamp": "2025-08-18T14:30:37.140695"
}