{
  "config": {
    "dataset": "synthetic_500_200_4",
    "data_dir": "data",
    "device": "cuda",
    "epochs": 3,
    "batch_size": 64,
    "lr": 0.001,
    "patience": 10,
    "hidden_dim": 128,
    "num_layers": 2,
    "dropout": 0.1,
    "n_folds": 5,
    "fold": 5,
    "hyperopt": false,
    "hyperopt_trials": 50,
    "hyperopt_metric": "quadratic_weighted_kappa",
    "output_dir": null,
    "save_model": true,
    "save_results": true,
    "verbose": false,
    "debug": false,
    "seed": 42,
    "resume": null,
    "validate_only": false,
    "save_freq": 5,
    "datasets": null,
    "all": false,
    "exclude": [],
    "parallel": false,
    "max_workers": 4,
    "model": null,
    "models": [
      "attn_gpcm_learn"
    ],
    "loss": "factory",
    "no_cv": false,
    "cv": false,
    "adaptive": true,
    "no_adaptive": false,
    "adaptive_epochs": "5,15,40",
    "adaptive_arch": true,
    "adaptive_learning": true
  },
  "metrics": {
    "epoch": 3,
    "train_loss": 1.4577576092311315,
    "train_accuracy": 0.43884772292065605,
    "gradient_norm": 0.29951048110212597,
    "learning_rate": 0.001,
    "categorical_accuracy": 0.4304609998054853,
    "ordinal_accuracy": 0.7601633923361214,
    "quadratic_weighted_kappa": 0.46011713477867777,
    "mean_absolute_error": 0.8833560267133502,
    "kendall_tau": 0.4008932561101584,
    "spearman_correlation": 0.4676941834013572,
    "cohen_kappa": 0.2253061504617757,
    "cat_0_accuracy": 0.5429737859905458,
    "cat_1_accuracy": 0.19853390348197922,
    "cat_2_accuracy": 0.16817472698907956,
    "cat_3_accuracy": 0.6813519813519814,
    "cat_0_precision": 0.5518672199170125,
    "cat_0_recall": 0.5429737859905458,
    "cat_0_f1": 0.5473843821076573,
    "cat_1_precision": 0.2662843097091356,
    "cat_1_recall": 0.19853390348197922,
    "cat_1_f1": 0.2274715660542432,
    "cat_2_precision": 0.24793008279668813,
    "cat_2_recall": 0.16817472698907956,
    "cat_2_f1": 0.20040899795501022,
    "cat_3_precision": 0.46925670252046875,
    "cat_3_recall": 0.6813519813519814,
    "cat_3_f1": 0.5557562505941629,
    "cross_entropy": 1.2817437140038275,
    "best_epoch": 3,
    "total_epochs": 3,
    "parameters": 170400,
    "model_type": "EnhancedAttentionGPCM"
  },
  "training_history": [
    {
      "epoch": 1,
      "train_loss": 1.9631916795458113,
      "train_accuracy": 0.3236200149862626,
      "gradient_norm": 8.211494892835617,
      "learning_rate": 0.001,
      "categorical_accuracy": 0.3868248719444985,
      "ordinal_accuracy": 0.7172404849899501,
      "quadratic_weighted_kappa": 0.37179870960580663,
      "mean_absolute_error": 0.9855410750178305,
      "kendall_tau": 0.3375388054362606,
      "spearman_correlation": 0.39600988634819484,
      "cohen_kappa": 0.1703449158161694,
      "cat_0_accuracy": 0.3874086807047701,
      "cat_1_accuracy": 0.18692730604764812,
      "cat_2_accuracy": 0.1734789391575663,
      "cat_3_accuracy": 0.6981351981351981,
      "cat_0_precision": 0.5653809971777987,
      "cat_0_recall": 0.3874086807047701,
      "cat_0_f1": 0.4597730460283055,
      "cat_1_precision": 0.24009415457041977,
      "cat_1_recall": 0.18692730604764812,
      "cat_1_f1": 0.21020092735703247,
      "cat_2_precision": 0.22601626016260162,
      "cat_2_recall": 0.1734789391575663,
      "cat_2_f1": 0.19629302736098853,
      "cat_3_precision": 0.41453287197231836,
      "cat_3_recall": 0.6981351981351981,
      "cat_3_f1": 0.5201910551454625,
      "cross_entropy": 1.3036446287943142
    },
    {
      "epoch": 2,
      "train_loss": 1.47849360534123,
      "train_accuracy": 0.4239280659395554,
      "gradient_norm": 0.2750574158770697,
      "learning_rate": 0.001,
      "categorical_accuracy": 0.4196978538546327,
      "ordinal_accuracy": 0.746482526097387,
      "quadratic_weighted_kappa": 0.43675630143962463,
      "mean_absolute_error": 0.9144135382221358,
      "kendall_tau": 0.37980710303829057,
      "spearman_correlation": 0.44378631676279945,
      "cohen_kappa": 0.209585048591739,
      "cat_0_accuracy": 0.5418994413407822,
      "cat_1_accuracy": 0.18051313378130726,
      "cat_2_accuracy": 0.1544461778471139,
      "cat_3_accuracy": 0.6678321678321678,
      "cat_0_precision": 0.5372816361312314,
      "cat_0_recall": 0.5418994413407822,
      "cat_0_f1": 0.5395806589644844,
      "cat_1_precision": 0.24553385957623597,
      "cat_1_recall": 0.18051313378130726,
      "cat_1_f1": 0.20806196092237284,
      "cat_2_precision": 0.24456521739130435,
      "cat_2_recall": 0.1544461778471139,
      "cat_2_f1": 0.18932874354561102,
      "cat_3_precision": 0.4549063194664973,
      "cat_3_recall": 0.6678321678321678,
      "cat_3_f1": 0.5411786928598413,
      "cross_entropy": 1.2770803987858614
    },
    {
      "epoch": 3,
      "train_loss": 1.4577576092311315,
      "train_accuracy": 0.43884772292065605,
      "gradient_norm": 0.29951048110212597,
      "learning_rate": 0.001,
      "categorical_accuracy": 0.4304609998054853,
      "ordinal_accuracy": 0.7601633923361214,
      "quadratic_weighted_kappa": 0.46011713477867777,
      "mean_absolute_error": 0.8833560267133502,
      "kendall_tau": 0.4008932561101584,
      "spearman_correlation": 0.4676941834013572,
      "cohen_kappa": 0.2253061504617757,
      "cat_0_accuracy": 0.5429737859905458,
      "cat_1_accuracy": 0.19853390348197922,
      "cat_2_accuracy": 0.16817472698907956,
      "cat_3_accuracy": 0.6813519813519814,
      "cat_0_precision": 0.5518672199170125,
      "cat_0_recall": 0.5429737859905458,
      "cat_0_f1": 0.5473843821076573,
      "cat_1_precision": 0.2662843097091356,
      "cat_1_recall": 0.19853390348197922,
      "cat_1_f1": 0.2274715660542432,
      "cat_2_precision": 0.24793008279668813,
      "cat_2_recall": 0.16817472698907956,
      "cat_2_f1": 0.20040899795501022,
      "cat_3_precision": 0.46925670252046875,
      "cat_3_recall": 0.6813519813519814,
      "cat_3_f1": 0.5557562505941629,
      "cross_entropy": 1.2817437140038275
    }
  ],
  "timestamp": "2025-08-18T15:35:53.589020"
}