{
  "config": {
    "dataset": "synthetic_500_200_4",
    "data_dir": "data",
    "device": "cuda",
    "epochs": 3,
    "batch_size": 64,
    "lr": 0.001,
    "patience": 10,
    "hidden_dim": 128,
    "num_layers": 2,
    "dropout": 0.1,
    "n_folds": 5,
    "fold": 5,
    "hyperopt": false,
    "hyperopt_trials": 50,
    "hyperopt_metric": "quadratic_weighted_kappa",
    "output_dir": null,
    "save_model": true,
    "save_results": true,
    "verbose": false,
    "debug": false,
    "seed": 42,
    "resume": null,
    "validate_only": false,
    "save_freq": 5,
    "datasets": null,
    "all": false,
    "exclude": [],
    "parallel": false,
    "max_workers": 4,
    "model": null,
    "models": [
      "deep_gpcm"
    ],
    "loss": "factory",
    "no_cv": false,
    "cv": false,
    "adaptive": true,
    "no_adaptive": false,
    "adaptive_epochs": "5,15,40",
    "adaptive_arch": true,
    "adaptive_learning": true
  },
  "metrics": {
    "epoch": 3,
    "train_loss": 1.4985565287726266,
    "train_accuracy": 0.27719590375489134,
    "gradient_norm": 0.18225742557219096,
    "learning_rate": 0.001,
    "categorical_accuracy": 0.3230240549828179,
    "ordinal_accuracy": 0.8502236918887376,
    "quadratic_weighted_kappa": 0.4165890647890361,
    "mean_absolute_error": 0.8316151202749141,
    "kendall_tau": 0.44575311773943754,
    "spearman_correlation": 0.5013179694943373,
    "cohen_kappa": 0.1320234874144961,
    "cat_0_accuracy": 0.05801461108723679,
    "cat_1_accuracy": 0.3879047037263286,
    "cat_2_accuracy": 0.6655226209048362,
    "cat_3_accuracy": 0.30512820512820515,
    "cat_0_precision": 0.8626198083067093,
    "cat_0_recall": 0.05801461108723679,
    "cat_0_f1": 0.10871753573585666,
    "cat_1_precision": 0.25178429817605075,
    "cat_1_recall": 0.3879047037263286,
    "cat_1_f1": 0.30536186583313296,
    "cat_2_precision": 0.2626847290640394,
    "cat_2_recall": 0.6655226209048362,
    "cat_2_f1": 0.3766887417218543,
    "cat_3_precision": 0.6726618705035972,
    "cat_3_recall": 0.30512820512820515,
    "cat_3_f1": 0.41982039769082746,
    "cross_entropy": 1.3522584910668334,
    "best_epoch": 3,
    "total_epochs": 3,
    "parameters": 386075,
    "model_type": "DeepGPCM"
  },
  "training_history": [
    {
      "epoch": 1,
      "train_loss": 2.022784267153059,
      "train_accuracy": 0.23471817500624428,
      "gradient_norm": 2.15100291797093,
      "learning_rate": 0.001,
      "categorical_accuracy": 0.23983660766387863,
      "ordinal_accuracy": 0.7219736756791805,
      "quadratic_weighted_kappa": 0.10620921383904203,
      "mean_absolute_error": 1.0573169940997211,
      "kendall_tau": 0.11575696272206545,
      "spearman_correlation": 0.13101914252021324,
      "cohen_kappa": 0.029469745472745057,
      "cat_0_accuracy": 0.016115169746454664,
      "cat_1_accuracy": 0.32101405009163103,
      "cat_2_accuracy": 0.6115444617784711,
      "cat_3_accuracy": 0.1428904428904429,
      "cat_0_precision": 0.5681818181818182,
      "cat_0_recall": 0.016115169746454664,
      "cat_0_f1": 0.03134141245298788,
      "cat_1_precision": 0.22471669873850758,
      "cat_1_recall": 0.32101405009163103,
      "cat_1_f1": 0.2643692617280845,
      "cat_2_precision": 0.21477098400175323,
      "cat_2_recall": 0.6115444617784711,
      "cat_2_f1": 0.3178979806990512,
      "cat_3_precision": 0.41196236559139787,
      "cat_3_recall": 0.1428904428904429,
      "cat_3_f1": 0.21218414676358602,
      "cross_entropy": 1.441231058808055
    },
    {
      "epoch": 2,
      "train_loss": 1.6371278592518397,
      "train_accuracy": 0.2376155191074848,
      "gradient_norm": 0.3193673597914832,
      "learning_rate": 0.001,
      "categorical_accuracy": 0.26071451727938794,
      "ordinal_accuracy": 0.8344680023341763,
      "quadratic_weighted_kappa": 0.27369121865280255,
      "mean_absolute_error": 0.905271347986773,
      "kendall_tau": 0.3363123284155985,
      "spearman_correlation": 0.37051814364625213,
      "cohen_kappa": 0.060277231103014084,
      "cat_0_accuracy": 0.07047700902449505,
      "cat_1_accuracy": 0.7174709835064141,
      "cat_2_accuracy": 0.4078003120124805,
      "cat_3_accuracy": 0.008624708624708625,
      "cat_0_precision": 0.8098765432098766,
      "cat_0_recall": 0.07047700902449505,
      "cat_0_f1": 0.1296698952362127,
      "cat_1_precision": 0.2420401854714065,
      "cat_1_recall": 0.7174709835064141,
      "cat_1_f1": 0.3619693350797442,
      "cat_2_precision": 0.24810174639331814,
      "cat_2_recall": 0.4078003120124805,
      "cat_2_f1": 0.30850938274519063,
      "cat_3_precision": 0.8222222222222222,
      "cat_3_recall": 0.008624708624708625,
      "cat_3_f1": 0.01707035755478662,
      "cross_entropy": 1.3702996380502905
    },
    {
      "epoch": 3,
      "train_loss": 1.4985565287726266,
      "train_accuracy": 0.27719590375489134,
      "gradient_norm": 0.18225742557219096,
      "learning_rate": 0.001,
      "categorical_accuracy": 0.3230240549828179,
      "ordinal_accuracy": 0.8502236918887376,
      "quadratic_weighted_kappa": 0.4165890647890361,
      "mean_absolute_error": 0.8316151202749141,
      "kendall_tau": 0.44575311773943754,
      "spearman_correlation": 0.5013179694943373,
      "cohen_kappa": 0.1320234874144961,
      "cat_0_accuracy": 0.05801461108723679,
      "cat_1_accuracy": 0.3879047037263286,
      "cat_2_accuracy": 0.6655226209048362,
      "cat_3_accuracy": 0.30512820512820515,
      "cat_0_precision": 0.8626198083067093,
      "cat_0_recall": 0.05801461108723679,
      "cat_0_f1": 0.10871753573585666,
      "cat_1_precision": 0.25178429817605075,
      "cat_1_recall": 0.3879047037263286,
      "cat_1_f1": 0.30536186583313296,
      "cat_2_precision": 0.2626847290640394,
      "cat_2_recall": 0.6655226209048362,
      "cat_2_f1": 0.3766887417218543,
      "cat_3_precision": 0.6726618705035972,
      "cat_3_recall": 0.30512820512820515,
      "cat_3_f1": 0.41982039769082746,
      "cross_entropy": 1.3522584910668334
    }
  ],
  "timestamp": "2025-08-18T14:30:50.092849"
}