{
  "config": {
    "dataset": "synthetic_500_200_4",
    "data_dir": "data",
    "device": "cuda",
    "epochs": 3,
    "batch_size": 64,
    "lr": 0.001,
    "patience": 10,
    "hidden_dim": 128,
    "num_layers": 2,
    "dropout": 0.1,
    "n_folds": 5,
    "fold": 3,
    "hyperopt": false,
    "hyperopt_trials": 50,
    "hyperopt_metric": "quadratic_weighted_kappa",
    "output_dir": null,
    "save_model": true,
    "save_results": true,
    "verbose": false,
    "debug": false,
    "seed": 42,
    "resume": null,
    "validate_only": false,
    "save_freq": 5,
    "datasets": null,
    "all": false,
    "exclude": [],
    "parallel": false,
    "max_workers": 4,
    "model": null,
    "models": [
      "attn_gpcm_learn"
    ],
    "loss": "factory",
    "no_cv": false,
    "cv": false,
    "adaptive": true,
    "no_adaptive": false,
    "adaptive_epochs": "5,15,40",
    "adaptive_arch": true,
    "adaptive_learning": true
  },
  "metrics": {
    "epoch": 3,
    "train_loss": 1.476149422781808,
    "train_accuracy": 0.43204189175753155,
    "gradient_norm": 0.12784635488476073,
    "learning_rate": 0.001,
    "categorical_accuracy": 0.4829500396510706,
    "ordinal_accuracy": 0.788791964049696,
    "quadratic_weighted_kappa": 0.5406067270179138,
    "mean_absolute_error": 0.7972508591065293,
    "kendall_tau": 0.46859990472747604,
    "spearman_correlation": 0.5402585401876938,
    "cohen_kappa": 0.2805856487757724,
    "cat_0_accuracy": 0.6882672569933588,
    "cat_1_accuracy": 0.15392320534223705,
    "cat_2_accuracy": 0.15216637781629117,
    "cat_3_accuracy": 0.6976418398318935,
    "cat_0_precision": 0.5543848273626195,
    "cat_0_recall": 0.6882672569933588,
    "cat_0_f1": 0.6141138444963189,
    "cat_1_precision": 0.2538546255506608,
    "cat_1_recall": 0.15392320534223705,
    "cat_1_f1": 0.19164414882560799,
    "cat_2_precision": 0.2675198049969531,
    "cat_2_recall": 0.15216637781629117,
    "cat_2_f1": 0.1939902783915157,
    "cat_3_precision": 0.5426807119505993,
    "cat_3_recall": 0.6976418398318935,
    "cat_3_f1": 0.6104811523138216,
    "cross_entropy": 1.2280822403404406,
    "best_epoch": 3,
    "total_epochs": 3,
    "parameters": 170400,
    "model_type": "EnhancedAttentionGPCM"
  },
  "training_history": [
    {
      "epoch": 1,
      "train_loss": 1.6944886956896101,
      "train_accuracy": 0.33950883239982765,
      "gradient_norm": 2.2617181220224927,
      "learning_rate": 0.001,
      "categorical_accuracy": 0.4600185038329368,
      "ordinal_accuracy": 0.7765662172878668,
      "quadratic_weighted_kappa": 0.5067197206245166,
      "mean_absolute_error": 0.8386201427438541,
      "kendall_tau": 0.43660135259656524,
      "spearman_correlation": 0.5065208153436737,
      "cohen_kappa": 0.251652484426239,
      "cat_0_accuracy": 0.6496276916884685,
      "cat_1_accuracy": 0.1652754590984975,
      "cat_2_accuracy": 0.1417677642980936,
      "cat_3_accuracy": 0.6605183282745739,
      "cat_0_precision": 0.5531185743660041,
      "cat_0_recall": 0.6496276916884685,
      "cat_0_f1": 0.5975011568718186,
      "cat_1_precision": 0.23382144544166272,
      "cat_1_recall": 0.1652754590984975,
      "cat_1_f1": 0.1936619718309859,
      "cat_2_precision": 0.24520383693045564,
      "cat_2_recall": 0.1417677642980936,
      "cat_2_f1": 0.17966176147594992,
      "cat_3_precision": 0.5133369624387588,
      "cat_3_recall": 0.6605183282745739,
      "cat_3_f1": 0.5777006330406371,
      "cross_entropy": 1.232159378028719
    },
    {
      "epoch": 2,
      "train_loss": 1.5045109306062971,
      "train_accuracy": 0.41800616445166205,
      "gradient_norm": 0.16982889707599366,
      "learning_rate": 0.001,
      "categorical_accuracy": 0.47085646312450435,
      "ordinal_accuracy": 0.7814565159925985,
      "quadratic_weighted_kappa": 0.5231657002753957,
      "mean_absolute_error": 0.8212397568067671,
      "kendall_tau": 0.4530485513542668,
      "spearman_correlation": 0.5237404760762729,
      "cohen_kappa": 0.2654035713260646,
      "cat_0_accuracy": 0.6494264439525055,
      "cat_1_accuracy": 0.16327212020033388,
      "cat_2_accuracy": 0.13310225303292894,
      "cat_3_accuracy": 0.7062806444081251,
      "cat_0_precision": 0.5613150113063141,
      "cat_0_recall": 0.6494264439525055,
      "cat_0_f1": 0.6021645829445792,
      "cat_1_precision": 0.2459758551307847,
      "cat_1_recall": 0.16327212020033388,
      "cat_1_f1": 0.1962673088500903,
      "cat_2_precision": 0.24935064935064935,
      "cat_2_recall": 0.13310225303292894,
      "cat_2_f1": 0.17355932203389832,
      "cat_3_precision": 0.5166524338172502,
      "cat_3_recall": 0.7062806444081251,
      "cat_3_f1": 0.5967646478595384,
      "cross_entropy": 1.2301343337770307
    },
    {
      "epoch": 3,
      "train_loss": 1.476149422781808,
      "train_accuracy": 0.43204189175753155,
      "gradient_norm": 0.12784635488476073,
      "learning_rate": 0.001,
      "categorical_accuracy": 0.4829500396510706,
      "ordinal_accuracy": 0.788791964049696,
      "quadratic_weighted_kappa": 0.5406067270179138,
      "mean_absolute_error": 0.7972508591065293,
      "kendall_tau": 0.46859990472747604,
      "spearman_correlation": 0.5402585401876938,
      "cohen_kappa": 0.2805856487757724,
      "cat_0_accuracy": 0.6882672569933588,
      "cat_1_accuracy": 0.15392320534223705,
      "cat_2_accuracy": 0.15216637781629117,
      "cat_3_accuracy": 0.6976418398318935,
      "cat_0_precision": 0.5543848273626195,
      "cat_0_recall": 0.6882672569933588,
      "cat_0_f1": 0.6141138444963189,
      "cat_1_precision": 0.2538546255506608,
      "cat_1_recall": 0.15392320534223705,
      "cat_1_f1": 0.19164414882560799,
      "cat_2_precision": 0.2675198049969531,
      "cat_2_recall": 0.15216637781629117,
      "cat_2_f1": 0.1939902783915157,
      "cat_3_precision": 0.5426807119505993,
      "cat_3_recall": 0.6976418398318935,
      "cat_3_f1": 0.6104811523138216,
      "cross_entropy": 1.2280822403404406
    }
  ],
  "timestamp": "2025-08-18T15:35:28.978110"
}