{
  "config": {
    "dataset": "synthetic_500_200_4",
    "data_dir": "data",
    "device": "cuda",
    "epochs": 3,
    "batch_size": 64,
    "lr": 0.001,
    "patience": 10,
    "hidden_dim": 128,
    "num_layers": 2,
    "dropout": 0.1,
    "n_folds": 5,
    "fold": 1,
    "hyperopt": false,
    "hyperopt_trials": 50,
    "hyperopt_metric": "quadratic_weighted_kappa",
    "output_dir": null,
    "save_model": true,
    "save_results": true,
    "verbose": false,
    "debug": false,
    "seed": 42,
    "resume": null,
    "validate_only": false,
    "save_freq": 5,
    "datasets": null,
    "all": false,
    "exclude": [],
    "parallel": false,
    "max_workers": 4,
    "model": null,
    "models": [
      "attn_gpcm_linear"
    ],
    "loss": "factory",
    "no_cv": false,
    "cv": false,
    "adaptive": true,
    "no_adaptive": false,
    "adaptive_epochs": "5,15,40",
    "adaptive_arch": true,
    "adaptive_learning": true
  },
  "metrics": {
    "epoch": 3,
    "train_loss": 1.4770845345088415,
    "train_accuracy": 0.4332848212218437,
    "gradient_norm": 0.8615678165640149,
    "learning_rate": 0.001,
    "categorical_accuracy": 0.42985611510791366,
    "ordinal_accuracy": 0.7293498534505729,
    "quadratic_weighted_kappa": 0.42326023664534396,
    "mean_absolute_error": 0.9449773514521715,
    "kendall_tau": 0.37332358317053327,
    "spearman_correlation": 0.4306911510151109,
    "cohen_kappa": 0.2151928522821719,
    "cat_0_accuracy": 0.5922187171398527,
    "cat_1_accuracy": 0.13825031928480205,
    "cat_2_accuracy": 0.10671423937722997,
    "cat_3_accuracy": 0.7112815437902029,
    "cat_0_precision": 0.5401879915595627,
    "cat_0_recall": 0.5922187171398527,
    "cat_0_f1": 0.565008025682183,
    "cat_1_precision": 0.2566686425607587,
    "cat_1_recall": 0.13825031928480205,
    "cat_1_f1": 0.17970533305665076,
    "cat_2_precision": 0.25885129819040126,
    "cat_2_recall": 0.10671423937722997,
    "cat_2_f1": 0.15112540192926044,
    "cat_3_precision": 0.4202601958777956,
    "cat_3_recall": 0.7112815437902029,
    "cat_3_f1": 0.5283469631535422,
    "cross_entropy": 1.2840738956104998,
    "best_epoch": 3,
    "total_epochs": 3,
    "parameters": 217179,
    "model_type": "OrdinalAttentionGPCM"
  },
  "training_history": [
    {
      "epoch": 1,
      "train_loss": 1.846502457346235,
      "train_accuracy": 0.2534316806138987,
      "gradient_norm": 9.61624527829034,
      "learning_rate": 0.001,
      "categorical_accuracy": 0.27837729816147083,
      "ordinal_accuracy": 0.6418198774313882,
      "quadratic_weighted_kappa": 0.15994334319230785,
      "mean_absolute_error": 1.187116973088196,
      "kendall_tau": 0.21183236186875368,
      "spearman_correlation": 0.24348480914253243,
      "cohen_kappa": 0.05231860507915176,
      "cat_0_accuracy": 0.029863301787592007,
      "cat_1_accuracy": 0.17401021711366538,
      "cat_2_accuracy": 0.3058709049626987,
      "cat_3_accuracy": 0.6306284017812964,
      "cat_0_precision": 0.4879725085910653,
      "cat_0_recall": 0.029863301787592007,
      "cat_0_f1": 0.056282203725723345,
      "cat_1_precision": 0.21695859872611464,
      "cat_1_recall": 0.17401021711366538,
      "cat_1_f1": 0.19312544294826364,
      "cat_2_precision": 0.18673267326732673,
      "cat_2_recall": 0.3058709049626987,
      "cat_2_f1": 0.23189474978482724,
      "cat_3_precision": 0.3560553149881268,
      "cat_3_recall": 0.6306284017812964,
      "cat_3_f1": 0.4551379341130256,
      "cross_entropy": 1.3826279786715154
    },
    {
      "epoch": 2,
      "train_loss": 1.5497223138809204,
      "train_accuracy": 0.3448880362517779,
      "gradient_norm": 1.1920965015888214,
      "learning_rate": 0.001,
      "categorical_accuracy": 0.38489208633093525,
      "ordinal_accuracy": 0.7513988808952837,
      "quadratic_weighted_kappa": 0.40265172141582184,
      "mean_absolute_error": 0.9345856648014922,
      "kendall_tau": 0.37023498667645793,
      "spearman_correlation": 0.4335808176395651,
      "cohen_kappa": 0.17991773526000931,
      "cat_0_accuracy": 0.3219768664563617,
      "cat_1_accuracy": 0.26181353767560667,
      "cat_2_accuracy": 0.24391826143366852,
      "cat_3_accuracy": 0.6618010885700149,
      "cat_0_precision": 0.6579286635152557,
      "cat_0_recall": 0.3219768664563617,
      "cat_0_f1": 0.4323637390567636,
      "cat_1_precision": 0.2513024823781796,
      "cat_1_recall": 0.26181353767560667,
      "cat_1_f1": 0.25645035183737297,
      "cat_2_precision": 0.2371491643014822,
      "cat_2_recall": 0.24391826143366852,
      "cat_2_f1": 0.24048608890310202,
      "cat_3_precision": 0.4279315309550472,
      "cat_3_recall": 0.6618010885700149,
      "cat_3_f1": 0.5197707179636646,
      "cross_entropy": 1.3394304276429632
    },
    {
      "epoch": 3,
      "train_loss": 1.4770845345088415,
      "train_accuracy": 0.4332848212218437,
      "gradient_norm": 0.8615678165640149,
      "learning_rate": 0.001,
      "categorical_accuracy": 0.42985611510791366,
      "ordinal_accuracy": 0.7293498534505729,
      "quadratic_weighted_kappa": 0.42326023664534396,
      "mean_absolute_error": 0.9449773514521715,
      "kendall_tau": 0.37332358317053327,
      "spearman_correlation": 0.4306911510151109,
      "cohen_kappa": 0.2151928522821719,
      "cat_0_accuracy": 0.5922187171398527,
      "cat_1_accuracy": 0.13825031928480205,
      "cat_2_accuracy": 0.10671423937722997,
      "cat_3_accuracy": 0.7112815437902029,
      "cat_0_precision": 0.5401879915595627,
      "cat_0_recall": 0.5922187171398527,
      "cat_0_f1": 0.565008025682183,
      "cat_1_precision": 0.2566686425607587,
      "cat_1_recall": 0.13825031928480205,
      "cat_1_f1": 0.17970533305665076,
      "cat_2_precision": 0.25885129819040126,
      "cat_2_recall": 0.10671423937722997,
      "cat_2_f1": 0.15112540192926044,
      "cat_3_precision": 0.4202601958777956,
      "cat_3_recall": 0.7112815437902029,
      "cat_3_f1": 0.5283469631535422,
      "cross_entropy": 1.2840738956104998
    }
  ],
  "timestamp": "2025-08-18T16:57:33.652967"
}