{
  "config": {
    "dataset": "synthetic_500_200_4",
    "data_dir": "data",
    "device": "cuda",
    "epochs": 1,
    "batch_size": 64,
    "lr": 0.001,
    "patience": 10,
    "hidden_dim": 128,
    "num_layers": 2,
    "dropout": 0.1,
    "n_folds": 3,
    "fold": 1,
    "hyperopt": false,
    "hyperopt_trials": 50,
    "hyperopt_metric": "quadratic_weighted_kappa",
    "output_dir": null,
    "save_model": true,
    "save_results": true,
    "verbose": false,
    "debug": false,
    "seed": 42,
    "resume": null,
    "validate_only": false,
    "save_freq": 5,
    "datasets": null,
    "all": false,
    "exclude": [],
    "parallel": false,
    "max_workers": 4,
    "model": "deep_gpcm",
    "models": null,
    "loss": "factory",
    "no_cv": false,
    "cv": false
  },
  "metrics": {
    "epoch": 1,
    "train_loss": 1.0541459918022156,
    "train_accuracy": 0.2971522905489063,
    "gradient_norm": 0.459461676577727,
    "learning_rate": 0.001,
    "categorical_accuracy": 0.35531612116283795,
    "ordinal_accuracy": 0.6673307582842041,
    "quadratic_weighted_kappa": 0.21926333901187178,
    "mean_absolute_error": 1.111933319780443,
    "kendall_tau": 0.20639809361120148,
    "spearman_correlation": 0.24042096889008965,
    "cohen_kappa": 0.10017646705036132,
    "cat_0_accuracy": 0.688298918387414,
    "cat_1_accuracy": 0.16567135426700058,
    "cat_2_accuracy": 0.1357273280584297,
    "cat_3_accuracy": 0.2539832781195772,
    "cat_0_precision": 0.41140170437848955,
    "cat_0_recall": 0.688298918387414,
    "cat_0_f1": 0.5149898841272761,
    "cat_1_precision": 0.2138239681750373,
    "cat_1_recall": 0.16567135426700058,
    "cat_1_f1": 0.18669271681319874,
    "cat_2_precision": 0.22292569143618793,
    "cat_2_recall": 0.1357273280584297,
    "cat_2_f1": 0.16872635561160151,
    "cat_3_precision": 0.4065656565656566,
    "cat_3_recall": 0.2539832781195772,
    "cat_3_f1": 0.31265171375861733,
    "cross_entropy": 1.3476874663269767,
    "best_epoch": 1,
    "total_epochs": 1,
    "parameters": 278555,
    "model_type": "DeepGPCM"
  },
  "training_history": [
    {
      "epoch": 1,
      "train_loss": 1.0541459918022156,
      "train_accuracy": 0.2971522905489063,
      "gradient_norm": 0.459461676577727,
      "learning_rate": 0.001,
      "categorical_accuracy": 0.35531612116283795,
      "ordinal_accuracy": 0.6673307582842041,
      "quadratic_weighted_kappa": 0.21926333901187178,
      "mean_absolute_error": 1.111933319780443,
      "kendall_tau": 0.20639809361120148,
      "spearman_correlation": 0.24042096889008965,
      "cohen_kappa": 0.10017646705036132,
      "cat_0_accuracy": 0.688298918387414,
      "cat_1_accuracy": 0.16567135426700058,
      "cat_2_accuracy": 0.1357273280584297,
      "cat_3_accuracy": 0.2539832781195772,
      "cat_0_precision": 0.41140170437848955,
      "cat_0_recall": 0.688298918387414,
      "cat_0_f1": 0.5149898841272761,
      "cat_1_precision": 0.2138239681750373,
      "cat_1_recall": 0.16567135426700058,
      "cat_1_f1": 0.18669271681319874,
      "cat_2_precision": 0.22292569143618793,
      "cat_2_recall": 0.1357273280584297,
      "cat_2_f1": 0.16872635561160151,
      "cat_3_precision": 0.4065656565656566,
      "cat_3_recall": 0.2539832781195772,
      "cat_3_f1": 0.31265171375861733,
      "cross_entropy": 1.3476874663269767
    }
  ],
  "timestamp": "2025-08-14T00:29:57.775932"
}