{
  "config": {
    "model": "deep_gpcm",
    "models": null,
    "dataset": "synthetic_500_200_4",
    "epochs": 10,
    "batch_size": 64,
    "lr": 0.001,
    "n_folds": 0,
    "no_cv": false,
    "cv": false,
    "seed": 42,
    "device": null,
    "enable_threshold_coupling": false,
    "coupling_type": "linear",
    "threshold_gpcm_weight": 0.7,
    "threshold_coral_weight": 0.3
  },
  "metrics": {
    "epoch": 9,
    "train_loss": 0.7341979146003723,
    "train_accuracy": 0.5203782521570641,
    "gradient_norm": 0.12761415647608892,
    "learning_rate": 0.001,
    "categorical_accuracy": 0.5291818482941372,
    "ordinal_accuracy": 0.8003974826101358,
    "quadratic_weighted_kappa": 0.6077121064353885,
    "mean_absolute_error": 0.7310367671414376,
    "kendall_tau": 0.5513328415018124,
    "spearman_correlation": 0.6160909979437182,
    "cohen_kappa": 0.3288840839587741,
    "cat_0_accuracy": 0.8611859838274932,
    "cat_1_accuracy": 0.05388634879163945,
    "cat_2_accuracy": 0.061543692621557296,
    "cat_3_accuracy": 0.8129810159055926,
    "cat_0_precision": 0.5667046750285063,
    "cat_0_recall": 0.8611859838274932,
    "cat_0_f1": 0.6835791243218461,
    "cat_1_precision": 0.2972972972972973,
    "cat_1_recall": 0.05388634879163945,
    "cat_1_f1": 0.0912358307990047,
    "cat_2_precision": 0.2886762360446571,
    "cat_2_recall": 0.061543692621557296,
    "cat_2_f1": 0.10145739910313901,
    "cat_3_precision": 0.5264119601328904,
    "cat_3_recall": 0.8129810159055926,
    "cat_3_f1": 0.6390401290582779,
    "cross_entropy": 1.0608103439315222,
    "best_epoch": 9,
    "total_epochs": 10,
    "parameters": 278555,
    "model_type": "DeepGPCM"
  },
  "training_history": [
    {
      "epoch": 1,
      "train_loss": 1.048964466367449,
      "train_accuracy": 0.3019227265952338,
      "gradient_norm": 0.2739867770246097,
      "learning_rate": 0.001,
      "categorical_accuracy": 0.39542894998343825,
      "ordinal_accuracy": 0.6927459423650215,
      "quadratic_weighted_kappa": 0.2956574603986838,
      "mean_absolute_error": 1.03696588274263,
      "kendall_tau": 0.2932487746958585,
      "spearman_correlation": 0.33732320708684915,
      "cohen_kappa": 0.1374326545876029,
      "cat_0_accuracy": 0.8011166730843281,
      "cat_1_accuracy": 0.12442847811887656,
      "cat_2_accuracy": 0.11356681400884053,
      "cat_3_accuracy": 0.28040020523345305,
      "cat_0_precision": 0.437217610591573,
      "cat_0_recall": 0.8011166730843281,
      "cat_0_f1": 0.5656991367004283,
      "cat_1_precision": 0.1948849104859335,
      "cat_1_recall": 0.12442847811887656,
      "cat_1_f1": 0.15188359577436716,
      "cat_2_precision": 0.23050379572118704,
      "cat_2_recall": 0.11356681400884053,
      "cat_2_f1": 0.15216400911161732,
      "cat_3_precision": 0.5027598896044159,
      "cat_3_recall": 0.28040020523345305,
      "cat_3_f1": 0.36001317523056653,
      "cross_entropy": 1.318187056152391
    },
    {
      "epoch": 2,
      "train_loss": 0.9208479353359768,
      "train_accuracy": 0.41625954324892767,
      "gradient_norm": 0.1821099498442241,
      "learning_rate": 0.001,
      "categorical_accuracy": 0.4734017886717456,
      "ordinal_accuracy": 0.7476647896654521,
      "quadratic_weighted_kappa": 0.4776421409299296,
      "mean_absolute_error": 0.8743292480953958,
      "kendall_tau": 0.432556507905221,
      "spearman_correlation": 0.4900671499247095,
      "cohen_kappa": 0.2481494248673226,
      "cat_0_accuracy": 0.8296110897189064,
      "cat_1_accuracy": 0.06727629000653168,
      "cat_2_accuracy": 0.07276436586195172,
      "cat_3_accuracy": 0.6200615700359159,
      "cat_0_precision": 0.5068219242531169,
      "cat_0_recall": 0.8296110897189064,
      "cat_0_f1": 0.6292348130841121,
      "cat_1_precision": 0.2217438105489774,
      "cat_1_recall": 0.06727629000653168,
      "cat_1_f1": 0.10323227261338011,
      "cat_2_precision": 0.2508792497069168,
      "cat_2_recall": 0.07276436586195172,
      "cat_2_f1": 0.11280969952556669,
      "cat_3_precision": 0.5023903554354604,
      "cat_3_recall": 0.6200615700359159,
      "cat_3_f1": 0.555057985991503,
      "cross_entropy": 1.2134863620499332
    },
    {
      "epoch": 3,
      "train_loss": 0.8685569337436131,
      "train_accuracy": 0.45698292565788384,
      "gradient_norm": 0.21188717761210032,
      "learning_rate": 0.001,
      "categorical_accuracy": 0.4840013249420338,
      "ordinal_accuracy": 0.7499171911228883,
      "quadratic_weighted_kappa": 0.4962832555938731,
      "mean_absolute_error": 0.860284862537264,
      "kendall_tau": 0.4530878836924221,
      "spearman_correlation": 0.5090274309108903,
      "cohen_kappa": 0.2608140912306962,
      "cat_0_accuracy": 0.8465537158259531,
      "cat_1_accuracy": 0.04866100587851078,
      "cat_2_accuracy": 0.047942876572594356,
      "cat_3_accuracy": 0.6718830169317599,
      "cat_0_precision": 0.513548236393366,
      "cat_0_recall": 0.8465537158259531,
      "cat_0_f1": 0.6392846757778424,
      "cat_1_precision": 0.22923076923076924,
      "cat_1_recall": 0.04866100587851078,
      "cat_1_f1": 0.08028017241379311,
      "cat_2_precision": 0.22705314009661837,
      "cat_2_recall": 0.047942876572594356,
      "cat_2_f1": 0.07916900617630544,
      "cat_3_precision": 0.4977194982896237,
      "cat_3_recall": 0.6718830169317599,
      "cat_3_f1": 0.5718340611353712,
      "cross_entropy": 1.1788414585849991
    },
    {
      "epoch": 4,
      "train_loss": 0.8343912363052368,
      "train_accuracy": 0.47074507725684384,
      "gradient_norm": 0.2527929948908942,
      "learning_rate": 0.001,
      "categorical_accuracy": 0.49360715468698246,
      "ordinal_accuracy": 0.7662139781384565,
      "quadratic_weighted_kappa": 0.5266771074644399,
      "mean_absolute_error": 0.8223915203709837,
      "kendall_tau": 0.47805611364539013,
      "spearman_correlation": 0.5388329687034121,
      "cohen_kappa": 0.2771259963739079,
      "cat_0_accuracy": 0.8448209472468232,
      "cat_1_accuracy": 0.06107119529719138,
      "cat_2_accuracy": 0.060863651819109146,
      "cat_3_accuracy": 0.6918932786044125,
      "cat_0_precision": 0.5279749729274456,
      "cat_0_recall": 0.8448209472468232,
      "cat_0_f1": 0.6498333950388745,
      "cat_1_precision": 0.23761118170266837,
      "cat_1_recall": 0.06107119529719138,
      "cat_1_f1": 0.09716809560924916,
      "cat_2_precision": 0.2393048128342246,
      "cat_2_recall": 0.060863651819109146,
      "cat_2_f1": 0.09704526972079154,
      "cat_3_precision": 0.5138121546961326,
      "cat_3_recall": 0.6918932786044125,
      "cat_3_f1": 0.5897015414890128,
      "cross_entropy": 1.1687664152435313
    },
    {
      "epoch": 5,
      "train_loss": 0.8164629765919277,
      "train_accuracy": 0.4861302022092311,
      "gradient_norm": 0.20474645176104136,
      "learning_rate": 0.001,
      "categorical_accuracy": 0.5065915866180855,
      "ordinal_accuracy": 0.7762835375952302,
      "quadratic_weighted_kappa": 0.5551938847143555,
      "mean_absolute_error": 0.793839019542895,
      "kendall_tau": 0.5030078172814796,
      "spearman_correlation": 0.5644311003558258,
      "cohen_kappa": 0.29754559428223326,
      "cat_0_accuracy": 0.8317289179822872,
      "cat_1_accuracy": 0.05682560418027433,
      "cat_2_accuracy": 0.058483509010540634,
      "cat_3_accuracy": 0.7647511544381734,
      "cat_0_precision": 0.5517241379310345,
      "cat_0_recall": 0.8317289179822872,
      "cat_0_f1": 0.6633906633906634,
      "cat_1_precision": 0.26047904191616766,
      "cat_1_recall": 0.05682560418027433,
      "cat_1_f1": 0.0932975871313673,
      "cat_2_precision": 0.2654320987654321,
      "cat_2_recall": 0.058483509010540634,
      "cat_2_f1": 0.09584842574533296,
      "cat_3_precision": 0.5010926206085057,
      "cat_3_recall": 0.7647511544381734,
      "cat_3_f1": 0.605463592972479,
      "cross_entropy": 1.137075952692526
    },
    {
      "epoch": 6,
      "train_loss": 0.7844105362892151,