{
  "config": {
    "dataset": "synthetic_500_200_4",
    "data_dir": "data",
    "device": "cuda",
    "epochs": 3,
    "batch_size": 64,
    "lr": 0.001,
    "patience": 10,
    "hidden_dim": 128,
    "num_layers": 2,
    "dropout": 0.1,
    "n_folds": 5,
    "fold": 3,
    "hyperopt": false,
    "hyperopt_trials": 50,
    "hyperopt_metric": "quadratic_weighted_kappa",
    "output_dir": null,
    "save_model": true,
    "save_results": true,
    "verbose": false,
    "debug": false,
    "seed": 42,
    "resume": null,
    "validate_only": false,
    "save_freq": 5,
    "datasets": null,
    "all": false,
    "exclude": [],
    "parallel": false,
    "max_workers": 4,
    "model": null,
    "models": [
      "deep_gpcm"
    ],
    "loss": "factory",
    "no_cv": false,
    "cv": false,
    "adaptive": true,
    "no_adaptive": false,
    "adaptive_epochs": "5,15,40",
    "adaptive_arch": true,
    "adaptive_learning": true
  },
  "metrics": {
    "epoch": 3,
    "train_loss": 1.5271961518696375,
    "train_accuracy": 0.26773936963510425,
    "gradient_norm": 0.13370228452341898,
    "learning_rate": 0.001,
    "categorical_accuracy": 0.2965900079302141,
    "ordinal_accuracy": 0.8296325667459689,
    "quadratic_weighted_kappa": 0.40578890395061495,
    "mean_absolute_error": 0.8786677240285488,
    "kendall_tau": 0.4503757496551788,
    "spearman_correlation": 0.5070297763859039,
    "cohen_kappa": 0.11169870003854887,
    "cat_0_accuracy": 0.0251559669953713,
    "cat_1_accuracy": 0.34557595993322204,
    "cat_2_accuracy": 0.6325823223570191,
    "cat_3_accuracy": 0.3509222507588139,
    "cat_0_precision": 0.8278145695364238,
    "cat_0_recall": 0.0251559669953713,
    "cat_0_f1": 0.048828125,
    "cat_1_precision": 0.21278782894736842,
    "cat_1_recall": 0.34557595993322204,
    "cat_1_f1": 0.26339228909530477,
    "cat_2_precision": 0.23215875842768097,
    "cat_2_recall": 0.6325823223570191,
    "cat_2_f1": 0.3396612693095105,
    "cat_3_precision": 0.6662234042553191,
    "cat_3_recall": 0.3509222507588139,
    "cat_3_f1": 0.45970331855023705,
    "cross_entropy": 1.3622250105954545,
    "best_epoch": 3,
    "total_epochs": 3,
    "parameters": 386075,
    "model_type": "DeepGPCM"
  },
  "training_history": [
    {
      "epoch": 1,
      "train_loss": 2.050838930266244,
      "train_accuracy": 0.23815994432108176,
      "gradient_norm": 2.0366617270878384,
      "learning_rate": 0.001,
      "categorical_accuracy": 0.22369812318265928,
      "ordinal_accuracy": 0.6855670103092784,
      "quadratic_weighted_kappa": 0.09277553065180422,
      "mean_absolute_error": 1.1214644462067143,
      "kendall_tau": 0.10365508501607737,
      "spearman_correlation": 0.1180056524082374,
      "cohen_kappa": 0.02157679089286524,
      "cat_0_accuracy": 0.016301066613000605,
      "cat_1_accuracy": 0.25909849749582636,
      "cat_2_accuracy": 0.5934142114384748,
      "cat_3_accuracy": 0.19052066308662152,
      "cat_0_precision": 0.5294117647058824,
      "cat_0_recall": 0.016301066613000605,
      "cat_0_f1": 0.03162827020695041,
      "cat_1_precision": 0.19024270654572198,
      "cat_1_recall": 0.25909849749582636,
      "cat_1_f1": 0.21939496748657053,
      "cat_2_precision": 0.19364325302567584,
      "cat_2_recall": 0.5934142114384748,
      "cat_2_f1": 0.2920006822445847,
      "cat_3_precision": 0.3963088878096163,
      "cat_3_recall": 0.19052066308662152,
      "cat_3_f1": 0.25733207190160834,
      "cross_entropy": 1.4589063936705176
    },
    {
      "epoch": 2,
      "train_loss": 1.6480396815708704,
      "train_accuracy": 0.23486229410400025,
      "gradient_norm": 0.34754979397569385,
      "learning_rate": 0.001,
      "categorical_accuracy": 0.24279672217816547,
      "ordinal_accuracy": 0.8270552471583399,
      "quadratic_weighted_kappa": 0.277662580771339,
      "mean_absolute_error": 0.9310071371927042,
      "kendall_tau": 0.3536509528636416,
      "spearman_correlation": 0.39111152772900354,
      "cohen_kappa": 0.051942927357109925,
      "cat_0_accuracy": 0.08794526061581807,
      "cat_1_accuracy": 0.7572621035058431,
      "cat_2_accuracy": 0.31993067590987867,
      "cat_3_accuracy": 0.010740135419098762,
      "cat_0_precision": 0.7666666666666667,
      "cat_0_recall": 0.08794526061581807,
      "cat_0_f1": 0.15779021484022387,
      "cat_1_precision": 0.21910926480533283,
      "cat_1_recall": 0.7572621035058431,
      "cat_1_f1": 0.3398771167390979,
      "cat_2_precision": 0.2234866828087167,
      "cat_2_recall": 0.31993067590987867,
      "cat_2_f1": 0.2631503920171062,
      "cat_3_precision": 0.5679012345679012,
      "cat_3_recall": 0.010740135419098762,
      "cat_3_f1": 0.021081576535288724,
      "cross_entropy": 1.3728492669427743
    },
    {
      "epoch": 3,
      "train_loss": 1.5271961518696375,
      "train_accuracy": 0.26773936963510425,
      "gradient_norm": 0.13370228452341898,
      "learning_rate": 0.001,
      "categorical_accuracy": 0.2965900079302141,
      "ordinal_accuracy": 0.8296325667459689,
      "quadratic_weighted_kappa": 0.40578890395061495,
      "mean_absolute_error": 0.8786677240285488,
      "kendall_tau": 0.4503757496551788,
      "spearman_correlation": 0.5070297763859039,
      "cohen_kappa": 0.11169870003854887,
      "cat_0_accuracy": 0.0251559669953713,
      "cat_1_accuracy": 0.34557595993322204,
      "cat_2_accuracy": 0.6325823223570191,
      "cat_3_accuracy": 0.3509222507588139,
      "cat_0_precision": 0.8278145695364238,
      "cat_0_recall": 0.0251559669953713,
      "cat_0_f1": 0.048828125,
      "cat_1_precision": 0.21278782894736842,
      "cat_1_recall": 0.34557595993322204,
      "cat_1_f1": 0.26339228909530477,
      "cat_2_precision": 0.23215875842768097,
      "cat_2_recall": 0.6325823223570191,
      "cat_2_f1": 0.3396612693095105,
      "cat_3_precision": 0.6662234042553191,
      "cat_3_recall": 0.3509222507588139,
      "cat_3_f1": 0.45970331855023705,
      "cross_entropy": 1.3622250105954545
    }
  ],
  "timestamp": "2025-08-18T14:30:24.644041"
}