{
  "config": {
    "dataset": "synthetic_500_200_4",
    "data_dir": "data",
    "device": "cuda",
    "epochs": 3,
    "batch_size": 64,
    "lr": 0.001,
    "patience": 10,
    "hidden_dim": 128,
    "num_layers": 2,
    "dropout": 0.1,
    "n_folds": 5,
    "fold": 1,
    "hyperopt": false,
    "hyperopt_trials": 50,
    "hyperopt_metric": "quadratic_weighted_kappa",
    "output_dir": null,
    "save_model": true,
    "save_results": true,
    "verbose": false,
    "debug": false,
    "seed": 42,
    "resume": null,
    "validate_only": false,
    "save_freq": 5,
    "datasets": null,
    "all": false,
    "exclude": [],
    "parallel": false,
    "max_workers": 4,
    "model": null,
    "models": [
      "attn_gpcm_learn"
    ],
    "loss": "factory",
    "no_cv": false,
    "cv": false,
    "adaptive": true,
    "no_adaptive": false,
    "adaptive_epochs": "5,15,40",
    "adaptive_arch": true,
    "adaptive_learning": true
  },
  "metrics": {
    "epoch": 3,
    "train_loss": 1.4731815201895577,
    "train_accuracy": 0.4388085866437337,
    "gradient_norm": 0.14785140539918626,
    "learning_rate": 0.001,
    "categorical_accuracy": 0.42152944311217694,
    "ordinal_accuracy": 0.7573940847322143,
    "quadratic_weighted_kappa": 0.45442971013678357,
    "mean_absolute_error": 0.8918864908073542,
    "kendall_tau": 0.3924521243480425,
    "spearman_correlation": 0.46021797042285695,
    "cohen_kappa": 0.2134534315054477,
    "cat_0_accuracy": 0.556677181913775,
    "cat_1_accuracy": 0.17401021711366538,
    "cat_2_accuracy": 0.19721050924424263,
    "cat_3_accuracy": 0.6254329539831767,
    "cat_0_precision": 0.5497403946002077,
    "cat_0_recall": 0.556677181913775,
    "cat_0_f1": 0.5531870428422152,
    "cat_1_precision": 0.24885844748858446,
    "cat_1_recall": 0.17401021711366538,
    "cat_1_f1": 0.20481022172115745,
    "cat_2_precision": 0.2331288343558282,
    "cat_2_recall": 0.19721050924424263,
    "cat_2_f1": 0.21367070813565278,
    "cat_3_precision": 0.4682348583070939,
    "cat_3_recall": 0.6254329539831767,
    "cat_3_f1": 0.5355364897786251,
    "cross_entropy": 1.282983686106055,
    "best_epoch": 3,
    "total_epochs": 3,
    "parameters": 170400,
    "model_type": "EnhancedAttentionGPCM"
  },
  "training_history": [
    {
      "epoch": 1,
      "train_loss": 1.9755792617797852,
      "train_accuracy": 0.3150530876856415,
      "gradient_norm": 6.801030486822128,
      "learning_rate": 0.001,
      "categorical_accuracy": 0.39535038635758063,
      "ordinal_accuracy": 0.7397415401012524,
      "quadratic_weighted_kappa": 0.40441508461248177,
      "mean_absolute_error": 0.9465094590993871,
      "kendall_tau": 0.3470297729552701,
      "spearman_correlation": 0.40921248722733217,
      "cohen_kappa": 0.18055551888895338,
      "cat_0_accuracy": 0.4982124079915878,
      "cat_1_accuracy": 0.19604086845466157,
      "cat_2_accuracy": 0.181641258514434,
      "cat_3_accuracy": 0.5917862444334487,
      "cat_0_precision": 0.5385314844282791,
      "cat_0_recall": 0.4982124079915878,
      "cat_0_f1": 0.5175879396984925,
      "cat_1_precision": 0.23551975450709628,
      "cat_1_recall": 0.19604086845466157,
      "cat_1_f1": 0.21397456002787943,
      "cat_2_precision": 0.22653721682847897,
      "cat_2_recall": 0.181641258514434,
      "cat_2_f1": 0.20162016201620162,
      "cat_3_precision": 0.4322370798698952,
      "cat_3_recall": 0.5917862444334487,
      "cat_3_f1": 0.49958228905597324,
      "cross_entropy": 1.3204465766230045
    },
    {
      "epoch": 2,
      "train_loss": 1.4898889064788818,
      "train_accuracy": 0.43083716468759303,
      "gradient_norm": 0.21592622995376587,
      "learning_rate": 0.001,
      "categorical_accuracy": 0.4106048494537703,
      "ordinal_accuracy": 0.7322808419930722,
      "quadratic_weighted_kappa": 0.41615562853353394,
      "mean_absolute_error": 0.94597655209166,
      "kendall_tau": 0.3670790469633234,
      "spearman_correlation": 0.42935849262661674,
      "cohen_kappa": 0.19721603452625247,
      "cat_0_accuracy": 0.510410094637224,
      "cat_1_accuracy": 0.15964240102171137,
      "cat_2_accuracy": 0.15569250729808629,
      "cat_3_accuracy": 0.6820880752102919,
      "cat_0_precision": 0.553225438796444,
      "cat_0_recall": 0.510410094637224,
      "cat_0_f1": 0.5309560271275432,
      "cat_1_precision": 0.24354603019970775,
      "cat_1_recall": 0.15964240102171137,
      "cat_1_f1": 0.19286403085824494,
      "cat_2_precision": 0.22620169651272384,
      "cat_2_recall": 0.15569250729808629,
      "cat_2_f1": 0.1844380403458213,
      "cat_3_precision": 0.4274418604651163,
      "cat_3_recall": 0.6820880752102919,
      "cat_3_f1": 0.5255432710636676,
      "cross_entropy": 1.2925186200501115
    },
    {
      "epoch": 3,
      "train_loss": 1.4731815201895577,
      "train_accuracy": 0.4388085866437337,
      "gradient_norm": 0.14785140539918626,
      "learning_rate": 0.001,
      "categorical_accuracy": 0.42152944311217694,
      "ordinal_accuracy": 0.7573940847322143,
      "quadratic_weighted_kappa": 0.45442971013678357,
      "mean_absolute_error": 0.8918864908073542,
      "kendall_tau": 0.3924521243480425,
      "spearman_correlation": 0.46021797042285695,
      "cohen_kappa": 0.2134534315054477,
      "cat_0_accuracy": 0.556677181913775,
      "cat_1_accuracy": 0.17401021711366538,
      "cat_2_accuracy": 0.19721050924424263,
      "cat_3_accuracy": 0.6254329539831767,
      "cat_0_precision": 0.5497403946002077,
      "cat_0_recall": 0.556677181913775,
      "cat_0_f1": 0.5531870428422152,
      "cat_1_precision": 0.24885844748858446,
      "cat_1_recall": 0.17401021711366538,
      "cat_1_f1": 0.20481022172115745,
      "cat_2_precision": 0.2331288343558282,
      "cat_2_recall": 0.19721050924424263,
      "cat_2_f1": 0.21367070813565278,
      "cat_3_precision": 0.4682348583070939,
      "cat_3_recall": 0.6254329539831767,
      "cat_3_f1": 0.5355364897786251,
      "cross_entropy": 1.282983686106055
    }
  ],
  "timestamp": "2025-08-18T15:35:13.111222"
}