{
  "config": {
    "dataset": "synthetic_500_200_4",
    "data_dir": "data",
    "device": "cuda",
    "epochs": 3,
    "batch_size": 64,
    "lr": 0.001,
    "patience": 10,
    "hidden_dim": 128,
    "num_layers": 2,
    "dropout": 0.1,
    "n_folds": 5,
    "fold": 2,
    "hyperopt": false,
    "hyperopt_trials": 50,
    "hyperopt_metric": "quadratic_weighted_kappa",
    "output_dir": null,
    "save_model": true,
    "save_results": true,
    "verbose": false,
    "debug": false,
    "seed": 42,
    "resume": null,
    "validate_only": false,
    "save_freq": 5,
    "datasets": null,
    "all": false,
    "exclude": [],
    "parallel": false,
    "max_workers": 4,
    "model": null,
    "models": [
      "deep_gpcm"
    ],
    "loss": "factory",
    "no_cv": false,
    "cv": false,
    "adaptive": true,
    "no_adaptive": false,
    "adaptive_epochs": "5,15,40",
    "adaptive_arch": true,
    "adaptive_learning": true
  },
  "metrics": {
    "epoch": 3,
    "train_loss": 1.5886522361210413,
    "train_accuracy": 0.24106628952951042,
    "gradient_norm": 0.06040204795343535,
    "learning_rate": 0.001,
    "categorical_accuracy": 0.252505283250392,
    "ordinal_accuracy": 0.836253323334924,
    "quadratic_weighted_kappa": 0.25602145623609307,
    "mean_absolute_error": 0.9123321289794806,
    "kendall_tau": 0.3171015076733032,
    "spearman_correlation": 0.3490585733300058,
    "cohen_kappa": 0.0520681743936684,
    "cat_0_accuracy": 0.044310171198388724,
    "cat_1_accuracy": 0.7236968340262232,
    "cat_2_accuracy": 0.39562692176289715,
    "cat_3_accuracy": 0.01726027397260274,
    "cat_0_precision": 0.7942238267148014,
    "cat_0_recall": 0.044310171198388724,
    "cat_0_f1": 0.08393742846241893,
    "cat_1_precision": 0.2347266881028939,
    "cat_1_recall": 0.7236968340262232,
    "cat_1_f1": 0.35447994987468673,
    "cat_2_precision": 0.24881822088525998,
    "cat_2_recall": 0.39562692176289715,
    "cat_2_f1": 0.30550059358923626,
    "cat_3_precision": 0.6494845360824743,
    "cat_3_recall": 0.01726027397260274,
    "cat_3_f1": 0.03362690152121697,
    "cross_entropy": 1.377371102649081,
    "best_epoch": 3,
    "total_epochs": 3,
    "parameters": 386075,
    "model_type": "DeepGPCM"
  },
  "training_history": [
    {
      "epoch": 1,
      "train_loss": 2.0188868727002824,
      "train_accuracy": 0.22707165057803944,
      "gradient_norm": 1.9256580386843,
      "learning_rate": 0.001,
      "categorical_accuracy": 0.22135114868089167,
      "ordinal_accuracy": 0.6485104642443248,
      "quadratic_weighted_kappa": 0.05681399510177998,
      "mean_absolute_error": 1.1873338332538006,
      "kendall_tau": 0.07052112658595724,
      "spearman_correlation": 0.08093321327770422,
      "cohen_kappa": 0.009750501382708499,
      "cat_0_accuracy": 0.006243705941591138,
      "cat_1_accuracy": 0.22225775503677647,
      "cat_2_accuracy": 0.5524427741715067,
      "cat_3_accuracy": 0.24767123287671233,
      "cat_0_precision": 0.43661971830985913,
      "cat_0_recall": 0.006243705941591138,
      "cat_0_f1": 0.012311358220810167,
      "cat_1_precision": 0.2163760896637609,
      "cat_1_recall": 0.22225775503677647,
      "cat_1_f1": 0.2192774885628648,
      "cat_2_precision": 0.1956679574056147,
      "cat_2_recall": 0.5524427741715067,
      "cat_2_f1": 0.2889822178536324,
      "cat_3_precision": 0.2895579756566304,
      "cat_3_recall": 0.24767123287671233,
      "cat_3_f1": 0.2669816893089191,
      "cross_entropy": 1.426941935774197
    },
    {
      "epoch": 2,
      "train_loss": 1.7024418456213815,
      "train_accuracy": 0.24070450097847357,
      "gradient_norm": 0.16266478864209993,
      "learning_rate": 0.001,
      "categorical_accuracy": 0.23116776876406026,
      "ordinal_accuracy": 0.7018201649737542,
      "quadratic_weighted_kappa": 0.12707018446162865,
      "mean_absolute_error": 1.0850773740541277,
      "kendall_tau": 0.1628924738328616,
      "spearman_correlation": 0.18385756180447738,
      "cohen_kappa": 0.028685562783798302,
      "cat_0_accuracy": 0.004632426988922457,
      "cat_1_accuracy": 0.230892228973457,
      "cat_2_accuracy": 0.6720191322172874,
      "cat_3_accuracy": 0.18602739726027398,
      "cat_0_precision": 0.6052631578947368,
      "cat_0_recall": 0.004632426988922457,
      "cat_0_f1": 0.009194483310013992,
      "cat_1_precision": 0.21701232341448753,
      "cat_1_recall": 0.230892228973457,
      "cat_1_f1": 0.22373721722962503,
      "cat_2_precision": 0.20330749354005168,
      "cat_2_recall": 0.6720191322172874,
      "cat_2_f1": 0.31217267100460244,
      "cat_3_precision": 0.41682013505217924,
      "cat_3_recall": 0.18602739726027398,
      "cat_3_f1": 0.2572456904716802,
      "cross_entropy": 1.3894646521615868
    },
    {
      "epoch": 3,
      "train_loss": 1.5886522361210413,
      "train_accuracy": 0.24106628952951042,
      "gradient_norm": 0.06040204795343535,
      "learning_rate": 0.001,
      "categorical_accuracy": 0.252505283250392,
      "ordinal_accuracy": 0.836253323334924,
      "quadratic_weighted_kappa": 0.25602145623609307,
      "mean_absolute_error": 0.9123321289794806,
      "kendall_tau": 0.3171015076733032,
      "spearman_correlation": 0.3490585733300058,
      "cohen_kappa": 0.0520681743936684,
      "cat_0_accuracy": 0.044310171198388724,
      "cat_1_accuracy": 0.7236968340262232,
      "cat_2_accuracy": 0.39562692176289715,
      "cat_3_accuracy": 0.01726027397260274,
      "cat_0_precision": 0.7942238267148014,
      "cat_0_recall": 0.044310171198388724,
      "cat_0_f1": 0.08393742846241893,
      "cat_1_precision": 0.2347266881028939,
      "cat_1_recall": 0.7236968340262232,
      "cat_1_f1": 0.35447994987468673,
      "cat_2_precision": 0.24881822088525998,
      "cat_2_recall": 0.39562692176289715,
      "cat_2_f1": 0.30550059358923626,
      "cat_3_precision": 0.6494845360824743,
      "cat_3_recall": 0.01726027397260274,
      "cat_3_f1": 0.03362690152121697,
      "cross_entropy": 1.377371102649081
    }
  ],
  "timestamp": "2025-08-18T14:30:11.768972"
}