{
  "config": {
    "dataset": "synthetic_500_200_4",
    "data_dir": "data",
    "device": "cuda",
    "epochs": 3,
    "batch_size": 64,
    "lr": 0.001,
    "patience": 10,
    "hidden_dim": 128,
    "num_layers": 2,
    "dropout": 0.1,
    "n_folds": 5,
    "fold": 2,
    "hyperopt": false,
    "hyperopt_trials": 50,
    "hyperopt_metric": "quadratic_weighted_kappa",
    "output_dir": null,
    "save_model": true,
    "save_results": true,
    "verbose": false,
    "debug": false,
    "seed": 42,
    "resume": null,
    "validate_only": false,
    "save_freq": 5,
    "datasets": null,
    "all": false,
    "exclude": [],
    "parallel": false,
    "max_workers": 4,
    "model": null,
    "models": [
      "attn_gpcm_linear"
    ],
    "loss": "factory",
    "no_cv": false,
    "cv": false,
    "adaptive": true,
    "no_adaptive": false,
    "adaptive_epochs": "5,15,40",
    "adaptive_arch": true,
    "adaptive_learning": true
  },
  "metrics": {
    "epoch": 3,
    "train_loss": 1.5350978204182215,
    "train_accuracy": 0.30488907891923894,
    "gradient_norm": 0.3771843229021345,
    "learning_rate": 0.001,
    "categorical_accuracy": 0.32401663371736317,
    "ordinal_accuracy": 0.7476992296680074,
    "quadratic_weighted_kappa": 0.355483796513126,
    "mean_absolute_error": 0.979071511350467,
    "kendall_tau": 0.3832632985024187,
    "spearman_correlation": 0.4428533573972417,
    "cohen_kappa": 0.1250997525244797,
    "cat_0_accuracy": 0.11540785498489425,
    "cat_1_accuracy": 0.25487687879756954,
    "cat_2_accuracy": 0.39972668261018107,
    "cat_3_accuracy": 0.6063013698630138,
    "cat_0_precision": 0.7308673469387755,
    "cat_0_recall": 0.11540785498489425,
    "cat_0_f1": 0.1993390154809532,
    "cat_1_precision": 0.22571509487397337,
    "cat_1_recall": 0.25487687879756954,
    "cat_1_f1": 0.23941123460498648,
    "cat_2_precision": 0.2224334600760456,
    "cat_2_recall": 0.39972668261018107,
    "cat_2_f1": 0.28581898131183586,
    "cat_3_precision": 0.43443266588142915,
    "cat_3_recall": 0.6063013698630138,
    "cat_3_f1": 0.5061756633119854,
    "cross_entropy": 1.3614149331538674,
    "best_epoch": 3,
    "total_epochs": 3,
    "parameters": 217179,
    "model_type": "OrdinalAttentionGPCM"
  },
  "training_history": [
    {
      "epoch": 1,
      "train_loss": 0.3293841566358294,
      "train_accuracy": 0.31112949937939594,
      "gradient_norm": 62.99591990879604,
      "learning_rate": 0.001,
      "categorical_accuracy": 0.22510055218487968,
      "ordinal_accuracy": 0.6107437453132456,
      "quadratic_weighted_kappa": 0.02467242721231766,
      "mean_absolute_error": 1.285909059922285,
      "kendall_tau": 0.028930435920699448,
      "spearman_correlation": 0.03363375310353653,
      "cohen_kappa": 0.0011170318722593109,
      "cat_0_accuracy": 0.03444108761329305,
      "cat_1_accuracy": 0.19763351455068756,
      "cat_2_accuracy": 0.40143491629654937,
      "cat_3_accuracy": 0.3665753424657534,
      "cat_0_precision": 0.3741794310722101,
      "cat_0_recall": 0.03444108761329305,
      "cat_0_f1": 0.06307635558834379,
      "cat_1_precision": 0.20490716180371352,
      "cat_1_recall": 0.19763351455068756,
      "cat_1_f1": 0.20120462314829887,
      "cat_2_precision": 0.1968833780160858,
      "cat_2_recall": 0.40143491629654937,
      "cat_2_f1": 0.2641933670601461,
      "cat_3_precision": 0.25592960979342005,
      "cat_3_recall": 0.3665753424657534,
      "cat_3_f1": 0.3014192385672449,
      "cross_entropy": 1.5498792783082733
    },
    {
      "epoch": 2,
      "train_loss": 1.7073315722601754,
      "train_accuracy": 0.24124718380502885,
      "gradient_norm": 2.1790769589798793,
      "learning_rate": 0.001,
      "categorical_accuracy": 0.2548230963255846,
      "ordinal_accuracy": 0.673461040289045,
      "quadratic_weighted_kappa": 0.18093904728405852,
      "mean_absolute_error": 1.1244801963324016,
      "kendall_tau": 0.23135786411336384,
      "spearman_correlation": 0.2652485474190391,
      "cohen_kappa": 0.04719536143572367,
      "cat_0_accuracy": 0.02094662638469285,
      "cat_1_accuracy": 0.17780620402942118,
      "cat_2_accuracy": 0.5093952852750256,
      "cat_3_accuracy": 0.4347945205479452,
      "cat_0_precision": 0.48826291079812206,
      "cat_0_recall": 0.02094662638469285,
      "cat_0_f1": 0.04016994978756277,
      "cat_1_precision": 0.20823970037453182,
      "cat_1_recall": 0.17780620402942118,
      "cat_1_f1": 0.1918233569087459,
      "cat_2_precision": 0.19474921630094044,
      "cat_2_recall": 0.5093952852750256,
      "cat_2_f1": 0.28177265425682696,
      "cat_3_precision": 0.3842615012106538,
      "cat_3_recall": 0.4347945205479452,
      "cat_3_f1": 0.40796915167095116,
      "cross_entropy": 1.3871687666509254
    },
    {
      "epoch": 3,
      "train_loss": 1.5350978204182215,
      "train_accuracy": 0.30488907891923894,
      "gradient_norm": 0.3771843229021345,
      "learning_rate": 0.001,
      "categorical_accuracy": 0.32401663371736317,
      "ordinal_accuracy": 0.7476992296680074,
      "quadratic_weighted_kappa": 0.355483796513126,
      "mean_absolute_error": 0.979071511350467,
      "kendall_tau": 0.3832632985024187,
      "spearman_correlation": 0.4428533573972417,
      "cohen_kappa": 0.1250997525244797,
      "cat_0_accuracy": 0.11540785498489425,
      "cat_1_accuracy": 0.25487687879756954,
      "cat_2_accuracy": 0.39972668261018107,
      "cat_3_accuracy": 0.6063013698630138,
      "cat_0_precision": 0.7308673469387755,
      "cat_0_recall": 0.11540785498489425,
      "cat_0_f1": 0.1993390154809532,
      "cat_1_precision": 0.22571509487397337,
      "cat_1_recall": 0.25487687879756954,
      "cat_1_f1": 0.23941123460498648,
      "cat_2_precision": 0.2224334600760456,
      "cat_2_recall": 0.39972668261018107,
      "cat_2_f1": 0.28581898131183586,
      "cat_3_precision": 0.43443266588142915,
      "cat_3_recall": 0.6063013698630138,
      "cat_3_f1": 0.5061756633119854,
      "cross_entropy": 1.3614149331538674
    }
  ],
  "timestamp": "2025-08-18T16:57:46.892926"
}