{
  "config": {
    "dataset": "synthetic_500_200_4",
    "data_dir": "data",
    "device": "cuda",
    "epochs": 1,
    "batch_size": 64,
    "lr": 0.001,
    "patience": 10,
    "hidden_dim": 128,
    "num_layers": 2,
    "dropout": 0.1,
    "n_folds": 3,
    "fold": 3,
    "hyperopt": false,
    "hyperopt_trials": 50,
    "hyperopt_metric": "quadratic_weighted_kappa",
    "output_dir": null,
    "save_model": true,
    "save_results": true,
    "verbose": false,
    "debug": false,
    "seed": 42,
    "resume": null,
    "validate_only": false,
    "save_freq": 5,
    "datasets": null,
    "all": false,
    "exclude": [],
    "parallel": false,
    "max_workers": 4,
    "model": "deep_gpcm",
    "models": null,
    "loss": "factory",
    "no_cv": false,
    "cv": false
  },
  "metrics": {
    "epoch": 1,
    "train_loss": 1.0375961065292358,
    "train_accuracy": 0.31214483679939387,
    "gradient_norm": 0.17001702263951302,
    "learning_rate": 0.001,
    "categorical_accuracy": 0.38779861796643633,
    "ordinal_accuracy": 0.6899506416584402,
    "quadratic_weighted_kappa": 0.3265578439625557,
    "mean_absolute_error": 1.0395656465942744,
    "kendall_tau": 0.2841905590432,
    "spearman_correlation": 0.3320119865966736,
    "cohen_kappa": 0.15124965079514519,
    "cat_0_accuracy": 0.6554426349944901,
    "cat_1_accuracy": 0.11868256672345258,
    "cat_2_accuracy": 0.12880108464071277,
    "cat_3_accuracy": 0.4731823599523242,
    "cat_0_precision": 0.4435330184770901,
    "cat_0_recall": 0.6554426349944901,
    "cat_0_f1": 0.5290571259142123,
    "cat_1_precision": 0.22424892703862662,
    "cat_1_recall": 0.11868256672345258,
    "cat_1_f1": 0.1552172298551801,
    "cat_2_precision": 0.21465461588121368,
    "cat_2_recall": 0.12880108464071277,
    "cat_2_f1": 0.16099745793487472,
    "cat_3_precision": 0.4314045096441185,
    "cat_3_recall": 0.4731823599523242,
    "cat_3_f1": 0.4513286912036379,
    "cross_entropy": 1.3223196032056899,
    "best_epoch": 1,
    "total_epochs": 1,
    "parameters": 278555,
    "model_type": "DeepGPCM"
  },
  "training_history": [
    {
      "epoch": 1,
      "train_loss": 1.0375961065292358,
      "train_accuracy": 0.31214483679939387,
      "gradient_norm": 0.17001702263951302,
      "learning_rate": 0.001,
      "categorical_accuracy": 0.38779861796643633,
      "ordinal_accuracy": 0.6899506416584402,
      "quadratic_weighted_kappa": 0.3265578439625557,
      "mean_absolute_error": 1.0395656465942744,
      "kendall_tau": 0.2841905590432,
      "spearman_correlation": 0.3320119865966736,
      "cohen_kappa": 0.15124965079514519,
      "cat_0_accuracy": 0.6554426349944901,
      "cat_1_accuracy": 0.11868256672345258,
      "cat_2_accuracy": 0.12880108464071277,
      "cat_3_accuracy": 0.4731823599523242,
      "cat_0_precision": 0.4435330184770901,
      "cat_0_recall": 0.6554426349944901,
      "cat_0_f1": 0.5290571259142123,
      "cat_1_precision": 0.22424892703862662,
      "cat_1_recall": 0.11868256672345258,
      "cat_1_f1": 0.1552172298551801,
      "cat_2_precision": 0.21465461588121368,
      "cat_2_recall": 0.12880108464071277,
      "cat_2_f1": 0.16099745793487472,
      "cat_3_precision": 0.4314045096441185,
      "cat_3_recall": 0.4731823599523242,
      "cat_3_f1": 0.4513286912036379,
      "cross_entropy": 1.3223196032056899
    }
  ],
  "timestamp": "2025-08-14T00:30:04.305297"
}