{
  "config": {
    "model": "coral_gpcm_proper",
    "models": null,
    "dataset": "synthetic_OC",
    "epochs": 5,
    "batch_size": 64,
    "lr": 0.001,
    "n_folds": 5,
    "no_cv": false,
    "seed": 42,
    "device": null,
    "loss": "combined",
    "ce_weight": 0.0,
    "qwk_weight": 0.2,
    "coral_weight": 0.4,
    "focal_gamma": 2.0,
    "focal_alpha": null,
    "focal_weight": 0.4,
    "triple_coral": false,
    "triple_ce_weight": 0.33,
    "triple_qwk_weight": 0.33,
    "triple_coral_weight": 0.34,
    "enable_threshold_coupling": false,
    "coupling_type": "linear",
    "threshold_gpcm_weight": 0.7,
    "threshold_coral_weight": 0.3,
    "fold": 1
  },
  "metrics": {
    "epoch": 5,
    "train_loss": 0.3538576917988913,
    "train_accuracy": 0.5015049780041676,
    "gradient_norm": 0.30316596797534395,
    "learning_rate": 0.001,
    "categorical_accuracy": 0.49074074074074076,
    "ordinal_accuracy": 0.8242073008260059,
    "quadratic_weighted_kappa": 0.5970310279436656,
    "mean_absolute_error": 0.7239541699973354,
    "kendall_tau": 0.5164652071469854,
    "spearman_correlation": 0.5981207683698285,
    "cohen_kappa": 0.3039144518645809,
    "cat_0_accuracy": 0.699894847528917,
    "cat_1_accuracy": 0.21966794380587484,
    "cat_2_accuracy": 0.20499513460914692,
    "cat_3_accuracy": 0.6726867887184562,
    "cat_0_precision": 0.5884016973125884,
    "cat_0_recall": 0.699894847528917,
    "cat_0_f1": 0.6393237921429258,
    "cat_1_precision": 0.2863087806908032,
    "cat_1_recall": 0.21966794380587484,
    "cat_1_f1": 0.24859981933152664,
    "cat_2_precision": 0.29727187206020694,
    "cat_2_recall": 0.20499513460914692,
    "cat_2_f1": 0.2426569399116913,
    "cat_3_precision": 0.563289828050549,
    "cat_3_recall": 0.6726867887184562,
    "cat_3_f1": 0.6131469162250536,
    "cross_entropy": 1.1234317626252937,
    "best_epoch": 5,
    "total_epochs": 5,
    "parameters": 281258,
    "model_type": "CORALGPCM"
  },
  "training_history": [
    {
      "epoch": 1,
      "train_loss": 0.5391961421285357,
      "train_accuracy": 0.37095227069758213,
      "gradient_norm": 0.1782658909048353,
      "learning_rate": 0.001,
      "categorical_accuracy": 0.4383826272315481,
      "ordinal_accuracy": 0.6799227284838796,
      "quadratic_weighted_kappa": 0.3808184091695319,
      "mean_absolute_error": 1.0260458300026645,
      "kendall_tau": 0.35689603384027463,
      "spearman_correlation": 0.39195464501117716,
      "cohen_kappa": 0.20349358268088302,
      "cat_0_accuracy": 0.786540483701367,
      "cat_1_accuracy": 0.005108556832694764,
      "cat_2_accuracy": 0.006487187804086928,
      "cat_3_accuracy": 0.6939633844631371,
      "cat_0_precision": 0.4493572029316352,
      "cat_0_recall": 0.786540483701367,
      "cat_0_f1": 0.5719528979966356,
      "cat_1_precision": 0.16,
      "cat_1_recall": 0.005108556832694764,
      "cat_1_f1": 0.009900990099009901,
      "cat_2_precision": 0.30303030303030304,
      "cat_2_recall": 0.006487187804086928,
      "cat_2_f1": 0.012702445220704985,
      "cat_3_precision": 0.4300168634064081,
      "cat_3_recall": 0.6939633844631371,
      "cat_3_f1": 0.5309985802177,
      "cross_entropy": 1.282696078986988
    },
    {
      "epoch": 2,
      "train_loss": 0.45172819069453646,
      "train_accuracy": 0.4674693216022227,
      "gradient_norm": 0.2534788229635784,
      "learning_rate": 0.001,
      "categorical_accuracy": 0.45869970690114575,
      "ordinal_accuracy": 0.7238209432454037,
      "quadratic_weighted_kappa": 0.4473561659613974,
      "mean_absolute_error": 0.9291233679722888,
      "kendall_tau": 0.41132131454979626,
      "spearman_correlation": 0.4602942597611199,
      "cohen_kappa": 0.2361877685239202,
      "cat_0_accuracy": 0.8199789695057834,
      "cat_1_accuracy": 0.06321839080459771,
      "cat_2_accuracy": 0.024975673045734673,
      "cat_3_accuracy": 0.6709549727857497,
      "cat_0_precision": 0.4672818791946309,
      "cat_0_recall": 0.8199789695057834,
      "cat_0_f1": 0.5953126192839148,
      "cat_1_precision": 0.25384615384615383,
      "cat_1_recall": 0.06321839080459771,
      "cat_1_f1": 0.10122699386503067,
      "cat_2_precision": 0.27697841726618705,
      "cat_2_recall": 0.024975673045734673,
      "cat_2_f1": 0.045819696518893185,
      "cat_3_precision": 0.4834224598930481,
      "cat_3_recall": 0.6709549727857497,
      "cat_3_f1": 0.5619560712805636,
      "cross_entropy": 1.2267694496886017
    },
    {
      "epoch": 3,
      "train_loss": 0.4119703045913151,
      "train_accuracy": 0.47970760427347603,
      "gradient_norm": 0.3600086516567639,
      "learning_rate": 0.001,
      "categorical_accuracy": 0.4573674393818279,
      "ordinal_accuracy": 0.7958966160405009,
      "quadratic_weighted_kappa": 0.5273983875501381,
      "mean_absolute_error": 0.7977617905675459,
      "kendall_tau": 0.4620353483300188,
      "spearman_correlation": 0.5374443322780582,
      "cohen_kappa": 0.25698963290396437,
      "cat_0_accuracy": 0.7274447949526814,
      "cat_1_accuracy": 0.2136015325670498,
      "cat_2_accuracy": 0.19721050924424263,
      "cat_3_accuracy": 0.5269668480950025,
      "cat_0_precision": 0.534703972793322,
      "cat_0_recall": 0.7274447949526814,
      "cat_0_f1": 0.6163578047042053,
      "cat_1_precision": 0.2494407158836689,
      "cat_1_recall": 0.2136015325670498,
      "cat_1_f1": 0.2301341589267286,
      "cat_2_precision": 0.2810910772075821,
      "cat_2_recall": 0.19721050924424263,
      "cat_2_f1": 0.23179565383149067,
      "cat_3_precision": 0.5759870200108167,
      "cat_3_recall": 0.5269668480950025,
      "cat_3_f1": 0.5503875968992248,
      "cross_entropy": 1.1919399397816597
    },
    {
      "epoch": 4,
      "train_loss": 0.3867223220212119,
      "train_accuracy": 0.484321767604935,
      "gradient_norm": 0.35219631769827436,
      "learning_rate": 0.001,
      "categorical_accuracy": 0.4680921929123368,
      "ordinal_accuracy": 0.8228084199307221,
      "quadratic_weighted_kappa": 0.568850968292163,
      "mean_absolute_error": 0.7474020783373302,
      "kendall_tau": 0.4902035565340449,
      "spearman_correlation": 0.5706367258090274,
      "cohen_kappa": 0.27708661397188605,
      "cat_0_accuracy": 0.679074658254469,
      "cat_1_accuracy": 0.2474457215836526,
      "cat_2_accuracy": 0.24554005838469023,
      "cat_3_accuracy": 0.5606135576447303,
      "cat_0_precision": 0.5739424102381799,
      "cat_0_recall": 0.679074658254469,
      "cat_0_f1": 0.6220980637703497,
      "cat_1_precision": 0.2693778241223497,
      "cat_1_recall": 0.2474457215836526,
      "cat_1_f1": 0.25794641371276417,
      "cat_2_precision": 0.2871775417298938,
      "cat_2_recall": 0.24554005838469023,
      "cat_2_f1": 0.2647315964329428,
      "cat_3_precision": 0.5850761683449522,
      "cat_3_recall": 0.5606135576447303,
      "cat_3_f1": 0.5725837018319646,
      "cross_entropy": 1.1581377400796693
    },
    {
      "epoch": 5,
      "train_loss": 0.3538576917988913,
      "train_accuracy": 0.5015049780041676,
      "gradient_norm": 0.30316596797534395,
      "learning_rate": 0.001,
      "categorical_accuracy": 0.49074074074074076,
      "ordinal_accuracy": 0.8242073008260059,
      "quadratic_weighted_kappa": 0.5970310279436656,
      "mean_absolute_error": 0.7239541699973354,
      "kendall_tau": 0.5164652071469854,
      "spearman_correlation": 0.5981207683698285,
      "cohen_kappa": 0.3039144518645809,
      "cat_0_accuracy": 0.699894847528917,
      "cat_1_accuracy": 0.21966794380587484,
      "cat_2_accuracy": 0.20499513460914692,
      "cat_3_accuracy": 0.6726867887184562,
      "cat_0_precision": 0.5884016973125884,
      "cat_0_recall": 0.699894847528917,
      "cat_0_f1": 0.6393237921429258,
      "cat_1_precision": 0.2863087806908032,
      "cat_1_recall": 0.21966794380587484,
      "cat_1_f1": 0.24859981933152664,
      "cat_2_precision": 0.29727187206020694,
      "cat_2_recall": 0.20499513460914692,