{
  "config": {
    "model": "deep_gpcm",
    "models": null,
    "dataset": "synthetic_OC",
    "epochs": 1,
    "batch_size": 64,
    "lr": 0.001,
    "n_folds": 0,
    "no_cv": false,
    "seed": 42,
    "device": null,
    "loss": "focal",
    "ce_weight": 0.4,
    "qwk_weight": 0.2,
    "coral_weight": 0.4,
    "focal_gamma": 2.0,
    "focal_alpha": null,
    "focal_weight": 0.0,
    "triple_coral": false,
    "triple_ce_weight": 0.33,
    "triple_qwk_weight": 0.33,
    "triple_coral_weight": 0.34,
    "enable_threshold_coupling": false,
    "coupling_type": "linear",
    "threshold_gpcm_weight": 0.7,
    "threshold_coral_weight": 0.3
  },
  "metrics": {
    "epoch": 1,
    "train_loss": 0.779725696359362,
    "train_accuracy": 0.30334696851762916,
    "gradient_norm": 0.3422019151704652,
    "learning_rate": 0.001,
    "categorical_accuracy": 0.40417356740642596,
    "ordinal_accuracy": 0.7124875786684333,
    "quadratic_weighted_kappa": 0.3391440336005611,
    "mean_absolute_error": 0.9954289499834382,
    "kendall_tau": 0.3085468517055337,
    "spearman_correlation": 0.357776616040406,
    "cohen_kappa": 0.15964876717731336,
    "cat_0_accuracy": 0.7414324220254139,
    "cat_1_accuracy": 0.14467668190725017,
    "cat_2_accuracy": 0.13804828289697382,
    "cat_3_accuracy": 0.3594150846587994,
    "cat_0_precision": 0.46026054738855027,
    "cat_0_recall": 0.7414324220254139,
    "cat_0_f1": 0.5679522159132807,
    "cat_1_precision": 0.2126740278444551,
    "cat_1_recall": 0.14467668190725017,
    "cat_1_f1": 0.17220602526724976,
    "cat_2_precision": 0.23687281213535588,
    "cat_2_recall": 0.13804828289697382,
    "cat_2_f1": 0.17443609022556392,
    "cat_3_precision": 0.4779938587512794,
    "cat_3_recall": 0.3594150846587994,
    "cat_3_f1": 0.4103089764240738,
    "cross_entropy": 1.3194744862033765,
    "best_epoch": 1,
    "total_epochs": 1,
    "parameters": 278555,
    "model_type": "DeepGPCM"
  },
  "training_history": [
    {
      "epoch": 1,
      "train_loss": 0.779725696359362,
      "train_accuracy": 0.30334696851762916,
      "gradient_norm": 0.3422019151704652,
      "learning_rate": 0.001,
      "categorical_accuracy": 0.40417356740642596,
      "ordinal_accuracy": 0.7124875786684333,
      "quadratic_weighted_kappa": 0.3391440336005611,
      "mean_absolute_error": 0.9954289499834382,
      "kendall_tau": 0.3085468517055337,
      "spearman_correlation": 0.357776616040406,
      "cohen_kappa": 0.15964876717731336,
      "cat_0_accuracy": 0.7414324220254139,
      "cat_1_accuracy": 0.14467668190725017,
      "cat_2_accuracy": 0.13804828289697382,
      "cat_3_accuracy": 0.3594150846587994,
      "cat_0_precision": 0.46026054738855027,
      "cat_0_recall": 0.7414324220254139,
      "cat_0_f1": 0.5679522159132807,
      "cat_1_precision": 0.2126740278444551,
      "cat_1_recall": 0.14467668190725017,
      "cat_1_f1": 0.17220602526724976,
      "cat_2_precision": 0.23687281213535588,
      "cat_2_recall": 0.13804828289697382,
      "cat_2_f1": 0.17443609022556392,
      "cat_3_precision": 0.4779938587512794,
      "cat_3_recall": 0.3594150846587994,
      "cat_3_f1": 0.4103089764240738,
      "cross_entropy": 1.3194744862033765
    }
  ],
  "timestamp": "2025-08-01T22:32:09.732860"
}