{
  "config": {
    "model": "deep_gpcm",
    "models": null,
    "dataset": "synthetic_4000_200_3",
    "epochs": 3,
    "batch_size": 64,
    "lr": 0.001,
    "n_folds": 0,
    "no_cv": false,
    "seed": 42,
    "device": null,
    "loss": "ce",
    "ce_weight": 0.4,
    "qwk_weight": 0.2,
    "emd_weight": 0.0,
    "coral_weight": 0.4,
    "triple_coral": false,
    "triple_ce_weight": 0.33,
    "triple_qwk_weight": 0.33,
    "triple_coral_weight": 0.34,
    "enable_threshold_coupling": false,
    "coupling_type": "linear",
    "threshold_gpcm_weight": 0.7,
    "threshold_coral_weight": 0.3
  },
  "metrics": {
    "epoch": 3,
    "train_loss": 0.8420281076431274,
    "train_accuracy": 0.5999164366780453,
    "gradient_norm": 0.12023674458265304,
    "learning_rate": 0.001,
    "categorical_accuracy": 0.6052673330160241,
    "ordinal_accuracy": 0.8923641803222955,
    "quadratic_weighted_kappa": 0.5656312980022579,
    "mean_absolute_error": 0.5023684866616803,
    "kendall_tau": 0.5277529170184873,
    "spearman_correlation": 0.5700422144055095,
    "cohen_kappa": 0.3836560943888949,
    "cat_0_accuracy": 0.7766022797078698,
    "cat_1_accuracy": 0.09217577706323687,
    "cat_2_accuracy": 0.8193875785710166,
    "cat_0_precision": 0.6036074270557029,
    "cat_0_recall": 0.7766022797078698,
    "cat_0_f1": 0.679263305572968,
    "cat_1_precision": 0.4030281182408075,
    "cat_1_recall": 0.09217577706323687,
    "cat_1_f1": 0.1500369053210763,
    "cat_2_precision": 0.631595323820954,
    "cat_2_recall": 0.8193875785710166,
    "cat_2_f1": 0.7133390230433254,
    "cross_entropy": 0.8320994518668371,
    "best_epoch": 3,
    "total_epochs": 3,
    "parameters": 238504,
    "model_type": "DeepGPCM"
  },
  "training_history": [
    {
      "epoch": 1,
      "train_loss": 0.9750507497787475,
      "train_accuracy": 0.5146591099653525,
      "gradient_norm": 0.1691171695291996,
      "learning_rate": 0.001,
      "categorical_accuracy": 0.5904217946102763,
      "ordinal_accuracy": 0.8753994696403073,
      "quadratic_weighted_kappa": 0.5316137075450673,
      "mean_absolute_error": 0.5341787357494163,
      "kendall_tau": 0.4986930652687184,
      "spearman_correlation": 0.5364571897132732,
      "cohen_kappa": 0.3593791435819774,
      "cat_0_accuracy": 0.775373694628353,
      "cat_1_accuracy": 0.06270096463022508,
      "cat_2_accuracy": 0.8032697076293178,
      "cat_0_precision": 0.5789125006370076,
      "cat_0_recall": 0.775373694628353,
      "cat_0_f1": 0.6628931551613468,
      "cat_1_precision": 0.38692444670567283,
      "cat_1_recall": 0.06270096463022508,
      "cat_1_f1": 0.10791443470857427,
      "cat_2_precision": 0.6181959391989349,
      "cat_2_recall": 0.8032697076293178,
      "cat_2_f1": 0.6986845900159253,
      "cross_entropy": 0.8695623823259325
    },
    {
      "epoch": 2,
      "train_loss": 0.8555892670154571,
      "train_accuracy": 0.5938907821697472,
      "gradient_norm": 0.19568861655890943,
      "learning_rate": 0.001,
      "categorical_accuracy": 0.6002810453072234,
      "ordinal_accuracy": 0.8864599623761927,
      "quadratic_weighted_kappa": 0.554805128229238,
      "mean_absolute_error": 0.5132589923165839,
      "kendall_tau": 0.519062429216035,
      "spearman_correlation": 0.559531733525311,
      "cohen_kappa": 0.3752779979867782,
      "cat_0_accuracy": 0.7798102518599414,
      "cat_1_accuracy": 0.07601615961744579,
      "cat_2_accuracy": 0.8152932356842166,
      "cat_0_precision": 0.5935527443696912,
      "cat_0_recall": 0.7798102518599414,
      "cat_0_f1": 0.6740512396938008,
      "cat_1_precision": 0.39376468076019644,
      "cat_1_recall": 0.07601615961744579,
      "cat_1_f1": 0.12743167133132927,
      "cat_2_precision": 0.627491012382939,
      "cat_2_recall": 0.8152932356842166,
      "cat_2_f1": 0.709169341894061,
      "cross_entropy": 0.8413161419381283
    },
    {
      "epoch": 3,
      "train_loss": 0.8420281076431274,
      "train_accuracy": 0.5999164366780453,
      "gradient_norm": 0.12023674458265304,
      "learning_rate": 0.001,
      "categorical_accuracy": 0.6052673330160241,
      "ordinal_accuracy": 0.8923641803222955,
      "quadratic_weighted_kappa": 0.5656312980022579,
      "mean_absolute_error": 0.5023684866616803,
      "kendall_tau": 0.5277529170184873,
      "spearman_correlation": 0.5700422144055095,
      "cohen_kappa": 0.3836560943888949,
      "cat_0_accuracy": 0.7766022797078698,
      "cat_1_accuracy": 0.09217577706323687,
      "cat_2_accuracy": 0.8193875785710166,
      "cat_0_precision": 0.6036074270557029,
      "cat_0_recall": 0.7766022797078698,
      "cat_0_f1": 0.679263305572968,
      "cat_1_precision": 0.4030281182408075,
      "cat_1_recall": 0.09217577706323687,
      "cat_1_f1": 0.1500369053210763,
      "cat_2_precision": 0.631595323820954,
      "cat_2_recall": 0.8193875785710166,
      "cat_2_f1": 0.7133390230433254,
      "cross_entropy": 0.8320994518668371
    }
  ],
  "timestamp": "2025-08-01T15:27:33.173493"
}